"study","scenario","true_b2","n","n_reps","cmv_prop","same_source","measurement_key","measurement_profile","measurement_mode","power_X2","type2_rate_X2","type1_rate_X2","mean_b_X2_tmgt","bias_b_X2"
"ambiversion_power","grant_ambivert",-0.14,340,1000,0,TRUE,"grant","Cumulative (Grant 4-item, alpha ~ .85)","cumulative",0.554,0.446,NA,-0.114310151731269,0.0256898482687306
"ambiversion_power","grant_ambivert",-0.14,340,1000,0.25,TRUE,"grant","Cumulative (Grant 4-item, alpha ~ .85)","cumulative",0.256,0.744,NA,-0.061817694698233,0.078182305301767
"ambiversion_power","grant_ambivert",-0.14,340,1000,0.5,TRUE,"grant","Cumulative (Grant 4-item, alpha ~ .85)","cumulative",0.169,0.831,NA,-0.0366441226319943,0.103355877368006
"ambiversion_power","grant_ambivert",-0.14,500,1000,0,TRUE,"grant","Cumulative (Grant 4-item, alpha ~ .85)","cumulative",0.713,0.287,NA,-0.112939913079898,0.027060086920102
"ambiversion_power","grant_ambivert",-0.14,500,1000,0.25,TRUE,"grant","Cumulative (Grant 4-item, alpha ~ .85)","cumulative",0.395,0.605,NA,-0.0624124581699908,0.0775875418300092
"ambiversion_power","grant_ambivert",-0.14,500,1000,0.5,TRUE,"grant","Cumulative (Grant 4-item, alpha ~ .85)","cumulative",0.22,0.78,NA,-0.0389323401146867,0.101067659885313
"ambiversion_power","grant_ambivert",-0.14,750,1000,0,TRUE,"grant","Cumulative (Grant 4-item, alpha ~ .85)","cumulative",0.855,0.145,NA,-0.110706419728678,0.0292935802713219
"ambiversion_power","grant_ambivert",-0.14,750,1000,0.25,TRUE,"grant","Cumulative (Grant 4-item, alpha ~ .85)","cumulative",0.511,0.489,NA,-0.0606474751900838,0.0793525248099162
"ambiversion_power","grant_ambivert",-0.14,750,1000,0.5,TRUE,"grant","Cumulative (Grant 4-item, alpha ~ .85)","cumulative",0.304,0.696,NA,-0.0384300947135367,0.101569905286463
"ambiversion_power","grant_ambivert",-0.14,1000,1000,0,TRUE,"grant","Cumulative (Grant 4-item, alpha ~ .85)","cumulative",0.939,0.0610000000000001,NA,-0.110991766146108,0.0290082338538918
"ambiversion_power","grant_ambivert",-0.14,1000,1000,0.25,TRUE,"grant","Cumulative (Grant 4-item, alpha ~ .85)","cumulative",0.616,0.384,NA,-0.0609934105073283,0.0790065894926717
"ambiversion_power","grant_ambivert",-0.14,1000,1000,0.5,TRUE,"grant","Cumulative (Grant 4-item, alpha ~ .85)","cumulative",0.333,0.667,NA,-0.0374801890036031,0.102519810996397
"ambiversion_power","grant_ambivert",-0.14,1500,1000,0,TRUE,"grant","Cumulative (Grant 4-item, alpha ~ .85)","cumulative",0.992,0.00800000000000001,NA,-0.113019051181785,0.0269809488182149
"ambiversion_power","grant_ambivert",-0.14,1500,1000,0.25,TRUE,"grant","Cumulative (Grant 4-item, alpha ~ .85)","cumulative",0.823,0.177,NA,-0.0621436889545934,0.0778563110454067
"ambiversion_power","grant_ambivert",-0.14,1500,1000,0.5,TRUE,"grant","Cumulative (Grant 4-item, alpha ~ .85)","cumulative",0.525,0.475,NA,-0.0392843354667744,0.100715664533226
"ambiversion_power","grant_ambivert",-0.14,2000,1000,0,TRUE,"grant","Cumulative (Grant 4-item, alpha ~ .85)","cumulative",1,0,NA,-0.112516615102236,0.027483384897764
"ambiversion_power","grant_ambivert",-0.14,2000,1000,0.25,TRUE,"grant","Cumulative (Grant 4-item, alpha ~ .85)","cumulative",0.9,0.1,NA,-0.0602394707047132,0.0797605292952868
"ambiversion_power","grant_ambivert",-0.14,2000,1000,0.5,TRUE,"grant","Cumulative (Grant 4-item, alpha ~ .85)","cumulative",0.613,0.387,NA,-0.0376399757413252,0.102360024258675
"ambiversion_power","grant_ambivert",-0.14,3000,1000,0,TRUE,"grant","Cumulative (Grant 4-item, alpha ~ .85)","cumulative",1,0,NA,-0.11371095998001,0.0262890400199897
"ambiversion_power","grant_ambivert",-0.14,3000,1000,0.25,TRUE,"grant","Cumulative (Grant 4-item, alpha ~ .85)","cumulative",0.972,0.028,NA,-0.0612933794946829,0.0787066205053171
"ambiversion_power","grant_ambivert",-0.14,3000,1000,0.5,TRUE,"grant","Cumulative (Grant 4-item, alpha ~ .85)","cumulative",0.817,0.183,NA,-0.0386538379060183,0.101346162093982
"ambiversion_power","grant_ambivert",-0.14,5000,1000,0,TRUE,"grant","Cumulative (Grant 4-item, alpha ~ .85)","cumulative",1,0,NA,-0.112211301725616,0.0277886982743838
"ambiversion_power","grant_ambivert",-0.14,5000,1000,0.25,TRUE,"grant","Cumulative (Grant 4-item, alpha ~ .85)","cumulative",0.999,0.001,NA,-0.0618051240820687,0.0781948759179313
"ambiversion_power","grant_ambivert",-0.14,5000,1000,0.5,TRUE,"grant","Cumulative (Grant 4-item, alpha ~ .85)","cumulative",0.954,0.046,NA,-0.0385204097387674,0.101479590261233
"ambiversion_power","grant_ambivert",-0.14,340,1000,0,TRUE,"unfolding_midrange","Unfolding ideal-point (midrange tau = 0)","unfolding_midrange",0.072,0.928,NA,-0.0291602902316641,0.110839709768336
"ambiversion_power","grant_ambivert",-0.14,340,1000,0.25,TRUE,"unfolding_midrange","Unfolding ideal-point (midrange tau = 0)","unfolding_midrange",0.048,0.952,NA,-0.00776503100921174,0.132234968990788
"ambiversion_power","grant_ambivert",-0.14,340,1000,0.5,TRUE,"unfolding_midrange","Unfolding ideal-point (midrange tau = 0)","unfolding_midrange",0.043,0.957,NA,-0.00283474758700068,0.137165252412999
"ambiversion_power","grant_ambivert",-0.14,500,1000,0,TRUE,"unfolding_midrange","Unfolding ideal-point (midrange tau = 0)","unfolding_midrange",0.054,0.946,NA,-0.0235314739557512,0.116468526044249
"ambiversion_power","grant_ambivert",-0.14,500,1000,0.25,TRUE,"unfolding_midrange","Unfolding ideal-point (midrange tau = 0)","unfolding_midrange",0.051,0.949,NA,-0.00833061830547119,0.131669381694529
"ambiversion_power","grant_ambivert",-0.14,500,1000,0.5,TRUE,"unfolding_midrange","Unfolding ideal-point (midrange tau = 0)","unfolding_midrange",0.056,0.944,NA,-0.00497789707482789,0.135022102925172
"ambiversion_power","grant_ambivert",-0.14,750,1000,0,TRUE,"unfolding_midrange","Unfolding ideal-point (midrange tau = 0)","unfolding_midrange",0.078,0.922,NA,-0.0282397072288532,0.111760292771147
"ambiversion_power","grant_ambivert",-0.14,750,1000,0.25,TRUE,"unfolding_midrange","Unfolding ideal-point (midrange tau = 0)","unfolding_midrange",0.063,0.937,NA,-0.00808434689322562,0.131915653106774
"ambiversion_power","grant_ambivert",-0.14,750,1000,0.5,TRUE,"unfolding_midrange","Unfolding ideal-point (midrange tau = 0)","unfolding_midrange",0.054,0.946,NA,-0.00394297093386425,0.136057029066136
"ambiversion_power","grant_ambivert",-0.14,1000,1000,0,TRUE,"unfolding_midrange","Unfolding ideal-point (midrange tau = 0)","unfolding_midrange",0.067,0.933,NA,-0.0270890245859364,0.112910975414064
"ambiversion_power","grant_ambivert",-0.14,1000,1000,0.25,TRUE,"unfolding_midrange","Unfolding ideal-point (midrange tau = 0)","unfolding_midrange",0.08,0.92,NA,-0.00835762799921971,0.13164237200078
"ambiversion_power","grant_ambivert",-0.14,1000,1000,0.5,TRUE,"unfolding_midrange","Unfolding ideal-point (midrange tau = 0)","unfolding_midrange",0.044,0.956,NA,-0.00301489276949043,0.13698510723051
"ambiversion_power","grant_ambivert",-0.14,1500,1000,0,TRUE,"unfolding_midrange","Unfolding ideal-point (midrange tau = 0)","unfolding_midrange",0.084,0.916,NA,-0.0245413410663313,0.115458658933669
"ambiversion_power","grant_ambivert",-0.14,1500,1000,0.25,TRUE,"unfolding_midrange","Unfolding ideal-point (midrange tau = 0)","unfolding_midrange",0.065,0.935,NA,-0.00660436604063321,0.133395633959367
"ambiversion_power","grant_ambivert",-0.14,1500,1000,0.5,TRUE,"unfolding_midrange","Unfolding ideal-point (midrange tau = 0)","unfolding_midrange",0.049,0.951,NA,-0.00333966210201397,0.136660337897986
"ambiversion_power","grant_ambivert",-0.14,2000,1000,0,TRUE,"unfolding_midrange","Unfolding ideal-point (midrange tau = 0)","unfolding_midrange",0.116,0.884,NA,-0.0288373648064231,0.111162635193577
"ambiversion_power","grant_ambivert",-0.14,2000,1000,0.25,TRUE,"unfolding_midrange","Unfolding ideal-point (midrange tau = 0)","unfolding_midrange",0.067,0.933,NA,-0.00838484794620595,0.131615152053794
"ambiversion_power","grant_ambivert",-0.14,2000,1000,0.5,TRUE,"unfolding_midrange","Unfolding ideal-point (midrange tau = 0)","unfolding_midrange",0.057,0.943,NA,-0.00384700670054388,0.136152993299456
"ambiversion_power","grant_ambivert",-0.14,3000,1000,0,TRUE,"unfolding_midrange","Unfolding ideal-point (midrange tau = 0)","unfolding_midrange",0.122,0.878,NA,-0.0254828557418861,0.114517144258114
"ambiversion_power","grant_ambivert",-0.14,3000,1000,0.25,TRUE,"unfolding_midrange","Unfolding ideal-point (midrange tau = 0)","unfolding_midrange",0.06,0.94,NA,-0.00757967246827582,0.132420327531724
"ambiversion_power","grant_ambivert",-0.14,3000,1000,0.5,TRUE,"unfolding_midrange","Unfolding ideal-point (midrange tau = 0)","unfolding_midrange",0.056,0.944,NA,-0.00352147254573307,0.136478527454267
"ambiversion_power","grant_ambivert",-0.14,5000,1000,0,TRUE,"unfolding_midrange","Unfolding ideal-point (midrange tau = 0)","unfolding_midrange",0.187,0.813,NA,-0.0266942846346494,0.113305715365351
"ambiversion_power","grant_ambivert",-0.14,5000,1000,0.25,TRUE,"unfolding_midrange","Unfolding ideal-point (midrange tau = 0)","unfolding_midrange",0.085,0.915,NA,-0.0066659451833718,0.133334054816628
"ambiversion_power","grant_ambivert",-0.14,5000,1000,0.5,TRUE,"unfolding_midrange","Unfolding ideal-point (midrange tau = 0)","unfolding_midrange",0.067,0.933,NA,-0.00313290551824431,0.136867094481756
"ambiversion_power","grant_ambivert",-0.14,340,1000,0,TRUE,"unfolding_spread","Unfolding ideal-point (spread around ambivert zone)","unfolding_spread",0.058,0.942,NA,-0.0199762750937954,0.120023724906205
"ambiversion_power","grant_ambivert",-0.14,340,1000,0.25,TRUE,"unfolding_spread","Unfolding ideal-point (spread around ambivert zone)","unfolding_spread",0.07,0.93,NA,-0.00871708321695259,0.131282916783047
"ambiversion_power","grant_ambivert",-0.14,340,1000,0.5,TRUE,"unfolding_spread","Unfolding ideal-point (spread around ambivert zone)","unfolding_spread",0.044,0.956,NA,-0.00270690629801179,0.137293093701988
"ambiversion_power","grant_ambivert",-0.14,500,1000,0,TRUE,"unfolding_spread","Unfolding ideal-point (spread around ambivert zone)","unfolding_spread",0.051,0.949,NA,-0.0226877027689307,0.117312297231069
"ambiversion_power","grant_ambivert",-0.14,500,1000,0.25,TRUE,"unfolding_spread","Unfolding ideal-point (spread around ambivert zone)","unfolding_spread",0.038,0.962,NA,-0.00458338023737598,0.135416619762624
"ambiversion_power","grant_ambivert",-0.14,500,1000,0.5,TRUE,"unfolding_spread","Unfolding ideal-point (spread around ambivert zone)","unfolding_spread",0.054,0.946,NA,-0.00223740565125303,0.137762594348747
"ambiversion_power","grant_ambivert",-0.14,750,1000,0,TRUE,"unfolding_spread","Unfolding ideal-point (spread around ambivert zone)","unfolding_spread",0.056,0.944,NA,-0.0204244921353935,0.119575507864607
"ambiversion_power","grant_ambivert",-0.14,750,1000,0.25,TRUE,"unfolding_spread","Unfolding ideal-point (spread around ambivert zone)","unfolding_spread",0.049,0.951,NA,-0.00486984677282394,0.135130153227176
"ambiversion_power","grant_ambivert",-0.14,750,1000,0.5,TRUE,"unfolding_spread","Unfolding ideal-point (spread around ambivert zone)","unfolding_spread",0.048,0.952,NA,-0.00392105064028746,0.136078949359713
"ambiversion_power","grant_ambivert",-0.14,1000,1000,0,TRUE,"unfolding_spread","Unfolding ideal-point (spread around ambivert zone)","unfolding_spread",0.067,0.933,NA,-0.0248052064104403,0.11519479358956
"ambiversion_power","grant_ambivert",-0.14,1000,1000,0.25,TRUE,"unfolding_spread","Unfolding ideal-point (spread around ambivert zone)","unfolding_spread",0.055,0.945,NA,-0.00616726685843895,0.133832733141561
"ambiversion_power","grant_ambivert",-0.14,1000,1000,0.5,TRUE,"unfolding_spread","Unfolding ideal-point (spread around ambivert zone)","unfolding_spread",0.059,0.941,NA,-0.00269478075163074,0.137305219248369
"ambiversion_power","grant_ambivert",-0.14,1500,1000,0,TRUE,"unfolding_spread","Unfolding ideal-point (spread around ambivert zone)","unfolding_spread",0.063,0.937,NA,-0.023082436967411,0.116917563032589
"ambiversion_power","grant_ambivert",-0.14,1500,1000,0.25,TRUE,"unfolding_spread","Unfolding ideal-point (spread around ambivert zone)","unfolding_spread",0.053,0.947,NA,-0.0046328634059656,0.135367136594034
"ambiversion_power","grant_ambivert",-0.14,1500,1000,0.5,TRUE,"unfolding_spread","Unfolding ideal-point (spread around ambivert zone)","unfolding_spread",0.051,0.949,NA,-0.00278161421428965,0.13721838578571
"ambiversion_power","grant_ambivert",-0.14,2000,1000,0,TRUE,"unfolding_spread","Unfolding ideal-point (spread around ambivert zone)","unfolding_spread",0.077,0.923,NA,-0.0230522314649891,0.116947768535011
"ambiversion_power","grant_ambivert",-0.14,2000,1000,0.25,TRUE,"unfolding_spread","Unfolding ideal-point (spread around ambivert zone)","unfolding_spread",0.056,0.944,NA,-0.00624946055795787,0.133750539442042
"ambiversion_power","grant_ambivert",-0.14,2000,1000,0.5,TRUE,"unfolding_spread","Unfolding ideal-point (spread around ambivert zone)","unfolding_spread",0.04,0.96,NA,-0.00320427989820583,0.136795720101794
"ambiversion_power","grant_ambivert",-0.14,3000,1000,0,TRUE,"unfolding_spread","Unfolding ideal-point (spread around ambivert zone)","unfolding_spread",0.097,0.903,NA,-0.022202551275429,0.117797448724571
"ambiversion_power","grant_ambivert",-0.14,3000,1000,0.25,TRUE,"unfolding_spread","Unfolding ideal-point (spread around ambivert zone)","unfolding_spread",0.064,0.936,NA,-0.0047222211879073,0.135277778812093
"ambiversion_power","grant_ambivert",-0.14,3000,1000,0.5,TRUE,"unfolding_spread","Unfolding ideal-point (spread around ambivert zone)","unfolding_spread",0.051,0.949,NA,-0.00247202747933453,0.137527972520665
"ambiversion_power","grant_ambivert",-0.14,5000,1000,0,TRUE,"unfolding_spread","Unfolding ideal-point (spread around ambivert zone)","unfolding_spread",0.161,0.839,NA,-0.0235481759482341,0.116451824051766
"ambiversion_power","grant_ambivert",-0.14,5000,1000,0.25,TRUE,"unfolding_spread","Unfolding ideal-point (spread around ambivert zone)","unfolding_spread",0.063,0.937,NA,-0.00638102855111525,0.133618971448885
"ambiversion_power","grant_ambivert",-0.14,5000,1000,0.5,TRUE,"unfolding_spread","Unfolding ideal-point (spread around ambivert zone)","unfolding_spread",0.054,0.946,NA,-0.00266741059925852,0.137332589400742
"ambiversion_power","grant_ambivert",-0.14,340,1000,0,TRUE,"unfolding_extremes","Unfolding ideal-point (extreme locations)","unfolding_extremes",0.05,0.95,NA,0.000189148722875485,0.140189148722875
"ambiversion_power","grant_ambivert",-0.14,340,1000,0.25,TRUE,"unfolding_extremes","Unfolding ideal-point (extreme locations)","unfolding_extremes",0.054,0.946,NA,0.000359905562964716,0.140359905562965
"ambiversion_power","grant_ambivert",-0.14,340,1000,0.5,TRUE,"unfolding_extremes","Unfolding ideal-point (extreme locations)","unfolding_extremes",0.051,0.949,NA,-0.0011736675690433,0.138826332430957
"ambiversion_power","grant_ambivert",-0.14,500,1000,0,TRUE,"unfolding_extremes","Unfolding ideal-point (extreme locations)","unfolding_extremes",0.055,0.945,NA,0.00194588116285714,0.141945881162857
"ambiversion_power","grant_ambivert",-0.14,500,1000,0.25,TRUE,"unfolding_extremes","Unfolding ideal-point (extreme locations)","unfolding_extremes",0.053,0.947,NA,-0.00242681545164001,0.13757318454836
"ambiversion_power","grant_ambivert",-0.14,500,1000,0.5,TRUE,"unfolding_extremes","Unfolding ideal-point (extreme locations)","unfolding_extremes",0.043,0.957,NA,0.00135243983979828,0.141352439839798
"ambiversion_power","grant_ambivert",-0.14,750,1000,0,TRUE,"unfolding_extremes","Unfolding ideal-point (extreme locations)","unfolding_extremes",0.052,0.948,NA,-0.000397039901777878,0.139602960098222
"ambiversion_power","grant_ambivert",-0.14,750,1000,0.25,TRUE,"unfolding_extremes","Unfolding ideal-point (extreme locations)","unfolding_extremes",0.034,0.966,NA,-0.00208088951262408,0.137919110487376
"ambiversion_power","grant_ambivert",-0.14,750,1000,0.5,TRUE,"unfolding_extremes","Unfolding ideal-point (extreme locations)","unfolding_extremes",0.057,0.943,NA,-0.000653815921207288,0.139346184078793
"ambiversion_power","grant_ambivert",-0.14,1000,1000,0,TRUE,"unfolding_extremes","Unfolding ideal-point (extreme locations)","unfolding_extremes",0.039,0.961,NA,-0.000767290315004008,0.139232709684996
"ambiversion_power","grant_ambivert",-0.14,1000,1000,0.25,TRUE,"unfolding_extremes","Unfolding ideal-point (extreme locations)","unfolding_extremes",0.041,0.959,NA,-0.000901169261438413,0.139098830738562
"ambiversion_power","grant_ambivert",-0.14,1000,1000,0.5,TRUE,"unfolding_extremes","Unfolding ideal-point (extreme locations)","unfolding_extremes",0.07,0.93,NA,-0.00170181383501203,0.138298186164988
"ambiversion_power","grant_ambivert",-0.14,1500,1000,0,TRUE,"unfolding_extremes","Unfolding ideal-point (extreme locations)","unfolding_extremes",0.052,0.948,NA,-0.00173569757586169,0.138264302424138
"ambiversion_power","grant_ambivert",-0.14,1500,1000,0.25,TRUE,"unfolding_extremes","Unfolding ideal-point (extreme locations)","unfolding_extremes",0.044,0.956,NA,3.33829439558961e-05,0.140033382943956
"ambiversion_power","grant_ambivert",-0.14,1500,1000,0.5,TRUE,"unfolding_extremes","Unfolding ideal-point (extreme locations)","unfolding_extremes",0.038,0.962,NA,-2.61298539510546e-05,0.139973870146049
"ambiversion_power","grant_ambivert",-0.14,2000,1000,0,TRUE,"unfolding_extremes","Unfolding ideal-point (extreme locations)","unfolding_extremes",0.044,0.956,NA,-0.00487098258665736,0.135129017413343
"ambiversion_power","grant_ambivert",-0.14,2000,1000,0.25,TRUE,"unfolding_extremes","Unfolding ideal-point (extreme locations)","unfolding_extremes",0.057,0.943,NA,-0.000356102644175566,0.139643897355824
"ambiversion_power","grant_ambivert",-0.14,2000,1000,0.5,TRUE,"unfolding_extremes","Unfolding ideal-point (extreme locations)","unfolding_extremes",0.048,0.952,NA,-0.000315083048246234,0.139684916951754
"ambiversion_power","grant_ambivert",-0.14,3000,1000,0,TRUE,"unfolding_extremes","Unfolding ideal-point (extreme locations)","unfolding_extremes",0.062,0.938,NA,-0.00171110594816258,0.138288894051837
"ambiversion_power","grant_ambivert",-0.14,3000,1000,0.25,TRUE,"unfolding_extremes","Unfolding ideal-point (extreme locations)","unfolding_extremes",0.046,0.954,NA,-0.000761091708491674,0.139238908291508
"ambiversion_power","grant_ambivert",-0.14,3000,1000,0.5,TRUE,"unfolding_extremes","Unfolding ideal-point (extreme locations)","unfolding_extremes",0.047,0.953,NA,-0.000661760869080683,0.139338239130919
"ambiversion_power","grant_ambivert",-0.14,5000,1000,0,TRUE,"unfolding_extremes","Unfolding ideal-point (extreme locations)","unfolding_extremes",0.044,0.956,NA,-0.0025948378688118,0.137405162131188
"ambiversion_power","grant_ambivert",-0.14,5000,1000,0.25,TRUE,"unfolding_extremes","Unfolding ideal-point (extreme locations)","unfolding_extremes",0.041,0.959,NA,-0.000872095169228585,0.139127904830771
"ambiversion_power","grant_ambivert",-0.14,5000,1000,0.5,TRUE,"unfolding_extremes","Unfolding ideal-point (extreme locations)","unfolding_extremes",0.046,0.954,NA,0.000109797631601748,0.140109797631602
"ambiversion_power","grant_ambivert",-0.14,340,1000,0,TRUE,"unfolding_mixed","Mixed cumulative + unfolding midrange","unfolding_mixed",0.137,0.863,NA,-0.0825241158974984,0.0574758841025016
"ambiversion_power","grant_ambivert",-0.14,340,1000,0.25,TRUE,"unfolding_mixed","Mixed cumulative + unfolding midrange","unfolding_mixed",0.073,0.927,NA,-0.0249363447943647,0.115063655205635
"ambiversion_power","grant_ambivert",-0.14,340,1000,0.5,TRUE,"unfolding_mixed","Mixed cumulative + unfolding midrange","unfolding_mixed",0.061,0.939,NA,-0.0133335634227206,0.126666436577279
"ambiversion_power","grant_ambivert",-0.14,500,1000,0,TRUE,"unfolding_mixed","Mixed cumulative + unfolding midrange","unfolding_mixed",0.189,0.811,NA,-0.0834517723615072,0.0565482276384928
"ambiversion_power","grant_ambivert",-0.14,500,1000,0.25,TRUE,"unfolding_mixed","Mixed cumulative + unfolding midrange","unfolding_mixed",0.086,0.914,NA,-0.0285485747577625,0.111451425242238
"ambiversion_power","grant_ambivert",-0.14,500,1000,0.5,TRUE,"unfolding_mixed","Mixed cumulative + unfolding midrange","unfolding_mixed",0.055,0.945,NA,-0.012685983716112,0.127314016283888
"ambiversion_power","grant_ambivert",-0.14,750,1000,0,TRUE,"unfolding_mixed","Mixed cumulative + unfolding midrange","unfolding_mixed",0.264,0.736,NA,-0.0837705973472456,0.0562294026527544
"ambiversion_power","grant_ambivert",-0.14,750,1000,0.25,TRUE,"unfolding_mixed","Mixed cumulative + unfolding midrange","unfolding_mixed",0.105,0.895,NA,-0.0269360488024112,0.113063951197589
"ambiversion_power","grant_ambivert",-0.14,750,1000,0.5,TRUE,"unfolding_mixed","Mixed cumulative + unfolding midrange","unfolding_mixed",0.082,0.918,NA,-0.0158240624846703,0.12417593751533
"ambiversion_power","grant_ambivert",-0.14,1000,1000,0,TRUE,"unfolding_mixed","Mixed cumulative + unfolding midrange","unfolding_mixed",0.316,0.684,NA,-0.0823589799948409,0.0576410200051591
"ambiversion_power","grant_ambivert",-0.14,1000,1000,0.25,TRUE,"unfolding_mixed","Mixed cumulative + unfolding midrange","unfolding_mixed",0.128,0.872,NA,-0.0269084159894804,0.11309158401052
"ambiversion_power","grant_ambivert",-0.14,1000,1000,0.5,TRUE,"unfolding_mixed","Mixed cumulative + unfolding midrange","unfolding_mixed",0.09,0.91,NA,-0.0144821081977765,0.125517891802224
"ambiversion_power","grant_ambivert",-0.14,1500,1000,0,TRUE,"unfolding_mixed","Mixed cumulative + unfolding midrange","unfolding_mixed",0.487,0.513,NA,-0.084207212276057,0.055792787723943
"ambiversion_power","grant_ambivert",-0.14,1500,1000,0.25,TRUE,"unfolding_mixed","Mixed cumulative + unfolding midrange","unfolding_mixed",0.174,0.826,NA,-0.0289998915509258,0.111000108449074
"ambiversion_power","grant_ambivert",-0.14,1500,1000,0.5,TRUE,"unfolding_mixed","Mixed cumulative + unfolding midrange","unfolding_mixed",0.093,0.907,NA,-0.0128536971688774,0.127146302831123
"ambiversion_power","grant_ambivert",-0.14,2000,1000,0,TRUE,"unfolding_mixed","Mixed cumulative + unfolding midrange","unfolding_mixed",0.563,0.437,NA,-0.0805693363248134,0.0594306636751866
"ambiversion_power","grant_ambivert",-0.14,2000,1000,0.25,TRUE,"unfolding_mixed","Mixed cumulative + unfolding midrange","unfolding_mixed",0.184,0.816,NA,-0.0258563052773493,0.114143694722651
"ambiversion_power","grant_ambivert",-0.14,2000,1000,0.5,TRUE,"unfolding_mixed","Mixed cumulative + unfolding midrange","unfolding_mixed",0.107,0.893,NA,-0.0149751865151613,0.125024813484839
"ambiversion_power","grant_ambivert",-0.14,3000,1000,0,TRUE,"unfolding_mixed","Mixed cumulative + unfolding midrange","unfolding_mixed",0.752,0.248,NA,-0.0824023001555621,0.0575976998444379
"ambiversion_power","grant_ambivert",-0.14,3000,1000,0.25,TRUE,"unfolding_mixed","Mixed cumulative + unfolding midrange","unfolding_mixed",0.258,0.742,NA,-0.0271394868586265,0.112860513141374
"ambiversion_power","grant_ambivert",-0.14,3000,1000,0.5,TRUE,"unfolding_mixed","Mixed cumulative + unfolding midrange","unfolding_mixed",0.148,0.852,NA,-0.0139142564947689,0.126085743505231
"ambiversion_power","grant_ambivert",-0.14,5000,1000,0,TRUE,"unfolding_mixed","Mixed cumulative + unfolding midrange","unfolding_mixed",0.932,0.0679999999999999,NA,-0.0835921111119076,0.0564078888880924
"ambiversion_power","grant_ambivert",-0.14,5000,1000,0.25,TRUE,"unfolding_mixed","Mixed cumulative + unfolding midrange","unfolding_mixed",0.451,0.549,NA,-0.0281880671565381,0.111811932843462
"ambiversion_power","grant_ambivert",-0.14,5000,1000,0.5,TRUE,"unfolding_mixed","Mixed cumulative + unfolding midrange","unfolding_mixed",0.21,0.79,NA,-0.0142026093761282,0.125797390623872
"ambiversion_power","grant_ambivert",-0.14,340,1000,0,TRUE,"facet_cumulative","Facet cumulative (assertiveness + enthusiasm)","facet_cumulative",0.495,0.505,NA,-0.108663820862098,0.031336179137902
"ambiversion_power","grant_ambivert",-0.14,340,1000,0.25,TRUE,"facet_cumulative","Facet cumulative (assertiveness + enthusiasm)","facet_cumulative",0.241,0.759,NA,-0.0600697841594687,0.0799302158405313
"ambiversion_power","grant_ambivert",-0.14,340,1000,0.5,TRUE,"facet_cumulative","Facet cumulative (assertiveness + enthusiasm)","facet_cumulative",0.156,0.844,NA,-0.0384056903107344,0.101594309689266
"ambiversion_power","grant_ambivert",-0.14,500,1000,0,TRUE,"facet_cumulative","Facet cumulative (assertiveness + enthusiasm)","facet_cumulative",0.678,0.322,NA,-0.10727892583222,0.0327210741677801
"ambiversion_power","grant_ambivert",-0.14,500,1000,0.25,TRUE,"facet_cumulative","Facet cumulative (assertiveness + enthusiasm)","facet_cumulative",0.364,0.636,NA,-0.0627293706871986,0.0772706293128014
"ambiversion_power","grant_ambivert",-0.14,500,1000,0.5,TRUE,"facet_cumulative","Facet cumulative (assertiveness + enthusiasm)","facet_cumulative",0.217,0.783,NA,-0.0401932474580529,0.0998067525419471
"ambiversion_power","grant_ambivert",-0.14,750,1000,0,TRUE,"facet_cumulative","Facet cumulative (assertiveness + enthusiasm)","facet_cumulative",0.833,0.167,NA,-0.108765656508997,0.0312343434910032
"ambiversion_power","grant_ambivert",-0.14,750,1000,0.25,TRUE,"facet_cumulative","Facet cumulative (assertiveness + enthusiasm)","facet_cumulative",0.495,0.505,NA,-0.0611401169795271,0.0788598830204729
"ambiversion_power","grant_ambivert",-0.14,750,1000,0.5,TRUE,"facet_cumulative","Facet cumulative (assertiveness + enthusiasm)","facet_cumulative",0.27,0.73,NA,-0.0388478125345227,0.101152187465477
"ambiversion_power","grant_ambivert",-0.14,1000,1000,0,TRUE,"facet_cumulative","Facet cumulative (assertiveness + enthusiasm)","facet_cumulative",0.919,0.081,NA,-0.107553637601086,0.0324463623989135
"ambiversion_power","grant_ambivert",-0.14,1000,1000,0.25,TRUE,"facet_cumulative","Facet cumulative (assertiveness + enthusiasm)","facet_cumulative",0.574,0.426,NA,-0.0586178924870299,0.0813821075129701
"ambiversion_power","grant_ambivert",-0.14,1000,1000,0.5,TRUE,"facet_cumulative","Facet cumulative (assertiveness + enthusiasm)","facet_cumulative",0.356,0.644,NA,-0.0385144709091006,0.101485529090899
"ambiversion_power","grant_ambivert",-0.14,1500,1000,0,TRUE,"facet_cumulative","Facet cumulative (assertiveness + enthusiasm)","facet_cumulative",0.988,0.012,NA,-0.107584061987602,0.0324159380123984
"ambiversion_power","grant_ambivert",-0.14,1500,1000,0.25,TRUE,"facet_cumulative","Facet cumulative (assertiveness + enthusiasm)","facet_cumulative",0.78,0.22,NA,-0.0598768533823562,0.0801231466176438
"ambiversion_power","grant_ambivert",-0.14,1500,1000,0.5,TRUE,"facet_cumulative","Facet cumulative (assertiveness + enthusiasm)","facet_cumulative",0.511,0.489,NA,-0.0390258103304799,0.10097418966952
"ambiversion_power","grant_ambivert",-0.14,2000,1000,0,TRUE,"facet_cumulative","Facet cumulative (assertiveness + enthusiasm)","facet_cumulative",0.996,0.004,NA,-0.109064415130068,0.0309355848699321
"ambiversion_power","grant_ambivert",-0.14,2000,1000,0.25,TRUE,"facet_cumulative","Facet cumulative (assertiveness + enthusiasm)","facet_cumulative",0.899,0.101,NA,-0.061618682049396,0.078381317950604
"ambiversion_power","grant_ambivert",-0.14,2000,1000,0.5,TRUE,"facet_cumulative","Facet cumulative (assertiveness + enthusiasm)","facet_cumulative",0.626,0.374,NA,-0.039184941326945,0.100815058673055
"ambiversion_power","grant_ambivert",-0.14,3000,1000,0,TRUE,"facet_cumulative","Facet cumulative (assertiveness + enthusiasm)","facet_cumulative",1,0,NA,-0.107720302286729,0.0322796977132711
"ambiversion_power","grant_ambivert",-0.14,3000,1000,0.25,TRUE,"facet_cumulative","Facet cumulative (assertiveness + enthusiasm)","facet_cumulative",0.971,0.029,NA,-0.0598249768376795,0.0801750231623205
"ambiversion_power","grant_ambivert",-0.14,3000,1000,0.5,TRUE,"facet_cumulative","Facet cumulative (assertiveness + enthusiasm)","facet_cumulative",0.796,0.204,NA,-0.0384755543851522,0.101524445614848
"ambiversion_power","grant_ambivert",-0.14,5000,1000,0,TRUE,"facet_cumulative","Facet cumulative (assertiveness + enthusiasm)","facet_cumulative",1,0,NA,-0.108230850755849,0.0317691492441506
"ambiversion_power","grant_ambivert",-0.14,5000,1000,0.25,TRUE,"facet_cumulative","Facet cumulative (assertiveness + enthusiasm)","facet_cumulative",0.997,0.003,NA,-0.0605345776796279,0.0794654223203721
"ambiversion_power","grant_ambivert",-0.14,5000,1000,0.5,TRUE,"facet_cumulative","Facet cumulative (assertiveness + enthusiasm)","facet_cumulative",0.941,0.0590000000000001,NA,-0.0387900144488333,0.101209985551167
"ambiversion_power","grant_ambivert",-0.14,340,1000,0,TRUE,"facet_balance","Facet balance (assertiveness-enthusiasm equilibrium)","facet_balance",0.419,0.581,NA,-0.0512082885951438,0.0887917114048562
"ambiversion_power","grant_ambivert",-0.14,340,1000,0.25,TRUE,"facet_balance","Facet balance (assertiveness-enthusiasm equilibrium)","facet_balance",0.24,0.76,NA,-0.039850623670123,0.100149376329877
"ambiversion_power","grant_ambivert",-0.14,340,1000,0.5,TRUE,"facet_balance","Facet balance (assertiveness-enthusiasm equilibrium)","facet_balance",0.134,0.866,NA,-0.0312101475800283,0.108789852419972
"ambiversion_power","grant_ambivert",-0.14,500,1000,0,TRUE,"facet_balance","Facet balance (assertiveness-enthusiasm equilibrium)","facet_balance",0.574,0.426,NA,-0.0508356727126302,0.0891643272873698
"ambiversion_power","grant_ambivert",-0.14,500,1000,0.25,TRUE,"facet_balance","Facet balance (assertiveness-enthusiasm equilibrium)","facet_balance",0.297,0.703,NA,-0.0391384104541566,0.100861589545843
"ambiversion_power","grant_ambivert",-0.14,500,1000,0.5,TRUE,"facet_balance","Facet balance (assertiveness-enthusiasm equilibrium)","facet_balance",0.203,0.797,NA,-0.0337144783151883,0.106285521684812
"ambiversion_power","grant_ambivert",-0.14,750,1000,0,TRUE,"facet_balance","Facet balance (assertiveness-enthusiasm equilibrium)","facet_balance",0.756,0.244,NA,-0.0506205920303356,0.0893794079696645
"ambiversion_power","grant_ambivert",-0.14,750,1000,0.25,TRUE,"facet_balance","Facet balance (assertiveness-enthusiasm equilibrium)","facet_balance",0.451,0.549,NA,-0.0402663486493754,0.0997336513506246
"ambiversion_power","grant_ambivert",-0.14,750,1000,0.5,TRUE,"facet_balance","Facet balance (assertiveness-enthusiasm equilibrium)","facet_balance",0.285,0.715,NA,-0.0334069623984763,0.106593037601524
"ambiversion_power","grant_ambivert",-0.14,1000,1000,0,TRUE,"facet_balance","Facet balance (assertiveness-enthusiasm equilibrium)","facet_balance",0.857,0.143,NA,-0.0506459926831677,0.0893540073168324
"ambiversion_power","grant_ambivert",-0.14,1000,1000,0.25,TRUE,"facet_balance","Facet balance (assertiveness-enthusiasm equilibrium)","facet_balance",0.578,0.422,NA,-0.0407895419589568,0.0992104580410432
"ambiversion_power","grant_ambivert",-0.14,1000,1000,0.5,TRUE,"facet_balance","Facet balance (assertiveness-enthusiasm equilibrium)","facet_balance",0.338,0.662,NA,-0.0332761640575375,0.106723835942462
"ambiversion_power","grant_ambivert",-0.14,1500,1000,0,TRUE,"facet_balance","Facet balance (assertiveness-enthusiasm equilibrium)","facet_balance",0.959,0.041,NA,-0.0510191067456149,0.0889808932543851
"ambiversion_power","grant_ambivert",-0.14,1500,1000,0.25,TRUE,"facet_balance","Facet balance (assertiveness-enthusiasm equilibrium)","facet_balance",0.727,0.273,NA,-0.0406471516532191,0.0993528483467809
"ambiversion_power","grant_ambivert",-0.14,1500,1000,0.5,TRUE,"facet_balance","Facet balance (assertiveness-enthusiasm equilibrium)","facet_balance",0.481,0.519,NA,-0.0330649663111483,0.106935033688852
"ambiversion_power","grant_ambivert",-0.14,2000,1000,0,TRUE,"facet_balance","Facet balance (assertiveness-enthusiasm equilibrium)","facet_balance",0.991,0.00900000000000001,NA,-0.0511433064869677,0.0888566935130323
"ambiversion_power","grant_ambivert",-0.14,2000,1000,0.25,TRUE,"facet_balance","Facet balance (assertiveness-enthusiasm equilibrium)","facet_balance",0.839,0.161,NA,-0.0400810665455159,0.0999189334544842
"ambiversion_power","grant_ambivert",-0.14,2000,1000,0.5,TRUE,"facet_balance","Facet balance (assertiveness-enthusiasm equilibrium)","facet_balance",0.589,0.411,NA,-0.0333196175483587,0.106680382451641
"ambiversion_power","grant_ambivert",-0.14,3000,1000,0,TRUE,"facet_balance","Facet balance (assertiveness-enthusiasm equilibrium)","facet_balance",0.999,0.001,NA,-0.0503064715498286,0.0896935284501714
"ambiversion_power","grant_ambivert",-0.14,3000,1000,0.25,TRUE,"facet_balance","Facet balance (assertiveness-enthusiasm equilibrium)","facet_balance",0.954,0.046,NA,-0.0405473742315694,0.0994526257684306
"ambiversion_power","grant_ambivert",-0.14,3000,1000,0.5,TRUE,"facet_balance","Facet balance (assertiveness-enthusiasm equilibrium)","facet_balance",0.766,0.234,NA,-0.0330583275102846,0.106941672489715
"ambiversion_power","grant_ambivert",-0.14,5000,1000,0,TRUE,"facet_balance","Facet balance (assertiveness-enthusiasm equilibrium)","facet_balance",1,0,NA,-0.0511372533163412,0.0888627466836588
"ambiversion_power","grant_ambivert",-0.14,5000,1000,0.25,TRUE,"facet_balance","Facet balance (assertiveness-enthusiasm equilibrium)","facet_balance",0.995,0.005,NA,-0.0402709155186679,0.0997290844813321
"ambiversion_power","grant_ambivert",-0.14,5000,1000,0.5,TRUE,"facet_balance","Facet balance (assertiveness-enthusiasm equilibrium)","facet_balance",0.933,0.0669999999999999,NA,-0.0330968959780764,0.106903104021924
