"scenario","scenario_label","true_b2","true_b5","optimal_x","n","n_reps","cmv_prop","same_source","rho_m_x","rho_m_y","rho_m_w","asymmetric","measurement_profile","prop_sig_X2_tmgt","prop_sig_X2W_tmgt","prop_sig_X2_quadratic","mean_b_X2_tmgt","mean_b_X2W_tmgt","type1_rate_X2","type2_rate_X2","type1_rate_X2W","type2_rate_X2W","power_X2","mean_r2_tmgt","mean_r2_linear"
"null_tmgt","Null TMGT (linear only)",0,0,NA,200,1000,0,TRUE,0,0,0,FALSE,"default",0.062,0.047,0.06,0.00280467705688381,0.000355764874806319,0.062,NA,0.047,NA,NA,0.144915669914295,0.135915897934255
"null_tmgt","Null TMGT (linear only)",0,0,NA,200,1000,0.25,TRUE,0,0,0,FALSE,"default",0.048,0.041,0.043,0.00231458474416924,-0.00043421388524959,0.048,NA,0.041,NA,NA,0.088025727450992,0.0787814146106025
"null_tmgt","Null TMGT (linear only)",0,0,NA,200,1000,0.5,TRUE,0,0,0,FALSE,"default",0.057,0.052,0.063,0.00424188407588452,0.00429270651697417,0.057,NA,0.052,NA,NA,0.0514018691792417,0.0411513762657474
"null_tmgt","Null TMGT (linear only)",0,0,NA,200,1000,0,FALSE,0,0,0,FALSE,"default",0.048,0.044,0.052,0.00130710482967382,-0.00152294210072911,0.048,NA,0.044,NA,NA,0.143946519636071,0.135376622127534
"null_tmgt","Null TMGT (linear only)",0,0,NA,200,1000,0.25,FALSE,0,0,0,FALSE,"default",0.057,0.058,0.06,-0.000711783586051399,0.00244082540976555,0.057,NA,0.058,NA,NA,0.0875559824811861,0.0780214922646021
"null_tmgt","Null TMGT (linear only)",0,0,NA,200,1000,0.5,FALSE,0,0,0,FALSE,"default",0.058,0.048,0.052,0.00374807489994186,0.000738845268124848,0.058,NA,0.048,NA,NA,0.0511275712374076,0.0414178669920044
"null_tmgt","Null TMGT (linear only)",0,0,NA,200,1000,0,TRUE,0.3,0.3,0.3,FALSE,"default",0.044,0.051,0.051,-0.000969846148427646,-0.00222369751042863,0.044,NA,0.051,NA,NA,0.141615413300596,0.132700568458806
"null_tmgt","Null TMGT (linear only)",0,0,NA,200,1000,0.25,TRUE,0.3,0.3,0.3,FALSE,"default",0.046,0.053,0.05,0.000915378767731468,0.000501454005681695,0.046,NA,0.053,NA,NA,0.105270760753466,0.0963177804178786
"null_tmgt","Null TMGT (linear only)",0,0,NA,200,1000,0.5,TRUE,0.3,0.3,0.3,FALSE,"default",0.046,0.043,0.05,0.000693220066065394,-0.000136600975464369,0.046,NA,0.043,NA,NA,0.0746199513440891,0.0653916999737962
"null_tmgt","Null TMGT (linear only)",0,0,NA,200,1000,0,FALSE,0.3,0.3,0.3,FALSE,"default",0.054,0.054,0.061,0.00267989365592816,0.00217448585227916,0.054,NA,0.054,NA,NA,0.143332353084523,0.134515157368829
"null_tmgt","Null TMGT (linear only)",0,0,NA,200,1000,0.25,FALSE,0.3,0.3,0.3,FALSE,"default",0.053,0.045,0.049,0.003556416727528,-0.0039753163806461,0.053,NA,0.045,NA,NA,0.0878295601071821,0.0785590680842672
"null_tmgt","Null TMGT (linear only)",0,0,NA,200,1000,0.5,FALSE,0.3,0.3,0.3,FALSE,"default",0.051,0.046,0.054,0.00352076724316161,-0.000933728860134976,0.051,NA,0.046,NA,NA,0.0523969726537332,0.0428424108698353
"null_tmgt","Null TMGT (linear only)",0,0,NA,200,1000,0.25,TRUE,0.3,0,0,TRUE,"default",0.052,0.043,0.052,0.00552481835556779,-0.00175366190124766,0.052,NA,0.043,NA,NA,0.0900092856389214,0.0807817598925625
"null_tmgt","Null TMGT (linear only)",0,0,NA,200,1000,0.25,TRUE,0.3,0.1,0,TRUE,"default",0.054,0.053,0.055,0.00449811798684448,0.00118630285450934,0.054,NA,0.053,NA,NA,0.0905550112962451,0.081372670235954
"null_tmgt","Null TMGT (linear only)",0,0,NA,200,1000,0.5,TRUE,0.3,0,0,TRUE,"default",0.051,0.055,0.055,0.00374690928798743,0.00262669373816357,0.051,NA,0.055,NA,NA,0.0524187964514901,0.0423029093204353
"null_tmgt","Null TMGT (linear only)",0,0,NA,340,1000,0,TRUE,0,0,0,FALSE,"default",0.043,0.053,0.046,-0.000373591120349108,0.00213188062964244,0.043,NA,0.053,NA,NA,0.134450652904498,0.129301791688744
"null_tmgt","Null TMGT (linear only)",0,0,NA,340,1000,0.25,TRUE,0,0,0,FALSE,"default",0.063,0.056,0.069,0.00273436274234203,0.000317027729317144,0.063,NA,0.056,NA,NA,0.0792992202826358,0.073497500648308
"null_tmgt","Null TMGT (linear only)",0,0,NA,340,1000,0.5,TRUE,0,0,0,FALSE,"default",0.054,0.048,0.048,0.00318957779833279,0.000904464498567863,0.054,NA,0.048,NA,NA,0.0424803558881118,0.0366086061102209
"null_tmgt","Null TMGT (linear only)",0,0,NA,340,1000,0,FALSE,0,0,0,FALSE,"default",0.045,0.042,0.043,0.00254908685330456,0.00091885504415081,0.045,NA,0.042,NA,NA,0.135623641631762,0.130629758475228
"null_tmgt","Null TMGT (linear only)",0,0,NA,340,1000,0.25,FALSE,0,0,0,FALSE,"default",0.045,0.044,0.045,0.0032012929880239,-0.00058099292100747,0.045,NA,0.044,NA,NA,0.0794568941905532,0.0740953238627961
"null_tmgt","Null TMGT (linear only)",0,0,NA,340,1000,0.5,FALSE,0,0,0,FALSE,"default",0.052,0.055,0.047,0.00149240630594563,0.00305883973771103,0.052,NA,0.055,NA,NA,0.042347173783011,0.0364205328451546
"null_tmgt","Null TMGT (linear only)",0,0,NA,340,1000,0,TRUE,0.3,0.3,0.3,FALSE,"default",0.042,0.068,0.042,-0.00182896527285647,-0.00113116508254698,0.042,NA,0.068,NA,NA,0.135610782990152,0.130307521537177
"null_tmgt","Null TMGT (linear only)",0,0,NA,340,1000,0.25,TRUE,0.3,0.3,0.3,FALSE,"default",0.057,0.043,0.051,0.000757485306382168,0.000478364295012255,0.057,NA,0.043,NA,NA,0.0950484763483319,0.0896812308824603
"null_tmgt","Null TMGT (linear only)",0,0,NA,340,1000,0.5,TRUE,0.3,0.3,0.3,FALSE,"default",0.041,0.053,0.042,0.000797752997390448,0.00101815589931725,0.041,NA,0.053,NA,NA,0.0623794955599235,0.0567995933134086
"null_tmgt","Null TMGT (linear only)",0,0,NA,340,1000,0,FALSE,0.3,0.3,0.3,FALSE,"default",0.054,0.043,0.046,0.000350606683688983,-0.00148698414733082,0.054,NA,0.043,NA,NA,0.135497503419557,0.13048275932382
"null_tmgt","Null TMGT (linear only)",0,0,NA,340,1000,0.25,FALSE,0.3,0.3,0.3,FALSE,"default",0.048,0.042,0.047,0.00244683509875586,0.00130335824170947,0.048,NA,0.042,NA,NA,0.0803875934003042,0.0750299533694932
"null_tmgt","Null TMGT (linear only)",0,0,NA,340,1000,0.5,FALSE,0.3,0.3,0.3,FALSE,"default",0.044,0.05,0.046,0.00527946484493024,-0.00169014945207266,0.044,NA,0.05,NA,NA,0.0420482926461138,0.0363155896744139
"null_tmgt","Null TMGT (linear only)",0,0,NA,340,1000,0.25,TRUE,0.3,0,0,TRUE,"default",0.04,0.052,0.042,0.0033386720227669,-0.000258818365311297,0.04,NA,0.052,NA,NA,0.079483463648465,0.0739138636800774
"null_tmgt","Null TMGT (linear only)",0,0,NA,340,1000,0.25,TRUE,0.3,0.1,0,TRUE,"default",0.055,0.053,0.059,0.00553243548702824,-0.00170754087858154,0.055,NA,0.053,NA,NA,0.0826359688438947,0.0769455355967481
"null_tmgt","Null TMGT (linear only)",0,0,NA,340,1000,0.5,TRUE,0.3,0,0,TRUE,"default",0.05,0.053,0.047,0.00234294328415831,-0.000389087266858791,0.05,NA,0.053,NA,NA,0.0412255074640554,0.0353369660248271
"simple_tmgt","Simple TMGT (inverted-U)",-0.15,0,1.33333333333333,200,1000,0,TRUE,0,0,0,FALSE,"default",0.688,0.051,0.704,-0.135390838880742,0.00125528204037937,NA,0.312,0.051,NA,0.688,0.161688814415681,0.125567265954513
"simple_tmgt","Simple TMGT (inverted-U)",-0.15,0,1.33333333333333,200,1000,0.25,TRUE,0,0,0,FALSE,"default",0.316,0.058,0.325,-0.081111403379802,-0.00413949116341969,NA,0.684,0.058,NA,0.316,0.0943758295820446,0.0740101247081862
"simple_tmgt","Simple TMGT (inverted-U)",-0.15,0,1.33333333333333,200,1000,0.5,TRUE,0,0,0,FALSE,"default",0.115,0.048,0.121,-0.0408473389542559,-0.000892534824567114,NA,0.885,0.048,NA,0.115,0.0519247770625423,0.0392710262669144
"simple_tmgt","Simple TMGT (inverted-U)",-0.15,0,1.33333333333333,200,1000,0,FALSE,0,0,0,FALSE,"default",0.667,0.043,0.688,-0.135347601365685,-0.000803582491623046,NA,0.333,0.043,NA,0.667,0.16354823927657,0.127950444358896
"simple_tmgt","Simple TMGT (inverted-U)",-0.15,0,1.33333333333333,200,1000,0.25,FALSE,0,0,0,FALSE,"default",0.286,0.055,0.305,-0.0799693075171354,0.00256488586790503,NA,0.714,0.055,NA,0.286,0.0944852297011523,0.0747655932049196
"simple_tmgt","Simple TMGT (inverted-U)",-0.15,0,1.33333333333333,200,1000,0.5,FALSE,0,0,0,FALSE,"default",0.119,0.051,0.122,-0.0426370558469807,-0.000662081198828167,NA,0.881,0.051,NA,0.119,0.0522973262473652,0.0392003746419211
"simple_tmgt","Simple TMGT (inverted-U)",-0.15,0,1.33333333333333,200,1000,0,TRUE,0.3,0.3,0.3,FALSE,"default",0.679,0.039,0.697,-0.136033529330216,0.000284292200951029,NA,0.321,0.039,NA,0.679,0.164311119838608,0.128387352114203
"simple_tmgt","Simple TMGT (inverted-U)",-0.15,0,1.33333333333333,200,1000,0.25,TRUE,0.3,0.3,0.3,FALSE,"default",0.289,0.04,0.295,-0.0759660463888495,-0.00216685664838254,NA,0.711,0.04,NA,0.289,0.103263581228542,0.0848725326241624
"simple_tmgt","Simple TMGT (inverted-U)",-0.15,0,1.33333333333333,200,1000,0.5,TRUE,0.3,0.3,0.3,FALSE,"default",0.124,0.058,0.123,-0.039886594870744,0.000523479106301376,NA,0.876,0.058,NA,0.124,0.0712152097670674,0.0583517176555511
"simple_tmgt","Simple TMGT (inverted-U)",-0.15,0,1.33333333333333,200,1000,0,FALSE,0.3,0.3,0.3,FALSE,"default",0.676,0.057,0.696,-0.136236775066048,0.00397617346417127,NA,0.324,0.057,NA,0.676,0.166337727137149,0.129470520459225
"simple_tmgt","Simple TMGT (inverted-U)",-0.15,0,1.33333333333333,200,1000,0.25,FALSE,0.3,0.3,0.3,FALSE,"default",0.299,0.055,0.323,-0.0828698258482624,0.00140965539916381,NA,0.701,0.055,NA,0.299,0.0952180800027882,0.0743824597942148
"simple_tmgt","Simple TMGT (inverted-U)",-0.15,0,1.33333333333333,200,1000,0.5,FALSE,0.3,0.3,0.3,FALSE,"default",0.101,0.061,0.113,-0.0397318295204135,-0.000909007803866552,NA,0.899,0.061,NA,0.101,0.0532039069985695,0.0403281721074443
"simple_tmgt","Simple TMGT (inverted-U)",-0.15,0,1.33333333333333,200,1000,0.25,TRUE,0.3,0,0,TRUE,"default",0.318,0.068,0.328,-0.0800149844833539,0.000561705246348888,NA,0.682,0.068,NA,0.318,0.0960244057113781,0.0757052458433262
"simple_tmgt","Simple TMGT (inverted-U)",-0.15,0,1.33333333333333,200,1000,0.25,TRUE,0.3,0.1,0,TRUE,"default",0.312,0.056,0.318,-0.0813492134500833,-0.000801411131021147,NA,0.688,0.056,NA,0.312,0.0974726905396946,0.0775001383317948
"simple_tmgt","Simple TMGT (inverted-U)",-0.15,0,1.33333333333333,200,1000,0.5,TRUE,0.3,0,0,TRUE,"default",0.109,0.059,0.114,-0.041184453308982,0.000746284611711456,NA,0.891,0.059,NA,0.109,0.0524722777289524,0.0396192106430153
"simple_tmgt","Simple TMGT (inverted-U)",-0.15,0,1.33333333333333,340,1000,0,TRUE,0,0,0,FALSE,"default",0.895,0.051,0.9,-0.136302274905822,6.87630908317014e-05,NA,0.105,0.051,NA,0.895,0.156728363857138,0.123220726186111
"simple_tmgt","Simple TMGT (inverted-U)",-0.15,0,1.33333333333333,340,1000,0.25,TRUE,0,0,0,FALSE,"default",0.46,0.052,0.484,-0.0795604969546861,-0.000520956934599452,NA,0.54,0.052,NA,0.46,0.0863054365281919,0.0702052753603001
"simple_tmgt","Simple TMGT (inverted-U)",-0.15,0,1.33333333333333,340,1000,0.5,TRUE,0,0,0,FALSE,"default",0.156,0.048,0.16,-0.0387553721771689,0.00232054095329247,NA,0.844,0.048,NA,0.156,0.0417163524260163,0.0331933652068326
"simple_tmgt","Simple TMGT (inverted-U)",-0.15,0,1.33333333333333,340,1000,0,FALSE,0,0,0,FALSE,"default",0.902,0.051,0.906,-0.139632853277893,-0.00146093407593798,NA,0.098,0.051,NA,0.902,0.157636833486643,0.123067819508781
"simple_tmgt","Simple TMGT (inverted-U)",-0.15,0,1.33333333333333,340,1000,0.25,FALSE,0,0,0,FALSE,"default",0.508,0.057,0.523,-0.0833256864038969,-0.00198253784649404,NA,0.492,0.057,NA,0.508,0.0853973690918307,0.0685469135714123
"simple_tmgt","Simple TMGT (inverted-U)",-0.15,0,1.33333333333333,340,1000,0.5,FALSE,0,0,0,FALSE,"default",0.155,0.045,0.16,-0.0394002128053396,-0.000903614332111631,NA,0.845,0.045,NA,0.155,0.0417806346830804,0.0333443690984819
"simple_tmgt","Simple TMGT (inverted-U)",-0.15,0,1.33333333333333,340,1000,0,TRUE,0.3,0.3,0.3,FALSE,"default",0.882,0.063,0.889,-0.135514428665261,-0.000162564498431161,NA,0.118,0.063,NA,0.882,0.155468929722642,0.122256412921441
"simple_tmgt","Simple TMGT (inverted-U)",-0.15,0,1.33333333333333,340,1000,0.25,TRUE,0.3,0.3,0.3,FALSE,"default",0.478,0.047,0.493,-0.0809913605950764,0.00079083929094829,NA,0.522,0.047,NA,0.478,0.0976025425467141,0.0813670683754774
"simple_tmgt","Simple TMGT (inverted-U)",-0.15,0,1.33333333333333,340,1000,0.5,TRUE,0.3,0.3,0.3,FALSE,"default",0.173,0.049,0.174,-0.0408581413671337,0.00143759589502353,NA,0.827,0.049,NA,0.173,0.0606245397280273,0.0519291180081792
"simple_tmgt","Simple TMGT (inverted-U)",-0.15,0,1.33333333333333,340,1000,0,FALSE,0.3,0.3,0.3,FALSE,"default",0.895,0.052,0.903,-0.137160452775232,-0.00286044593015769,NA,0.105,0.052,NA,0.895,0.15621820756832,0.122476161332242
"simple_tmgt","Simple TMGT (inverted-U)",-0.15,0,1.33333333333333,340,1000,0.25,FALSE,0.3,0.3,0.3,FALSE,"default",0.472,0.057,0.484,-0.0793553127919428,0.00163906594486646,NA,0.528,0.057,NA,0.472,0.0849640962018633,0.0689665378844191
"simple_tmgt","Simple TMGT (inverted-U)",-0.15,0,1.33333333333333,340,1000,0.5,FALSE,0.3,0.3,0.3,FALSE,"default",0.173,0.05,0.18,-0.0411120023309357,0.000752481393877779,NA,0.827,0.05,NA,0.173,0.0421269214224999,0.0334227892770618
"simple_tmgt","Simple TMGT (inverted-U)",-0.15,0,1.33333333333333,340,1000,0.25,TRUE,0.3,0,0,TRUE,"default",0.478,0.061,0.481,-0.0810996127808701,-2.16616014976725e-05,NA,0.522,0.061,NA,0.478,0.0853349102359512,0.0690198882330274
"simple_tmgt","Simple TMGT (inverted-U)",-0.15,0,1.33333333333333,340,1000,0.25,TRUE,0.3,0.1,0,TRUE,"default",0.52,0.055,0.531,-0.0823061936295525,0.00135878449347604,NA,0.48,0.055,NA,0.52,0.0892230940065886,0.0724144717803679
"simple_tmgt","Simple TMGT (inverted-U)",-0.15,0,1.33333333333333,340,1000,0.5,TRUE,0.3,0,0,TRUE,"default",0.173,0.049,0.172,-0.0409054778789205,0.00222428576554789,NA,0.827,0.049,NA,0.173,0.0430713373993411,0.0341496531149102
"moderated_tmgt","Moderated TMGT (peak shifts with W)",-0.15,-0.05,1.33333333333333,200,1000,0,TRUE,0,0,0,FALSE,"default",0.644,0.134,0.659,-0.133404189458492,-0.0521138589135828,NA,0.356,NA,0.866,0.644,0.185233757550406,0.148929942186364
"moderated_tmgt","Moderated TMGT (peak shifts with W)",-0.15,-0.05,1.33333333333333,200,1000,0.25,TRUE,0,0,0,FALSE,"default",0.296,0.07,0.31,-0.0797365899228131,-0.0219442366167359,NA,0.704,NA,0.93,0.296,0.108201160289426,0.0884663954765113
"moderated_tmgt","Moderated TMGT (peak shifts with W)",-0.15,-0.05,1.33333333333333,200,1000,0.5,TRUE,0,0,0,FALSE,"default",0.125,0.048,0.128,-0.041461966105991,-0.00946946137486231,NA,0.875,NA,0.952,0.125,0.0600827765434945,0.0470872558261668
"moderated_tmgt","Moderated TMGT (peak shifts with W)",-0.15,-0.05,1.33333333333333,200,1000,0,FALSE,0,0,0,FALSE,"default",0.645,0.111,0.655,-0.133368471667381,-0.0458929235600227,NA,0.355,NA,0.889,0.645,0.183028223433624,0.147556381242831
"moderated_tmgt","Moderated TMGT (peak shifts with W)",-0.15,-0.05,1.33333333333333,200,1000,0.25,FALSE,0,0,0,FALSE,"default",0.297,0.081,0.298,-0.0775938064555865,-0.0254313864837033,NA,0.703,NA,0.919,0.297,0.10824543360878,0.0883407352578255
"moderated_tmgt","Moderated TMGT (peak shifts with W)",-0.15,-0.05,1.33333333333333,200,1000,0.5,FALSE,0,0,0,FALSE,"default",0.101,0.056,0.1,-0.0403862713937354,-0.00931041510491206,NA,0.899,NA,0.944,0.101,0.0605399046497812,0.0480934724672298
"moderated_tmgt","Moderated TMGT (peak shifts with W)",-0.15,-0.05,1.33333333333333,200,1000,0,TRUE,0.3,0.3,0.3,FALSE,"default",0.657,0.125,0.672,-0.135194692610889,-0.0504471889567929,NA,0.343,NA,0.875,0.657,0.187491772076276,0.150276436536709
"moderated_tmgt","Moderated TMGT (peak shifts with W)",-0.15,-0.05,1.33333333333333,200,1000,0.25,TRUE,0.3,0.3,0.3,FALSE,"default",0.3,0.068,0.313,-0.0802279774989796,-0.0225015411274279,NA,0.7,NA,0.932,0.3,0.121684680042746,0.102216524590174
"moderated_tmgt","Moderated TMGT (peak shifts with W)",-0.15,-0.05,1.33333333333333,200,1000,0.5,TRUE,0.3,0.3,0.3,FALSE,"default",0.106,0.058,0.109,-0.0409965058289787,-0.0102404396773096,NA,0.894,NA,0.942,0.106,0.0838664314029984,0.071816758303695
"moderated_tmgt","Moderated TMGT (peak shifts with W)",-0.15,-0.05,1.33333333333333,200,1000,0,FALSE,0.3,0.3,0.3,FALSE,"default",0.633,0.118,0.658,-0.132229938584016,-0.0463219429482661,NA,0.367,NA,0.882,0.633,0.183781328201522,0.148344536917758
"moderated_tmgt","Moderated TMGT (peak shifts with W)",-0.15,-0.05,1.33333333333333,200,1000,0.25,FALSE,0.3,0.3,0.3,FALSE,"default",0.294,0.09,0.313,-0.0799257453082859,-0.0239625551113053,NA,0.706,NA,0.91,0.294,0.108571391216681,0.0880980912883945
"moderated_tmgt","Moderated TMGT (peak shifts with W)",-0.15,-0.05,1.33333333333333,200,1000,0.5,FALSE,0.3,0.3,0.3,FALSE,"default",0.124,0.064,0.115,-0.0384091238523435,-0.0100444364550175,NA,0.876,NA,0.936,0.124,0.0592590804252225,0.0463159714692902
"moderated_tmgt","Moderated TMGT (peak shifts with W)",-0.15,-0.05,1.33333333333333,200,1000,0.25,TRUE,0.3,0,0,TRUE,"default",0.284,0.066,0.274,-0.0763054761333211,-0.0263030309397431,NA,0.716,NA,0.934,0.284,0.107471294696857,0.0879162199896342
"moderated_tmgt","Moderated TMGT (peak shifts with W)",-0.15,-0.05,1.33333333333333,200,1000,0.25,TRUE,0.3,0.1,0,TRUE,"default",0.299,0.076,0.32,-0.080216078738019,-0.0227896373361528,NA,0.701,NA,0.924,0.299,0.113083304550509,0.0926908872208111
"moderated_tmgt","Moderated TMGT (peak shifts with W)",-0.15,-0.05,1.33333333333333,200,1000,0.5,TRUE,0.3,0,0,TRUE,"default",0.115,0.054,0.125,-0.0397840915394912,-0.0100911093217987,NA,0.885,NA,0.946,0.115,0.0613885028862356,0.0485155159227791
"moderated_tmgt","Moderated TMGT (peak shifts with W)",-0.15,-0.05,1.33333333333333,340,1000,0,TRUE,0,0,0,FALSE,"default",0.872,0.186,0.87,-0.133647673040696,-0.0472838698367461,NA,0.128,NA,0.814,0.872,0.176609630723134,0.143404873142368
"moderated_tmgt","Moderated TMGT (peak shifts with W)",-0.15,-0.05,1.33333333333333,340,1000,0.25,TRUE,0,0,0,FALSE,"default",0.446,0.091,0.447,-0.0772594085528775,-0.0240726292608532,NA,0.554,NA,0.909,0.446,0.0978182573946165,0.0818346229050811
"moderated_tmgt","Moderated TMGT (peak shifts with W)",-0.15,-0.05,1.33333333333333,340,1000,0.5,TRUE,0,0,0,FALSE,"default",0.151,0.053,0.155,-0.0395113224292254,-0.00682656188706558,NA,0.849,NA,0.947,0.151,0.0492130934725279,0.0408100591503918
"moderated_tmgt","Moderated TMGT (peak shifts with W)",-0.15,-0.05,1.33333333333333,340,1000,0,FALSE,0,0,0,FALSE,"default",0.89,0.217,0.886,-0.134419309225527,-0.0503527589943963,NA,0.11,NA,0.783,0.89,0.176555214782682,0.142791044768794
"moderated_tmgt","Moderated TMGT (peak shifts with W)",-0.15,-0.05,1.33333333333333,340,1000,0.25,FALSE,0,0,0,FALSE,"default",0.465,0.103,0.476,-0.0788032386214121,-0.0258903094992627,NA,0.535,NA,0.897,0.465,0.098852236941501,0.0827321984577251
"moderated_tmgt","Moderated TMGT (peak shifts with W)",-0.15,-0.05,1.33333333333333,340,1000,0.5,FALSE,0,0,0,FALSE,"default",0.152,0.053,0.155,-0.0399179934898721,-0.0129019678907808,NA,0.848,NA,0.947,0.152,0.0505863054524536,0.0420868670531102
"moderated_tmgt","Moderated TMGT (peak shifts with W)",-0.15,-0.05,1.33333333333333,340,1000,0,TRUE,0.3,0.3,0.3,FALSE,"default",0.887,0.188,0.895,-0.135543777434133,-0.0467250804999995,NA,0.113,NA,0.812,0.887,0.177429176001671,0.143885669224403
"moderated_tmgt","Moderated TMGT (peak shifts with W)",-0.15,-0.05,1.33333333333333,340,1000,0.25,TRUE,0.3,0.3,0.3,FALSE,"default",0.466,0.084,0.476,-0.0797310687400538,-0.0222142261674187,NA,0.534,NA,0.916,0.466,0.1138944829306,0.0978548600668498
"moderated_tmgt","Moderated TMGT (peak shifts with W)",-0.15,-0.05,1.33333333333333,340,1000,0.5,TRUE,0.3,0.3,0.3,FALSE,"default",0.172,0.056,0.173,-0.0394075913041586,-0.00917996974164945,NA,0.828,NA,0.944,0.172,0.0724639367073681,0.0641347502271599
"moderated_tmgt","Moderated TMGT (peak shifts with W)",-0.15,-0.05,1.33333333333333,340,1000,0,FALSE,0.3,0.3,0.3,FALSE,"default",0.875,0.157,0.872,-0.134949683532287,-0.0459915009421222,NA,0.125,NA,0.843,0.875,0.179258233845088,0.145654681872938
"moderated_tmgt","Moderated TMGT (peak shifts with W)",-0.15,-0.05,1.33333333333333,340,1000,0.25,FALSE,0.3,0.3,0.3,FALSE,"default",0.472,0.088,0.478,-0.079602221737413,-0.0241177993057343,NA,0.528,NA,0.912,0.472,0.0981958350905034,0.0818292582461111
"moderated_tmgt","Moderated TMGT (peak shifts with W)",-0.15,-0.05,1.33333333333333,340,1000,0.5,FALSE,0.3,0.3,0.3,FALSE,"default",0.17,0.047,0.167,-0.0391538826284236,-0.0115976922293331,NA,0.83,NA,0.953,0.17,0.049147378938518,0.0403896881035993
"moderated_tmgt","Moderated TMGT (peak shifts with W)",-0.15,-0.05,1.33333333333333,340,1000,0.25,TRUE,0.3,0,0,TRUE,"default",0.453,0.076,0.469,-0.077136919700234,-0.0233745725918616,NA,0.547,NA,0.924,0.453,0.0989986132623036,0.083379143659818
"moderated_tmgt","Moderated TMGT (peak shifts with W)",-0.15,-0.05,1.33333333333333,340,1000,0.25,TRUE,0.3,0.1,0,TRUE,"default",0.48,0.088,0.499,-0.0810861483409172,-0.0239900446095392,NA,0.52,NA,0.912,0.48,0.102889322130707,0.0861419934985555
"moderated_tmgt","Moderated TMGT (peak shifts with W)",-0.15,-0.05,1.33333333333333,340,1000,0.5,TRUE,0.3,0,0,TRUE,"default",0.151,0.066,0.159,-0.0398304612110157,-0.00989151327860574,NA,0.849,NA,0.934,0.151,0.0504927852652602,0.0418009001526807
"ideal_tmgt","Ideal TMGT (strong inverted-U)",-0.25,0,1,200,1000,0,TRUE,0,0,0,FALSE,"default",0.993,0.059,0.996,-0.243980765230408,-0.000309063252347305,NA,0.007,0.059,NA,0.993,0.3210459131934,0.223078380139442
"ideal_tmgt","Ideal TMGT (strong inverted-U)",-0.25,0,1,200,1000,0.25,TRUE,0,0,0,FALSE,"default",0.724,0.052,0.73,-0.14177430212755,0.00338976439827491,NA,0.276,0.052,NA,0.724,0.163732668636018,0.121477899558748
"ideal_tmgt","Ideal TMGT (strong inverted-U)",-0.25,0,1,200,1000,0.5,TRUE,0,0,0,FALSE,"default",0.27,0.056,0.281,-0.0705983913056922,0.000829379796086071,NA,0.73,0.056,NA,0.27,0.0750621246896235,0.0567855085859122
"ideal_tmgt","Ideal TMGT (strong inverted-U)",-0.25,0,1,200,1000,0,FALSE,0,0,0,FALSE,"default",0.993,0.065,0.994,-0.245326162487868,0.00302280994032717,NA,0.007,0.065,NA,0.993,0.320005574526863,0.221727439551836
"ideal_tmgt","Ideal TMGT (strong inverted-U)",-0.25,0,1,200,1000,0.25,FALSE,0,0,0,FALSE,"default",0.756,0.045,0.777,-0.144545209665037,0.000758348418185746,NA,0.244,0.045,NA,0.756,0.164198098868512,0.121918452271792
"ideal_tmgt","Ideal TMGT (strong inverted-U)",-0.25,0,1,200,1000,0.5,FALSE,0,0,0,FALSE,"default",0.243,0.054,0.261,-0.0671686046366948,5.76034502014351e-05,NA,0.757,0.054,NA,0.243,0.0744852513660482,0.0565597029933627
"ideal_tmgt","Ideal TMGT (strong inverted-U)",-0.25,0,1,200,1000,0,TRUE,0.3,0.3,0.3,FALSE,"default",0.992,0.068,0.994,-0.246573033253554,0.00110507956252483,NA,0.008,0.068,NA,0.992,0.320490086724198,0.220209133411096
"ideal_tmgt","Ideal TMGT (strong inverted-U)",-0.25,0,1,200,1000,0.25,TRUE,0.3,0.3,0.3,FALSE,"default",0.727,0.059,0.747,-0.140289787992791,0.000235582730744949,NA,0.273,0.059,NA,0.727,0.176616619482335,0.135840324083236
"ideal_tmgt","Ideal TMGT (strong inverted-U)",-0.25,0,1,200,1000,0.5,TRUE,0.3,0.3,0.3,FALSE,"default",0.283,0.062,0.289,-0.0713628271891877,0.00134268945741834,NA,0.717,0.062,NA,0.283,0.101533989772975,0.0825492553729316
"ideal_tmgt","Ideal TMGT (strong inverted-U)",-0.25,0,1,200,1000,0,FALSE,0.3,0.3,0.3,FALSE,"default",0.993,0.052,0.992,-0.242862523596784,0.00107594272182085,NA,0.007,0.052,NA,0.993,0.321168728312975,0.224572330573584
"ideal_tmgt","Ideal TMGT (strong inverted-U)",-0.25,0,1,200,1000,0.25,FALSE,0.3,0.3,0.3,FALSE,"default",0.73,0.064,0.757,-0.141581166147947,0.000988976528701819,NA,0.27,0.064,NA,0.73,0.15953799425804,0.118014588911406
"ideal_tmgt","Ideal TMGT (strong inverted-U)",-0.25,0,1,200,1000,0.5,FALSE,0.3,0.3,0.3,FALSE,"default",0.248,0.054,0.26,-0.0697533339131266,0.00120250549804286,NA,0.752,0.054,NA,0.248,0.0754593406973648,0.0576931638117811
"ideal_tmgt","Ideal TMGT (strong inverted-U)",-0.25,0,1,200,1000,0.25,TRUE,0.3,0,0,TRUE,"default",0.746,0.076,0.759,-0.143399238670202,0.000378139880776595,NA,0.254,0.076,NA,0.746,0.16351050370022,0.120575645776394
"ideal_tmgt","Ideal TMGT (strong inverted-U)",-0.25,0,1,200,1000,0.25,TRUE,0.3,0.1,0,TRUE,"default",0.714,0.074,0.73,-0.139296726355726,0.000997970011418982,NA,0.286,0.074,NA,0.714,0.165227005627907,0.123916212380848
"ideal_tmgt","Ideal TMGT (strong inverted-U)",-0.25,0,1,200,1000,0.5,TRUE,0.3,0,0,TRUE,"default",0.25,0.054,0.259,-0.0678491736352402,0.00146040864221384,NA,0.75,0.054,NA,0.25,0.0748961810454284,0.0565624684973945
"ideal_tmgt","Ideal TMGT (strong inverted-U)",-0.25,0,1,340,1000,0,TRUE,0,0,0,FALSE,"default",1,0.059,1,-0.243667181994135,-0.000542915380893902,NA,0,0.059,NA,1,0.314835216931566,0.217846431227427
"ideal_tmgt","Ideal TMGT (strong inverted-U)",-0.25,0,1,340,1000,0.25,TRUE,0,0,0,FALSE,"default",0.93,0.072,0.93,-0.141358654125184,-0.00125335171801154,NA,0.07,0.072,NA,0.93,0.151164696375463,0.112122671623454
"ideal_tmgt","Ideal TMGT (strong inverted-U)",-0.25,0,1,340,1000,0.5,TRUE,0,0,0,FALSE,"default",0.398,0.063,0.411,-0.0688202201007845,0.00041940723135675,NA,0.602,0.063,NA,0.398,0.0666582851445635,0.0522152350483118
"ideal_tmgt","Ideal TMGT (strong inverted-U)",-0.25,0,1,340,1000,0,FALSE,0,0,0,FALSE,"default",1,0.047,1,-0.244392596025882,0.000189792998544218,NA,0,0.047,NA,1,0.315731573206375,0.217799516121977
"ideal_tmgt","Ideal TMGT (strong inverted-U)",-0.25,0,1,340,1000,0.25,FALSE,0,0,0,FALSE,"default",0.903,0.064,0.914,-0.140614563582458,-0.00095763192887351,NA,0.097,0.064,NA,0.903,0.151528405815967,0.112836646179774
"ideal_tmgt","Ideal TMGT (strong inverted-U)",-0.25,0,1,340,1000,0.5,FALSE,0,0,0,FALSE,"default",0.422,0.057,0.423,-0.0705958844765837,-0.00290454776990725,NA,0.578,0.057,NA,0.422,0.0669154897350336,0.0521956813700884
"ideal_tmgt","Ideal TMGT (strong inverted-U)",-0.25,0,1,340,1000,0,TRUE,0.3,0.3,0.3,FALSE,"default",1,0.052,1,-0.245756135004682,-0.000268589436277093,NA,0,0.052,NA,1,0.317163876853845,0.218528129726981
"ideal_tmgt","Ideal TMGT (strong inverted-U)",-0.25,0,1,340,1000,0.25,TRUE,0.3,0.3,0.3,FALSE,"default",0.942,0.069,0.943,-0.140980901083407,-0.000259981852803145,NA,0.058,0.069,NA,0.942,0.167684588153984,0.129369587153628
"ideal_tmgt","Ideal TMGT (strong inverted-U)",-0.25,0,1,340,1000,0.5,TRUE,0.3,0.3,0.3,FALSE,"default",0.384,0.066,0.404,-0.0686327888803621,-0.0011062283411209,NA,0.616,0.066,NA,0.384,0.0883269517294058,0.0740643238541862
"ideal_tmgt","Ideal TMGT (strong inverted-U)",-0.25,0,1,340,1000,0,FALSE,0.3,0.3,0.3,FALSE,"default",1,0.048,1,-0.244961851891547,-0.000203407170340263,NA,0,0.048,NA,1,0.314530457442269,0.21609712761107
"ideal_tmgt","Ideal TMGT (strong inverted-U)",-0.25,0,1,340,1000,0.25,FALSE,0.3,0.3,0.3,FALSE,"default",0.926,0.076,0.931,-0.142437893893474,0.000833153437873075,NA,0.074,0.076,NA,0.926,0.156041974860381,0.116845826355777
"ideal_tmgt","Ideal TMGT (strong inverted-U)",-0.25,0,1,340,1000,0.5,FALSE,0.3,0.3,0.3,FALSE,"default",0.447,0.059,0.467,-0.0744555898143767,-0.0016004613507695,NA,0.553,0.059,NA,0.447,0.0662480419884362,0.0507152650511427
"ideal_tmgt","Ideal TMGT (strong inverted-U)",-0.25,0,1,340,1000,0.25,TRUE,0.3,0,0,TRUE,"default",0.908,0.061,0.913,-0.138977920390464,-0.00283832731853521,NA,0.092,0.061,NA,0.908,0.151642970551806,0.113978302418929
"ideal_tmgt","Ideal TMGT (strong inverted-U)",-0.25,0,1,340,1000,0.25,TRUE,0.3,0.1,0,TRUE,"default",0.921,0.08,0.928,-0.141460533872166,6.09767099014182e-06,NA,0.079,0.08,NA,0.921,0.157211894522017,0.118010773683791
"ideal_tmgt","Ideal TMGT (strong inverted-U)",-0.25,0,1,340,1000,0.5,TRUE,0.3,0,0,TRUE,"default",0.396,0.059,0.41,-0.0697530942620834,0.000542420652863803,NA,0.604,0.059,NA,0.396,0.0659079129242022,0.0513403968979966
"grant_ambivert","Grant (2013) ambivert advantage",-0.14,0,0,200,1000,0,TRUE,0,0,0,FALSE,"Grant (4-item, alpha ~ .85)",0.338,0.058,0.351,-0.111267836666549,-0.00404505196073062,NA,0.662,0.058,NA,0.338,0.0382316059727817,0.0156840679528271
"grant_ambivert","Grant (2013) ambivert advantage",-0.14,0,0,200,1000,0.25,TRUE,0,0,0,FALSE,"Grant (4-item, alpha ~ .85)",0.171,0.047,0.179,-0.0613444307025814,0.00091454799837272,NA,0.829,0.047,NA,0.171,0.030410398659287,0.0154678310175186
"grant_ambivert","Grant (2013) ambivert advantage",-0.14,0,0,200,1000,0.5,TRUE,0,0,0,FALSE,"Grant (4-item, alpha ~ .85)",0.09,0.057,0.103,-0.0387148847937415,0.00133638383227147,NA,0.91,0.057,NA,0.09,0.0275479517424713,0.0150068274677266
"grant_ambivert","Grant (2013) ambivert advantage",-0.14,0,0,200,1000,0,FALSE,0,0,0,FALSE,"Grant (4-item, alpha ~ .85)",0.339,0.059,0.35,-0.111331632512389,-0.00069824574252855,NA,0.661,0.059,NA,0.339,0.0387040315389142,0.0154666155990078
"grant_ambivert","Grant (2013) ambivert advantage",-0.14,0,0,200,1000,0.25,FALSE,0,0,0,FALSE,"Grant (4-item, alpha ~ .85)",0.173,0.048,0.162,-0.0596980741605356,0.00214997056307601,NA,0.827,0.048,NA,0.173,0.0304232505290032,0.0154937600240711
"grant_ambivert","Grant (2013) ambivert advantage",-0.14,0,0,200,1000,0.5,FALSE,0,0,0,FALSE,"Grant (4-item, alpha ~ .85)",0.096,0.054,0.1,-0.0362145287320034,0.00248308078067538,NA,0.904,0.054,NA,0.096,0.0284517232849342,0.0158448163648093
"grant_ambivert","Grant (2013) ambivert advantage",-0.14,0,0,200,1000,0,TRUE,0.3,0.3,0.3,FALSE,"Grant (4-item, alpha ~ .85)",0.33,0.062,0.339,-0.112726166062924,-0.00192222535353402,NA,0.67,0.062,NA,0.33,0.0388131971072648,0.0161778503036604
"grant_ambivert","Grant (2013) ambivert advantage",-0.14,0,0,200,1000,0.25,TRUE,0.3,0.3,0.3,FALSE,"Grant (4-item, alpha ~ .85)",0.201,0.056,0.222,-0.0647304589093017,-0.000735377909396454,NA,0.799,0.056,NA,0.201,0.0344552019706397,0.0180391810241627
"grant_ambivert","Grant (2013) ambivert advantage",-0.14,0,0,200,1000,0.5,TRUE,0.3,0.3,0.3,FALSE,"Grant (4-item, alpha ~ .85)",0.119,0.04,0.123,-0.0406147835856739,-0.000896625041681618,NA,0.881,0.04,NA,0.119,0.0330935689749853,0.0202265981109214
"grant_ambivert","Grant (2013) ambivert advantage",-0.14,0,0,200,1000,0,FALSE,0.3,0.3,0.3,FALSE,"Grant (4-item, alpha ~ .85)",0.349,0.077,0.361,-0.114186684272618,-0.00269243821114281,NA,0.651,0.077,NA,0.349,0.0392039489945284,0.0155265578380803
"grant_ambivert","Grant (2013) ambivert advantage",-0.14,0,0,200,1000,0.25,FALSE,0.3,0.3,0.3,FALSE,"Grant (4-item, alpha ~ .85)",0.165,0.057,0.183,-0.0614745474736971,-0.00152998807887615,NA,0.835,0.057,NA,0.165,0.0313574816883192,0.0156008790149127
"grant_ambivert","Grant (2013) ambivert advantage",-0.14,0,0,200,1000,0.5,FALSE,0.3,0.3,0.3,FALSE,"Grant (4-item, alpha ~ .85)",0.107,0.048,0.114,-0.0397083344028055,-3.54655259085259e-05,NA,0.893,0.048,NA,0.107,0.0281337316967626,0.0148149039293181
"grant_ambivert","Grant (2013) ambivert advantage",-0.14,0,0,200,1000,0.25,TRUE,0.3,0,0,TRUE,"Grant (4-item, alpha ~ .85)",0.185,0.053,0.192,-0.0618013043971851,-0.00698449136035743,NA,0.815,0.053,NA,0.185,0.0315218118274594,0.0155213458374923
"grant_ambivert","Grant (2013) ambivert advantage",-0.14,0,0,200,1000,0.25,TRUE,0.3,0.1,0,TRUE,"Grant (4-item, alpha ~ .85)",0.187,0.056,0.189,-0.0625026952603625,-0.000250763012439874,NA,0.813,0.056,NA,0.187,0.0312937327817994,0.0155690698201776
"grant_ambivert","Grant (2013) ambivert advantage",-0.14,0,0,200,1000,0.5,TRUE,0.3,0,0,TRUE,"Grant (4-item, alpha ~ .85)",0.119,0.058,0.125,-0.0378014066161207,-0.000858850622776328,NA,0.881,0.058,NA,0.119,0.0291888530960251,0.0160925621479625
"grant_ambivert","Grant (2013) ambivert advantage",-0.14,0,0,340,1000,0,TRUE,0,0,0,FALSE,"Grant (4-item, alpha ~ .85)",0.497,0.056,0.519,-0.108993169152428,-0.00228313777930632,NA,0.503,0.056,NA,0.497,0.0273466392870935,0.00910053813183101
"grant_ambivert","Grant (2013) ambivert advantage",-0.14,0,0,340,1000,0.25,TRUE,0,0,0,FALSE,"Grant (4-item, alpha ~ .85)",0.247,0.055,0.253,-0.0597980623778397,-0.00221247049635748,NA,0.753,0.055,NA,0.247,0.0197915122751715,0.00880705549174511
"grant_ambivert","Grant (2013) ambivert advantage",-0.14,0,0,340,1000,0.5,TRUE,0,0,0,FALSE,"Grant (4-item, alpha ~ .85)",0.148,0.056,0.162,-0.0384223073602769,0.000806187254985016,NA,0.852,0.056,NA,0.148,0.0177185635373889,0.00918359758152101
"grant_ambivert","Grant (2013) ambivert advantage",-0.14,0,0,340,1000,0,FALSE,0,0,0,FALSE,"Grant (4-item, alpha ~ .85)",0.556,0.057,0.567,-0.11476361507266,-0.000910082497136242,NA,0.444,0.057,NA,0.556,0.0285353714111828,0.00910949818842213
"grant_ambivert","Grant (2013) ambivert advantage",-0.14,0,0,340,1000,0.25,FALSE,0,0,0,FALSE,"Grant (4-item, alpha ~ .85)",0.249,0.052,0.261,-0.0596067435136551,-0.00137948411592999,NA,0.751,0.052,NA,0.249,0.0198652158483851,0.00896242405380324
"grant_ambivert","Grant (2013) ambivert advantage",-0.14,0,0,340,1000,0.5,FALSE,0,0,0,FALSE,"Grant (4-item, alpha ~ .85)",0.172,0.048,0.177,-0.0391144977141112,0.00160452517175925,NA,0.828,0.048,NA,0.172,0.0178731034017019,0.00898257759468324
"grant_ambivert","Grant (2013) ambivert advantage",-0.14,0,0,340,1000,0,TRUE,0.3,0.3,0.3,FALSE,"Grant (4-item, alpha ~ .85)",0.517,0.058,0.525,-0.110368306219308,-0.000282661526748328,NA,0.483,0.058,NA,0.517,0.0275543740575789,0.0092255821198814
"grant_ambivert","Grant (2013) ambivert advantage",-0.14,0,0,340,1000,0.25,TRUE,0.3,0.3,0.3,FALSE,"Grant (4-item, alpha ~ .85)",0.249,0.053,0.268,-0.0615732088372457,-0.000150957585289166,NA,0.751,0.053,NA,0.249,0.0217808230846231,0.0108204584444
"grant_ambivert","Grant (2013) ambivert advantage",-0.14,0,0,340,1000,0.5,TRUE,0.3,0.3,0.3,FALSE,"Grant (4-item, alpha ~ .85)",0.158,0.055,0.155,-0.0387412730687092,-0.00106319633687145,NA,0.842,0.055,NA,0.158,0.0225816195094243,0.013940076300654
"grant_ambivert","Grant (2013) ambivert advantage",-0.14,0,0,340,1000,0,FALSE,0.3,0.3,0.3,FALSE,"Grant (4-item, alpha ~ .85)",0.551,0.049,0.556,-0.11255070383538,-0.00360905542849732,NA,0.449,0.049,NA,0.551,0.0275320860359976,0.00931745851185502
"grant_ambivert","Grant (2013) ambivert advantage",-0.14,0,0,340,1000,0.25,FALSE,0.3,0.3,0.3,FALSE,"Grant (4-item, alpha ~ .85)",0.255,0.048,0.265,-0.0627424074605825,0.000242811084012671,NA,0.745,0.048,NA,0.255,0.0205204350514968,0.00950400679215358
"grant_ambivert","Grant (2013) ambivert advantage",-0.14,0,0,340,1000,0.5,FALSE,0.3,0.3,0.3,FALSE,"Grant (4-item, alpha ~ .85)",0.16,0.056,0.16,-0.0393523936124702,0.00212736188805423,NA,0.84,0.056,NA,0.16,0.0177911965477335,0.00917714010997907
"grant_ambivert","Grant (2013) ambivert advantage",-0.14,0,0,340,1000,0.25,TRUE,0.3,0,0,TRUE,"Grant (4-item, alpha ~ .85)",0.276,0.05,0.283,-0.0604910125240159,0.00146772661358052,NA,0.724,0.05,NA,0.276,0.0204847702143136,0.00905609040431458
"grant_ambivert","Grant (2013) ambivert advantage",-0.14,0,0,340,1000,0.25,TRUE,0.3,0.1,0,TRUE,"Grant (4-item, alpha ~ .85)",0.26,0.048,0.263,-0.0610105947795503,0.000754529271327682,NA,0.74,0.048,NA,0.26,0.0201894037187886,0.00913330387393043
"grant_ambivert","Grant (2013) ambivert advantage",-0.14,0,0,340,1000,0.5,TRUE,0.3,0,0,TRUE,"Grant (4-item, alpha ~ .85)",0.147,0.059,0.148,-0.0395535622783849,0.00036182813997049,NA,0.853,0.059,NA,0.147,0.017212428532459,0.00869606453402604
"grant_null","Grant-style null (linear extraversion only)",0,0,NA,200,1000,0,TRUE,0,0,0,FALSE,"Grant (4-item, alpha ~ .85)",0.06,0.055,0.054,-0.00175293971740539,1.09217651780041e-05,0.06,NA,0.055,NA,NA,0.0642214870553003,0.0544472390907582
"grant_null","Grant-style null (linear extraversion only)",0,0,NA,200,1000,0.25,TRUE,0,0,0,FALSE,"Grant (4-item, alpha ~ .85)",0.056,0.057,0.062,0.00330513693003567,0.00571528649292549,0.056,NA,0.057,NA,NA,0.0476680330255431,0.0376204744248629
"grant_null","Grant-style null (linear extraversion only)",0,0,NA,200,1000,0.5,TRUE,0,0,0,FALSE,"Grant (4-item, alpha ~ .85)",0.041,0.057,0.04,0.00138473269373344,0.002158664885421,0.041,NA,0.057,NA,NA,0.0409063744659391,0.0310093941084169
"grant_null","Grant-style null (linear extraversion only)",0,0,NA,200,1000,0,FALSE,0,0,0,FALSE,"Grant (4-item, alpha ~ .85)",0.049,0.053,0.053,0.000676285098119102,0.0040889110936277,0.049,NA,0.053,NA,NA,0.0662635472140867,0.0566543443289647
"grant_null","Grant-style null (linear extraversion only)",0,0,NA,200,1000,0.25,FALSE,0,0,0,FALSE,"Grant (4-item, alpha ~ .85)",0.045,0.053,0.046,0.00260419818326273,-0.0059830859115848,0.045,NA,0.053,NA,NA,0.0483966277549752,0.0378785299344639
"grant_null","Grant-style null (linear extraversion only)",0,0,NA,200,1000,0.5,FALSE,0,0,0,FALSE,"Grant (4-item, alpha ~ .85)",0.055,0.047,0.061,-0.00043846973182831,0.00113214665380309,0.055,NA,0.047,NA,NA,0.0386635134834487,0.0284037619289219
"grant_null","Grant-style null (linear extraversion only)",0,0,NA,200,1000,0,TRUE,0.3,0.3,0.3,FALSE,"Grant (4-item, alpha ~ .85)",0.05,0.051,0.05,0.00232953323582748,-0.00132429886311732,0.05,NA,0.051,NA,NA,0.0645891252096694,0.0548489935570198
"grant_null","Grant-style null (linear extraversion only)",0,0,NA,200,1000,0.25,TRUE,0.3,0.3,0.3,FALSE,"Grant (4-item, alpha ~ .85)",0.05,0.041,0.05,-0.00115725348910358,0.00272710383623604,0.05,NA,0.041,NA,NA,0.0570111158164697,0.0474036955555266
"grant_null","Grant-style null (linear extraversion only)",0,0,NA,200,1000,0.5,TRUE,0.3,0.3,0.3,FALSE,"Grant (4-item, alpha ~ .85)",0.054,0.055,0.048,0.00111341689568587,0.000187321716893972,0.054,NA,0.055,NA,NA,0.0547472723049703,0.0449475613400761
"grant_null","Grant-style null (linear extraversion only)",0,0,NA,200,1000,0,FALSE,0.3,0.3,0.3,FALSE,"Grant (4-item, alpha ~ .85)",0.058,0.041,0.056,0.00432709512907201,0.000144859460406306,0.058,NA,0.041,NA,NA,0.0650607683642469,0.0554283088570159
"grant_null","Grant-style null (linear extraversion only)",0,0,NA,200,1000,0.25,FALSE,0.3,0.3,0.3,FALSE,"Grant (4-item, alpha ~ .85)",0.047,0.058,0.049,0.00169165047984635,0.0023653380313772,0.047,NA,0.058,NA,NA,0.0471434124800515,0.0368081105516624
"grant_null","Grant-style null (linear extraversion only)",0,0,NA,200,1000,0.5,FALSE,0.3,0.3,0.3,FALSE,"Grant (4-item, alpha ~ .85)",0.05,0.05,0.052,0.000599602334472915,0.00122371419017307,0.05,NA,0.05,NA,NA,0.0388299057236027,0.0290085607710837
"grant_null","Grant-style null (linear extraversion only)",0,0,NA,200,1000,0.25,TRUE,0.3,0,0,TRUE,"Grant (4-item, alpha ~ .85)",0.057,0.049,0.054,-0.00485574539746802,-0.00143924471316052,0.057,NA,0.049,NA,NA,0.049367569456669,0.0394649663395069
"grant_null","Grant-style null (linear extraversion only)",0,0,NA,200,1000,0.25,TRUE,0.3,0.1,0,TRUE,"Grant (4-item, alpha ~ .85)",0.059,0.06,0.052,-0.000801105547609032,-0.000879323453048634,0.059,NA,0.06,NA,NA,0.0523977334264315,0.0423620085334691
"grant_null","Grant-style null (linear extraversion only)",0,0,NA,200,1000,0.5,TRUE,0.3,0,0,TRUE,"Grant (4-item, alpha ~ .85)",0.051,0.046,0.05,-0.000773550633709908,-0.00272108018129669,0.051,NA,0.046,NA,NA,0.0380539675845944,0.0280631676545664
"grant_null","Grant-style null (linear extraversion only)",0,0,NA,340,1000,0,TRUE,0,0,0,FALSE,"Grant (4-item, alpha ~ .85)",0.053,0.059,0.052,0.00115580920542858,0.00537566069690419,0.053,NA,0.059,NA,NA,0.0554488695569988,0.0494382152861899
"grant_null","Grant-style null (linear extraversion only)",0,0,NA,340,1000,0.25,TRUE,0,0,0,FALSE,"Grant (4-item, alpha ~ .85)",0.047,0.052,0.051,0.000395104030895688,0.00215310411971667,0.047,NA,0.052,NA,NA,0.0380174155062902,0.0324006365809586
"grant_null","Grant-style null (linear extraversion only)",0,0,NA,340,1000,0.5,TRUE,0,0,0,FALSE,"Grant (4-item, alpha ~ .85)",0.048,0.039,0.048,0.00245293124640951,0.00124732992657193,0.048,NA,0.039,NA,NA,0.029354171517957,0.0239886633789387
"grant_null","Grant-style null (linear extraversion only)",0,0,NA,340,1000,0,FALSE,0,0,0,FALSE,"Grant (4-item, alpha ~ .85)",0.043,0.052,0.039,0.00180653781074133,0.00408077778364395,0.043,NA,0.052,NA,NA,0.0550403446009923,0.0495838506335813
"grant_null","Grant-style null (linear extraversion only)",0,0,NA,340,1000,0.25,FALSE,0,0,0,FALSE,"Grant (4-item, alpha ~ .85)",0.061,0.051,0.058,0.00151744177345572,0.000704448410842994,0.061,NA,0.051,NA,NA,0.0379572869064954,0.0321035964463626
"grant_null","Grant-style null (linear extraversion only)",0,0,NA,340,1000,0.5,FALSE,0,0,0,FALSE,"Grant (4-item, alpha ~ .85)",0.05,0.057,0.052,0.000718356857382602,-6.73310886445199e-05,0.05,NA,0.057,NA,NA,0.028548060368464,0.0228622461696765
"grant_null","Grant-style null (linear extraversion only)",0,0,NA,340,1000,0,TRUE,0.3,0.3,0.3,FALSE,"Grant (4-item, alpha ~ .85)",0.061,0.045,0.059,-0.000963847402296908,-0.000899100857536944,0.061,NA,0.045,NA,NA,0.0550777415563758,0.0492475104059522
"grant_null","Grant-style null (linear extraversion only)",0,0,NA,340,1000,0.25,TRUE,0.3,0.3,0.3,FALSE,"Grant (4-item, alpha ~ .85)",0.045,0.051,0.05,0.00180042699506087,0.000702944843506239,0.045,NA,0.051,NA,NA,0.0485382937115117,0.0427701788453532
"grant_null","Grant-style null (linear extraversion only)",0,0,NA,340,1000,0.5,TRUE,0.3,0.3,0.3,FALSE,"Grant (4-item, alpha ~ .85)",0.056,0.058,0.06,0.000867821125389246,-0.00170211739888312,0.056,NA,0.058,NA,NA,0.0431192756818455,0.0370367911036104
"grant_null","Grant-style null (linear extraversion only)",0,0,NA,340,1000,0,FALSE,0.3,0.3,0.3,FALSE,"Grant (4-item, alpha ~ .85)",0.051,0.056,0.054,0.00189029343542683,-0.0024286280344421,0.051,NA,0.056,NA,NA,0.0555867520863058,0.0497961888512485
"grant_null","Grant-style null (linear extraversion only)",0,0,NA,340,1000,0.25,FALSE,0.3,0.3,0.3,FALSE,"Grant (4-item, alpha ~ .85)",0.045,0.059,0.044,0.000188423598217189,-0.000826493737728991,0.045,NA,0.059,NA,NA,0.036910000600616,0.0311402513726906
"grant_null","Grant-style null (linear extraversion only)",0,0,NA,340,1000,0.5,FALSE,0.3,0.3,0.3,FALSE,"Grant (4-item, alpha ~ .85)",0.05,0.059,0.051,0.000462706139204496,-0.000714332299543382,0.05,NA,0.059,NA,NA,0.0300080389437039,0.0241149734262556
"grant_null","Grant-style null (linear extraversion only)",0,0,NA,340,1000,0.25,TRUE,0.3,0,0,TRUE,"Grant (4-item, alpha ~ .85)",0.045,0.052,0.05,-0.000711100079991254,-0.00203558794399332,0.045,NA,0.052,NA,NA,0.0376913863372804,0.0316784382026369
"grant_null","Grant-style null (linear extraversion only)",0,0,NA,340,1000,0.25,TRUE,0.3,0.1,0,TRUE,"Grant (4-item, alpha ~ .85)",0.066,0.059,0.06,0.00267143468969594,0.00135727097175893,0.066,NA,0.059,NA,NA,0.0408990532328965,0.0346884145182576
"grant_null","Grant-style null (linear extraversion only)",0,0,NA,340,1000,0.5,TRUE,0.3,0,0,TRUE,"Grant (4-item, alpha ~ .85)",0.059,0.037,0.056,-0.00124210715888834,0.000949304486025257,0.059,NA,0.037,NA,NA,0.0288521727008013,0.023295811201792
"grant_ambivert","Grant (2013) ambivert advantage",-0.14,0,0,340,1000,0,TRUE,0,0,0,FALSE,"Coarse (2-item, low reliability)",0.206,0.05,0.212,-0.0546700754177645,-7.92869680575178e-05,NA,0.794,0.05,NA,0.206,0.0190293329309814,0.00937145246407442
"grant_ambivert","Grant (2013) ambivert advantage",-0.14,0,0,340,1000,0.25,TRUE,0,0,0,FALSE,"Coarse (2-item, low reliability)",0.139,0.051,0.128,-0.0380014490607248,0.00423424129913497,NA,0.861,0.051,NA,0.139,0.0173249553528666,0.00923165552519476
"grant_ambivert","Grant (2013) ambivert advantage",-0.14,0,0,340,1000,0.5,TRUE,0,0,0,FALSE,"Coarse (2-item, low reliability)",0.1,0.046,0.103,-0.0283853499762894,0.00180262152821925,NA,0.9,0.046,NA,0.1,0.0159009804330358,0.00878245578871306
"grant_ambivert","Grant (2013) ambivert advantage",-0.14,0,0,340,1000,0,TRUE,0,0,0,FALSE,"Compressed midrange (poor ambiversion sensitivity)",0.066,0.045,0.066,-0.0339805531253406,0.00401044263469197,NA,0.934,0.045,NA,0.066,0.0153459856885122,0.00899745222744611
"grant_ambivert","Grant (2013) ambivert advantage",-0.14,0,0,340,1000,0.25,TRUE,0,0,0,FALSE,"Compressed midrange (poor ambiversion sensitivity)",0.04,0.037,0.045,-0.00710039241087609,-0.00360839100812951,NA,0.96,0.037,NA,0.04,0.014704312893965,0.00901486959012249
"grant_ambivert","Grant (2013) ambivert advantage",-0.14,0,0,340,1000,0.5,TRUE,0,0,0,FALSE,"Compressed midrange (poor ambiversion sensitivity)",0.044,0.051,0.047,-0.00563576632780813,0.000317313740308038,NA,0.956,0.051,NA,0.044,0.0146142031902938,0.00874960368487399
