filename,processed_at,master_id,refid,match_type,pdf_path,status,title,notes
EBSCO-FullText-06_24_2026-8.pdf,2026-06-24T18:35:45Z,M0188,,doi,review/EBSCO/pdfs/EBSCO_M0188_Liqing Zhong and Juhee Hahn_2026_Green_Transformational_Leadership_and_ValueActio.pdf,matched,Green Transformational Leadership and Value–Action Barrier on Employees’ Pro-Environmental Behavior: The Moderating Role of Green Brand Image in Chinese Food Manufacturing Enterprises,
EBSCO-FullText-02_23_2026.pdf,2026-06-24T18:35:55Z,,,,,unmatched,,; no master match
EBSCO-FullText-03_13_2026.pdf,2026-06-24T18:35:55Z,,,,,unmatched,A meta-analysis of the relationship between emotion recognition ability and intelligence,; no master match
EBSCO-FullText-06_24_2026-2.pdf,2026-06-24T18:35:55Z,M0073,142,doi_ambiguous,review/EBSCO/pdfs/EBSCO_M0073_Hu_2019_Disconnecting_to_detach_The_role_of_impaired_rec.pdf,matched,Disconnecting to detach: The role of impaired recovery in negative consequences of workplace telepressure,matched ebsco_export_50_records.csv by DOI
EBSCO-FullText-06_24_2026-3.pdf,2026-06-24T18:35:55Z,M0183,,doi,review/EBSCO/pdfs/EBSCO_M0183_Wang_2026_How_Workplace_Fun_Promotes_Employees_Innovative.pdf,duplicate,How Workplace Fun Promotes Employees’ Innovative Behavior: A Dual Mediation Model,master already has pdf: review/EBSCO/pdfs/EBSCO_M0183_Wang_2026_How_Workplace_Fun_Promotes_Employees_Innovative.pdf
EBSCO-FullText-06_24_2026-7.pdf,2026-06-24T18:35:56Z,M0187,,doi,review/EBSCO/pdfs/EBSCO_M0187_Gonglu Cheng_2026_The_Relationship_Between_School_Disconnectedness.pdf,matched,The Relationship Between School Disconnectedness and Adolescent Internet Addiction: A Moderated Mediation Model,
EBSCO-FullText-06_24_2026-4.pdf,2026-06-24T18:35:56Z,M0184,,doi,review/EBSCO/pdfs/EBSCO_M0184_Zhang_2026_The_Impact_of_Artificial_Intelligence_Usage_on_Affective.pdf,matched,The Impact of Artificial Intelligence Usage on Affective Work Well-Being: A Self-Determination Theory Perspective,"MDPI Behav. Sci. 2026,16,670; CMV Harman 36.115% + ULMF"
EBSCO-FullText-06_24_2026-5.pdf,2026-06-24T18:35:56Z,M0185,,title_fuzzy_1.000,review/EBSCO/pdfs/EBSCO_M0185_Wang_2026_The_impact_of_cultural_tourism_experience_on_cul.pdf,matched,The impact of cultural tourism experience on cultural identity: A case study of Mazu culture,
EBSCO-FullText-06_24_2026-6.pdf,2026-06-24T18:35:56Z,M0186,,doi,review/EBSCO/pdfs/EBSCO_M0186_Ju_2026_The_Green_Shield_How_Pro-Environmental_Advocacy.pdf,matched,The Green Shield: How Pro-Environmental Advocacy Protects Employees from Supervisor Ostracism,
EBSCO-FullText-06_24_2026.pdf,2026-06-24T18:35:56Z,M0679,,doi,review/EBSCO/pdfs/EBSCO_M0679_Pfrombeck_2020_A_study_of_organizational_cynicism_and_how_it_is.pdf,matched,A study of organizational cynicism and how it is affected by social exchange relationships at work,matched ebsco_export_50_records.csv by title
EBSCO-FullText-06_24_2026-9.pdf,2026-06-24T18:37:06Z,M0189,,doi,review/EBSCO/pdfs/EBSCO_M0189_Xiaoxue Tan_2026_PPA_A_555791_123.pdf,matched,PPA_A_555791 1..23,
EBSCO-FullText-06_24_2026-10.pdf,2026-06-24T18:37:23Z,M0190,,doi,review/EBSCO/pdfs/EBSCO_M0190_Li-Yuan Wang_2025_The_effects_of_peer_overqualification_on_dualist.pdf,matched,,
EBSCO-FullText-06_24_2026-11.pdf,2026-06-24T18:37:41Z,M0191,,doi,review/EBSCO/pdfs/EBSCO_M0191_information use and comprehension. Six hundred fifty undergraduate students from Henan_2025_Modeling_information_literacy_in_Chinese_physica.pdf,matched,,
EBSCO-FullText-06_24_2026-12.pdf,2026-06-24T18:38:43Z,M0192,,doi,review/EBSCO/pdfs/EBSCO_M0192_Tian_2025_The_Positive_Effects_of_Employee_AI_Dependence_o.pdf,matched,The Positive Effects of Employee AI Dependence on Voice Behavior—Based on Power Dependence Theory,
EBSCO-FullText-06_24_2026-14.pdf,2026-06-24T18:40:57Z,M0194,,title_fuzzy_1.000,review/EBSCO/pdfs/EBSCO_M0194_Intentions. Behavioral Sciences_2025_The_Double-Edged_Sword_Effect_of_Generative_AI_A.pdf,matched,The Double-Edged Sword Effect of Generative AI Adoption on Students’ Sustainable Entrepreneurship Intentions,
EBSCO-FullText-06_24_2026-15.pdf,2026-06-24T18:42:48Z,M0195,,doi,review/EBSCO/pdfs/EBSCO_M0195_Risk_2025_Cumulative_Family_Risk_and_Migrant_Childrens_Sch.pdf,matched,Cumulative Family Risk and Migrant Children’s School Adjustment: A Moderated Mediation Model of Relative Deprivation and Beliefs About Adversity,
EBSCO-FullText-06_24_2026-17.pdf,2026-06-24T18:42:48Z,M0197,,title_fuzzy_1.000,review/EBSCO/pdfs/EBSCO_M0197_Mechanism. Behavioral Sciences_2025_A_Paradox_of_Fit_How_Job_Complexity_Shapes_AI_Se.pdf,matched,A Paradox of Fit: How Job Complexity Shapes AI Self-Efficacy and AI Adoption Through a Curvilinear Mechanism,
EBSCO-FullText-06_24_2026-16.pdf,2026-06-24T18:42:48Z,M0196,,doi,review/EBSCO/pdfs/EBSCO_M0196_Relationship_2025_The_Relationship_Between_Career_Adaptability_and.pdf,matched,The Relationship Between Career Adaptability and Work Engagement Among Young Chinese Workers: Mediating Role of Job Satisfaction and Moderating Effects of Artificial Intelligence Self-Efficacy and Anxiety,
EBSCO-FullText-06_24_2026-13.pdf,2026-06-24T18:42:49Z,M0193,,doi,review/EBSCO/pdfs/EBSCO_M0193_Behavioral Sciences_2025_The_Organizational_Halo_How_Perceived_Philanthro.pdf,matched,The Organizational Halo: How Perceived Philanthropy Awareness Curbs Abusive Supervision via Moral Pride,
EBSCO-FullText-06_24_2026-18.pdf,2026-06-24T18:43:11Z,M0198,,doi,review/EBSCO/pdfs/EBSCO_M0198_Zhong_2025_Knowledge_Sharing_in_AI-Enabled_Workplaces_A_Soc.pdf,matched,Knowledge Sharing in AI-Enabled Workplaces: A Social Cognitive Perspective on Usefulness Perceptions and Competition,
EBSCO-FullText-06_24_2026-19.pdf,2026-06-24T18:45:28Z,M0199,,doi,review/EBSCO/pdfs/EBSCO_M0199_Journal of Psychosocial Research on Cyberspace_2025_Navigating_the_Digital_Landscape_Exploring_the_R.pdf,matched,,
EBSCO-FullText-06_24_2026-20.pdf,2026-06-24T18:45:33Z,M0200,,doi,review/EBSCO/pdfs/EBSCO_M0200_CORPUZ_2025_Development_and_initial_validation_of_the_Urban.pdf,matched,,
EBSCO-FullText-06_24_2026-21.pdf,2026-06-24T18:50:31Z,M0201,,doi,review/EBSCO/pdfs/EBSCO_M0201_Zhi Zeng_2025_Exploring_psychological_pathways_between_workpla.pdf,matched,Exploring psychological pathways between workplace violence and burnout among nurses in Chinese Tertiary Hospitals,title from PDF text fallback; matched ebsco_export_50_records.csv by title; PDF refs include spurious 10.1371/journal.pone.0259721 (citation only); article DOI 10.1038/s41598-025-19671-7
EBSCO-FullText-06_24_2026-22.pdf,2026-06-24T18:47:19Z,M0202,,doi,review/EBSCO/pdfs/EBSCO_M0202_Huang_2025_The_Relationships_Between_Contingent_Reward_Lead.pdf,matched,,
EBSCO-FullText-06_24_2026-24.pdf,2026-06-24T18:52:07Z,M0204,,doi,review/EBSCO/pdfs/EBSCO_M0204_Organization_2026_Relationships_Between_Organizational_Innovation.pdf,matched,"Relationships Between Organizational Innovation Climate, Creative Self-Efficacy, and Innovation Performance: A Cross-Sectional Study in Public Hospitals.",
EBSCO-FullText-06_24_2026-23.pdf,2026-06-24T18:52:07Z,M0203,,title_fuzzy_1.000,review/EBSCO/pdfs/EBSCO_M0203_Nursing Open_2026_The_Mediating_Role_of_Psychological_Capital_Betw.pdf,matched,The Mediating Role of Psychological Capital Between Caring Behaviour and Work Engagement of Nurses: A Cross‐Sectional Study,
EBSCO-FullText-06_24_2026-25.pdf,2026-06-24T18:50:30Z,M0205,,doi,review/EBSCO/pdfs/EBSCO_M0205_Pariona-Cabrera_2026_The_International_Journal_of_Human_Resource_Mana.pdf,matched,The International Journal of Human Resource Management Understanding police officers’ responses to moral injury: the aggravating effect of employee silence Patricia Pariona-Cabreraa,
EBSCO-FullText-06_24_2026-26.pdf,2026-06-24T18:50:45Z,M0206,,doi,review/EBSCO/pdfs/EBSCO_M0206_:_2026_Beyond_survival_gender_and_regional_dynamics_of.pdf,matched,Beyond survival: gender and regional dynamics of entrepreneurial success factors in transitional economy,
EBSCO-FullText-06_24_2026-27.pdf,2026-06-24T18:52:41Z,M0207,,doi,review/EBSCO/pdfs/EBSCO_M0207_Yue Changa_2026_The_International_Journal_of_Human_Resource_Mana.pdf,matched,"The International Journal of Human Resource Management Green human resource management and green supply chain integration: the mediating role of ambidextrous environmental strategy Yue Changa, Taiwen Fengb, Jianyu Tanc and Fenggang Xiand",
EBSCO-FullText-06_24_2026-28.pdf,2026-06-24T18:52:46Z,M0208,,doi,review/EBSCO/pdfs/EBSCO_M0208_Lee_2026_When_Choice_Disappears_Perceived_Coercion_and_Av.pdf,matched,When Choice Disappears: Perceived Coercion and Avoidance of Self-Service Technologies Among Older Consumers,
EBSCO-FullText-06_24_2026-29.pdf,2026-06-24T18:52:47Z,M0209,,doi,review/EBSCO/pdfs/EBSCO_M0209_Li_2025_How_Does_Human-Robot_Collaboration_Affect_Hotel.pdf,matched,How Does Human-Robot Collaboration Affect Hotel Employees’ Proactive Behavior? Jia-Min Lia,
EBSCO-FullText-06_24_2026-30.pdf,2026-06-24T18:53:45Z,M0210,,doi,review/EBSCO/pdfs/EBSCO_M0210_Uzkurt_2023_Green_information_systems_efforts_and_SMEs_envir.pdf,matched,Green information systems efforts and SMEs’ environmental and financial performance: how do eco-management practices shape the story? Cevahir Uzkurt,
EBSCO-FullText-06_24_2026-31.pdf,2026-06-24T18:54:40Z,M0211,,title_fuzzy_1.000,review/EBSCO/pdfs/EBSCO_M0211_G._2025_The_Dark_Side_of_Employees_Leadership_Potential.pdf,matched,The Dark Side of Employee’s Leadership Potential: Its Impact on Leader Jealousy and Ostracism,; PDF DOI 10.3390/ differs from master DOI 10.3390/bs15081001 (PLOS ONE vs Scientific Reports — may be wrong version or preprint)
EBSCO-FullText-06_24_2026-32.pdf,2026-06-24T18:55:11Z,M0212,,doi,review/EBSCO/pdfs/EBSCO_M0212_Zhang_2024_Psychology_in_the_Schools_RESEARCH_ARTICLE_Do_Re.pdf,matched,Psychology in the Schools RESEARCH ARTICLE Do Resilience and Performance Goals Mediate the Relationship Between Parental Educational Support and Chinese High School Students’ Self‐Regulated Learning? ‐ Based on the Social Cognitive Theory,
EBSCO-FullText-06_24_2026-33.pdf,2026-06-24T19:09:27Z,M0213,,doi,review/EBSCO/pdfs/EBSCO_M0213_Guosen Miao_2025_The_impact_of_corporate_social_responsibility_on.pdf,matched,The impact of corporate social responsibility on employee safety citizenship behavior in Chinese gas sector,
EBSCO-FullText-06_24_2026-34.pdf,2026-06-24T19:10:24Z,M0214,,doi,review/EBSCO/pdfs/EBSCO_M0214_Gonzalez_2025_Predictors_of_higher_education_dropout_intention.pdf,matched,Predictors of higher education dropout intention in the post-pandemic era: The mediating role of academic exhaustion,
EBSCO-FullText-06_24_2026-36.pdf,2026-06-24T19:12:00Z,M0216,,doi,review/EBSCO/pdfs/EBSCO_M0216_Lv_2023_Corporate_Social_Responsibility_and_Work_Engagem.pdf,matched,Corporate Social Responsibility and Work Engagement: A Moderated Serial Mediation Model,
EBSCO-FullText-06_24_2026-37.pdf,2026-06-24T19:12:29Z,M0217,,doi,review/EBSCO/pdfs/EBSCO_M0217_Yin_2025_The_Impact_of_Stigma_on_Autonomous_Motivation_Am.pdf,matched,The Impact of Stigma on Autonomous Motivation Among Psychiatric Hospital Staff in China: The Mediating Role of Turnover Intention,
EBSCO-FullText-06_24_2026-38.pdf,2026-06-24T19:13:51Z,M0218,,doi,review/EBSCO/pdfs/EBSCO_M0218_Yan_2025_Approach_or_Avoidance_How_Does_Employees_Generat.pdf,matched,Approach or Avoidance: How Does Employees’ Generative AI Awareness Shape Their Job Crafting Behavior? A Sensemaking Perspective,
EBSCO-FullText-06_24_2026-39.pdf,2026-06-24T19:14:17Z,M0219,,doi,review/EBSCO/pdfs/EBSCO_M0219_Peng_2025_From_physical_self-esteem_to_sports_participatio.pdf,matched,From physical self-esteem to sports participation: The mediating role of exercise motivation and social support in adolescents,
EBSCO-FullText-06_24_2026-40.pdf,2026-06-24T19:15:25Z,M0220,,doi,review/EBSCO/pdfs/EBSCO_M0220_Fan_2025_Proactive_Breakthrough_or_Passive_Exhaustion_A_D.pdf,matched,Proactive Breakthrough or Passive Exhaustion? A Dual-Path Integrated Model Driven by Perceived Overqualification,
EBSCO-FullText-06_24_2026-42.pdf,2026-06-24T19:16:53Z,M0222,,doi,review/EBSCO/pdfs/EBSCO_M0222_Kristine J. Olsona_2023_Mens_experiences_of_family_supportive_supervisor.pdf,matched,Men’s experiences of family supportive supervisor behavior through the lens of gender role traditionalism and nation of residence,
EBSCO-FullText-06_24_2026-41.pdf,2026-06-24T19:16:53Z,M0221,,doi,review/EBSCO/pdfs/EBSCO_M0221_Yang_2023_Coping_Responses_to_the_Stress_of_Using_News_Pla.pdf,matched,"Coping Responses to the Stress of Using News Platforms’ Recommendation Algorithms Jie Yanga,b",
EBSCO-FullText-06_24_2026-35.pdf,2026-06-24T19:17:20Z,M0215,,title_fuzzy_1.000,review/EBSCO/pdfs/EBSCO_M0215_to Work. Behavioral Sciences_2025_Back_to_Work_Running_on_Empty_How_Recovery_Needs.pdf,matched,"Back to Work, Running on Empty? How Recovery Needs and Perceived Organizational Support Shape Employees’ Vigor Upon Return to Work",; PDF DOI 10.3390/ differs from master DOI 10.3390/bs15070889 (PLOS ONE vs Scientific Reports — may be wrong version or preprint)
EBSCO-FullText-06_24_2026-43.pdf,2026-06-24T19:19:58Z,M0223,,doi,review/EBSCO/pdfs/EBSCO_M0223_Behavioral Sciences_2025_Coping_in_the_Face_of_Verbal_Aggression_The_Role.pdf,matched,Coping in the Face of Verbal Aggression: The Role of Self-Efficacy in Protecting Healthcare Professionals’ Well-Being and Job Satisfaction,
fpsyg-17-1853790.pdf,2026-06-24T19:20:17Z,M0224,,doi,review/EBSCO/pdfs/EBSCO_M0224_Yilmaz_2026_The_psychological_mechanisms_and_behavioral_dete.pdf,matched,The psychological mechanisms and behavioral determinants of academic integrity in the age of artificial intelligence,
fpsyg-17-1854548.pdf,2026-06-24T19:22:49Z,M0225,,doi,review/EBSCO/pdfs/EBSCO_M0225_Ma_2026_Positive_parenting_style_and_academic_burnout_in.pdf,matched,Positive parenting style and academic burnout in physical education teacher education students: a chain mediating model of physical activity and meaning in life,
fpsyg-17-1823846.pdf,2026-06-24T19:23:32Z,M0226,,doi,review/EBSCO/pdfs/EBSCO_M0226_Tong_2026_Beyond_prompt_engineering_the_associations_among.pdf,matched,"Beyond prompt engineering: the associations among creative self-efficacy, flow state, learner engagement, and psychological ownership in GenAI-assisted composition",
fpsyg-17-1838746.pdf,2026-06-24T19:25:02Z,M0229,,doi,review/EBSCO/pdfs/EBSCO_M0229_Yu_2026_Workplace_ostracism_and_political_behavior_a_mod.pdf,matched,Workplace ostracism and political behavior: a moderated mediation model of moral disengagement and supervisor-rated job performance,
fpsyg-17-1800281.pdf,2026-06-24T19:25:02Z,M0227,,doi,review/EBSCO/pdfs/EBSCO_M0227_Li_2026_From_overqualification_to_job_crafting_how_illeg.pdf,matched,From overqualification to job crafting: how illegitimate tasks and moral distress shape physicians’ self-regulation,
feduc-11-1805091.pdf,2026-06-24T19:25:09Z,M0230,,doi,review/EBSCO/pdfs/EBSCO_M0230_Ji_2026_The_mechanism_of_chained_psychological_resources.pdf,matched,The mechanism of chained psychological resources: the pathway of influence of mood states on executive function in art major candidates,
BLGv7U-fpsyg-17-1853790.pdf,2026-06-24T19:29:45Z,M0224,,doi,review/EBSCO/pdfs/EBSCO_M0224_Yilmaz_2026_The_psychological_mechanisms_and_behavioral_dete.pdf,duplicate,The psychological mechanisms and behavioral determinants of academic integrity in the age of artificial intelligence,; master already has pdf: review/EBSCO/pdfs/EBSCO_M0224_Yilmaz_2026_The_psychological_mechanisms_and_behavioral_dete.pdf
4YsWwF-fpsyg-17-1854548.pdf,2026-06-24T19:30:02Z,M0225,,doi,review/EBSCO/pdfs/EBSCO_M0225_Ma_2026_Positive_parenting_style_and_academic_burnout_in.pdf,duplicate,Positive parenting style and academic burnout in physical education teacher education students: a chain mediating model of physical activity and meaning in life,; master already has pdf: review/EBSCO/pdfs/EBSCO_M0225_Ma_2026_Positive_parenting_style_and_academic_burnout_in.pdf
zQu6Du-fpsyg-17-1823846.pdf,2026-06-24T19:30:22Z,M0226,,doi,review/EBSCO/pdfs/EBSCO_M0226_Tong_2026_Beyond_prompt_engineering_the_associations_among.pdf,duplicate,"Beyond prompt engineering: the associations among creative self-efficacy, flow state, learner engagement, and psychological ownership in GenAI-assisted composition",; master already has pdf: review/EBSCO/pdfs/EBSCO_M0226_Tong_2026_Beyond_prompt_engineering_the_associations_among.pdf
yMKme6-fpsyg-17-1800281.pdf,2026-06-24T19:31:15Z,M0227,,doi,review/EBSCO/pdfs/EBSCO_M0227_Li_2026_From_overqualification_to_job_crafting_how_illeg.pdf,duplicate,From overqualification to job crafting: how illegitimate tasks and moral distress shape physicians’ self-regulation,; master already has pdf: review/EBSCO/pdfs/EBSCO_M0227_Li_2026_From_overqualification_to_job_crafting_how_illeg.pdf
fmed-13-1818069.pdf,2026-06-24T19:31:19Z,M0228,,doi,review/EBSCO/pdfs/EBSCO_M0228_Yang_2026_Core_self-evaluation_and_learning_burnout_among.pdf,matched,Core self-evaluation and learning burnout among first-year medical students: a three-wave longitudinal study on the mediating roles of anxiety-related distress and problematic digital media use,
lEZJoi-fpsyg-17-1838746.pdf,2026-06-24T19:31:47Z,M0229,,doi,review/EBSCO/pdfs/EBSCO_M0229_Yu_2026_Workplace_ostracism_and_political_behavior_a_mod.pdf,duplicate,Workplace ostracism and political behavior: a moderated mediation model of moral disengagement and supervisor-rated job performance,; master already has pdf: review/EBSCO/pdfs/EBSCO_M0229_Yu_2026_Workplace_ostracism_and_political_behavior_a_mod.pdf
fpsyg-17-1789350.pdf,2026-06-24T19:32:12Z,M0231,,doi,review/EBSCO/pdfs/EBSCO_M0231_Li_2026_Beyond_words_developing_a_scale_to_measure_the_e.pdf,matched,Beyond words: developing a scale to measure the embodied professional literacy of K-12 physical education teachers,
sn6AWK-fpsyg-17-1759724.pdf,2026-06-24T19:32:30Z,M0232,,doi,review/EBSCO/pdfs/EBSCO_M0232_Zhang_2026_Status_and_influencing_factors_of_spiritual_clim.pdf,matched,Status and influencing factors of spiritual climate among oncology nurses: a cross-sectional study,
fpsyg-17-1782906.pdf,2026-06-24T19:33:26Z,M0233,,doi,review/EBSCO/pdfs/EBSCO_M0233_Yan_2026_The_cognitive_engine_of_evaluative_threat_social.pdf,matched,The cognitive engine of evaluative threat: socially prescribed perfectionism and Music Performance Anxiety—a moderated mediation analysis of rumination and self-compassion,
fpubh-14-1819684.pdf,2026-06-24T19:35:25Z,M0234,,doi,review/EBSCO/pdfs/EBSCO_M0234_Chen_2026_Analysis_of_hospital_resilience_in_public_health.pdf,matched,"Analysis of hospital resilience in public health emergencies using structural equation modeling: based on risk perception, resource preparedness, and team collaboration",
fpsyg-17-1830742.pdf,2026-06-24T19:35:52Z,M0235,,doi,review/EBSCO/pdfs/EBSCO_M0235_Theory_2026_Unpacking_the_impact_of_teacher_support_on_EAP-r.pdf,matched,Unpacking the impact of teacher support on EAP-related perceived academic achievement in EMI context: the mediating role of self-efficacy and academic engagement,
fpsyg-17-1773800.pdf,2026-06-24T19:36:13Z,M0236,,doi,review/EBSCO/pdfs/EBSCO_M0236_Bu_2026_The_relationship_between_shyness_and_short_video.pdf,matched,The relationship between shyness and short video addiction among college students: chain mediating role of social support and basic psychological needs,
fpsyg-17-1740508.pdf,2026-06-24T19:37:44Z,M0237,,doi,review/EBSCO/pdfs/EBSCO_M0237_Liu_2026_When_artificial_intelligence_becomes_a_job_resou.pdf,matched,When artificial intelligence becomes a job resource: how psychological capital fuels innovation in algorithm-driven workplaces,
s44217-026-01667-8.pdf,2026-06-24T19:41:18Z,M0238,,force_master_id,review/EBSCO/pdfs/EBSCO_M0238_Williams_2026_RESEARCH.pdf,matched,RESEARCH,"matched ebsco_export_50_records.csv by title; CORRECTION: reassigned from M0474 to M0238 (was mis-filed due to bad title parse ""RESEARCH""; PDF DOI 10.1007/s44217-026-01667-8 matches M0238)"
fpsyg-17-1746374.pdf,2026-06-24T19:38:25Z,M0239,,doi,review/EBSCO/pdfs/EBSCO_M0239_Luo_2026_The_relationship_between_mindfulness_self-contro.pdf,matched,"The relationship between mindfulness, self-control, and short video addiction among medical students",
fmars-13-1819880.pdf,2026-06-24T19:39:00Z,M0240,,doi,review/EBSCO/pdfs/EBSCO_M0240_Tianjiao Li_2026_The_impact_of_shipping_practitioners_low-carbon.pdf,matched,The impact of shipping practitioners’ low-carbon transition cognition on corporate green practices: a moderated mediation model,
fpsyg-17-1815824.pdf,2026-06-24T19:39:13Z,M0241,,doi,review/EBSCO/pdfs/EBSCO_M0241_Bi_2026_From_physical_workplaces_to_virtual_communities.pdf,matched,From physical workplaces to virtual communities: extending the job embeddedness construct and predicting digital makers’ continuance participation,
fpsyg-17-1788167.pdf,2026-06-24T19:39:43Z,M0242,,doi,review/EBSCO/pdfs/EBSCO_M0242_Li_2026_The_association_between_academic_self-esteem_and.pdf,matched,The association between academic self-esteem and college students’ positive psychological qualities: the mediating role of general self-efficacy,
DVA3ew-fpsyg-17-1788167.pdf,2026-06-24T19:41:06Z,M0242,,doi,review/EBSCO/pdfs/EBSCO_M0242_Li_2026_The_association_between_academic_self-esteem_and.pdf,duplicate,The association between academic self-esteem and college students’ positive psychological qualities: the mediating role of general self-efficacy,; master already has pdf: review/EBSCO/pdfs/EBSCO_M0242_Li_2026_The_association_between_academic_self-esteem_and.pdf
fpsyg-17-1532064.pdf,2026-06-24T19:42:29Z,M0243,,doi,review/EBSCO/pdfs/EBSCO_M0243_Wang_2024_Provoking_or_backfiring_A_contingent_model_of_ho.pdf,matched,Provoking or backfiring? A contingent model of how abusive supervision influences learning from failure through fear,
33MCih-fpsyg-17-1788167.pdf,2026-06-24T19:44:22Z,M0242,,doi,review/EBSCO/pdfs/EBSCO_M0242_Li_2026_The_association_between_academic_self-esteem_and.pdf,duplicate,The association between academic self-esteem and college students’ positive psychological qualities: the mediating role of general self-efficacy,; master already has pdf: review/EBSCO/pdfs/EBSCO_M0242_Li_2026_The_association_between_academic_self-esteem_and.pdf
fpubh-14-1835961.pdf,2026-06-24T19:45:58Z,M0244,,doi,review/EBSCO/pdfs/EBSCO_M0244_Wan_2026_Beyond_coexistence_the_asymmetric_interplay_of_h.pdf,matched,Beyond coexistence: the asymmetric interplay of health risk and promotion pathways driven by communication legacies across emerging and recurring epidemics,
JMDH-608329-latent-profile-analysis-of-family-resilience-and-its-associa.pdf,2026-06-24T19:46:09Z,M0245,,doi,review/EBSCO/pdfs/EBSCO_M0245_Linlin Ma_2025_JMDH_A_608329_115.pdf,matched,JMDH_A_608329 1..15,
fpsyg-17-1788145.pdf,2026-06-24T19:46:09Z,M0246,,doi,review/EBSCO/pdfs/EBSCO_M0246_Ko_2026_Why_perceived_organizational_virtue_matters_a_ps.pdf,matched,Why perceived organizational virtue matters: a psychological mechanism,
fpsyg-17-1795823.pdf,2026-06-24T19:46:30Z,M0247,,doi,review/EBSCO/pdfs/EBSCO_M0247_Zhao_2026_Time-lagged_effects_of_social_support_on_exercis.pdf,matched,"Time-lagged effects of social support on exercise adherence among Korean college students: serial mediation of self-efficacy, athletic identity, and intrinsic motivation",
f5J2xj-fpsyg-17-1788145.pdf,2026-06-24T19:46:46Z,M0246,,doi,review/EBSCO/pdfs/EBSCO_M0246_Ko_2026_Why_perceived_organizational_virtue_matters_a_ps.pdf,duplicate,Why perceived organizational virtue matters: a psychological mechanism,; master already has pdf: review/EBSCO/pdfs/EBSCO_M0246_Ko_2026_Why_perceived_organizational_virtue_matters_a_ps.pdf
fpsyg-17-1777854.pdf,2026-06-24T19:47:18Z,M0248,,doi,review/EBSCO/pdfs/EBSCO_M0248_He_2026_Associations_among_impostor_phenomenon_self-comp.pdf,matched,"Associations among impostor phenomenon, self-compassion, shame, and social anxiety in college students",
fpsyg-17-1767636.pdf,2026-06-24T19:47:46Z,M0249,,doi,review/EBSCO/pdfs/EBSCO_M0249_Benazir Ayesha_2026_Leadership_avoidance_as_a_rational_choice_among.pdf,matched,Leadership avoidance as a rational choice among women instructors in higher education: cross-cultural parallels,
fpsyg-17-1755265.pdf,2026-06-24T19:48:01Z,M0250,,doi,review/EBSCO/pdfs/EBSCO_M0250_Zuo_2026_The_pathways_to_teacher_growth_mediating_roles_o.pdf,matched,The pathways to teacher growth: mediating roles of motivation and self-efficacy within the community of inquiry framework,
fpubh-14-1780476.pdf,2026-06-24T19:48:23Z,M0252,,doi,review/EBSCO/pdfs/EBSCO_M0252_Huan Xu_2025_The_effect_of_social_capital_on_infectious_disea.pdf,matched,The effect of social capital on infectious disease-specific health literacy among community residents: the chain mediating effect of family health and psychological capital,
fpsyg-17-1797966.pdf,2026-06-24T19:48:25Z,M0251,,doi,review/EBSCO/pdfs/EBSCO_M0251_Xu_2026_Social_media_addiction_and_social_anxiety_among.pdf,matched,"Social media addiction and social anxiety among college students: the serial mediating roles of alienation, self-focused attention, and fear of negative evaluation",
fmed-13-1674680.pdf,2026-06-24T19:50:18Z,M0253,,doi,review/EBSCO/pdfs/EBSCO_M0253_Peng_2026_Sensory_processing_sensitivity_levels_in_patient.pdf,matched,Sensory processing sensitivity levels in patients with disorders of gut–brain interaction: a propensity score-matched cross-sectional study,
fpubh-14-1723969.pdf,2026-06-24T19:50:36Z,M0254,,doi,review/EBSCO/pdfs/EBSCO_M0254_Liu_2026_The_relationship_between_physical_activity_and_s.pdf,matched,The relationship between physical activity and subjective wellbeing in infertile women: the mediating role of positive feedback and self-efficacy,
fpsyg-17-1788475.pdf,2026-06-24T19:51:20Z,M0255,,doi,review/EBSCO/pdfs/EBSCO_M0255_Jiang_2026_Could_AI_risk_perception_AI_learning_anxiety_and.pdf,matched,"Could AI risk perception, AI learning anxiety and personal growth initiative influence university students’ AI usage capability? An empirical investigation based on the control-value theory",
EBSCO-FullText-06_24_2026-44.pdf,2026-06-24T19:52:51Z,M0257,,doi,review/EBSCO/pdfs/EBSCO_M0257_Kho_2026_Original_Article_Supervisors_as_Enhancers_of_Wor.pdf,matched,Original Article Supervisors as Enhancers of Workplace Resilience Training Promoting Training Transfer at Work and Perceptions of Support Madison C. Kho1and Monique F. Crane2,
4gf29L-systems-14-00369-v2.pdf,2026-06-24T19:53:02Z,M0256,,doi,review/EBSCO/pdfs/EBSCO_M0256_Ahmed Mohamed Hasanein_2026_Leading_Innovation_in_Tourism_and_Hospitality_Th.pdf,matched,Leading Innovation in Tourism and Hospitality: The Mediating Role of Knowledge Sharing and Organizational Agility,
EBSCO-FullText-06_24_2026-45.pdf,2026-06-24T19:53:10Z,M0258,,doi,review/EBSCO/pdfs/EBSCO_M0258_Lau_2026_How_Work_Autonomy_Enhances_Adaptive_Performance.pdf,matched,How Work Autonomy Enhances Adaptive Performance: The Sequential Role of Job Crafting Towards Strengths and Demands–Abilities Fit in Times of Crisis,
EBSCO-FullText-06_24_2026-46.pdf,2026-06-24T19:53:26Z,M0259,,doi,review/EBSCO/pdfs/EBSCO_M0259_:_2026_Accelerating_digital_transformation_key_drivers.pdf,matched,Accelerating digital transformation: key drivers of cloud computing adoption and firm performance outcomes in Malaysian SMEs,
EBSCO-FullText-06_24_2026-47.pdf,2026-06-24T19:55:06Z,M0261,,doi,review/EBSCO/pdfs/EBSCO_M0261_Chen_2025_When_Leader_Expectations_Inspire_and_When_They_O.pdf,matched,When Leader Expectations Inspire and When They Overwhelm: The Role of Growth Mindset and Prior Performance in Employee Emotional and Engagement Responses to Leader High Performance Expectations,
EBSCO-FullText-06_24_2026-48.pdf,2026-06-24T19:55:55Z,M0262,,doi,review/EBSCO/pdfs/EBSCO_M0262_Ha_2026_Digitalization_and_Employee_Health_and_Well-Bein.pdf,matched,Digitalization and Employee Health and Well-Being During COVID-19,
OA_M0353.pdf,2026-06-24T22:31:47Z,M0353,,doi,review/EBSCO/pdfs/EBSCO_M0353_:–_2024_Current_Psychology_2024_432314423155.pdf,matched,Current Psychology (2024) 43:23144–23155,title from PDF text fallback
EBSCO-FullText-06_25_2026.pdf,2026-06-25T19:04:08Z,M0263,,doi,review/EBSCO/pdfs/EBSCO_M0263_Shwetha M. Krishna and Somya Agrawal_2025_Entrepreneurial_Intentions_The_Role_of_Gender_an.pdf,matched,Entrepreneurial Intentions: The Role of Gender and Culture in Entrepreneurial Education,
EBSCO-FullText-06_25_2026-2.pdf,2026-06-25T19:04:44Z,M0264,,doi,review/EBSCO/pdfs/EBSCO_M0264_Karatepe_2026_Antecedents_and_Consequences_of_Customized_Produ.pdf,matched,Antecedents and Consequences of Customized Product Value,
EBSCO-FullText-06_25_2026-3.pdf,2026-06-25T19:05:29Z,M0265,,doi,review/EBSCO/pdfs/EBSCO_M0265_Zhang_2025_Hedonic_Beats_Utilitarian_Differential_Effects_o.pdf,matched,Hedonic Beats Utilitarian: Differential Effects of AI Chatbots and AR/VR on Consumer Engagement in E-Commerce,
EBSCO-FullText-06_25_2026-4.pdf,2026-06-25T19:06:15Z,M0266,,doi,review/EBSCO/pdfs/EBSCO_M0266_Qing Miaoa_2024_Volunteers_are_incompetent_how_the_stereotype_of.pdf,matched,‘Volunteers are incompetent’: how the stereotype of incompetence impacts new volunteer’s participation,
EBSCO-FullText-06_25_2026-5.pdf,2026-06-25T19:06:51Z,M0267,,doi,review/EBSCO/pdfs/EBSCO_M0267_Liu_2025_Linking_Developmental_HRM_to_Organizational_Dehu.pdf,matched,Linking Developmental HRM to Organizational Dehumanization Among Nurses: Work Meaningfulness as a Mediator and Mastery Climate as a Moderator,
EBSCO-FullText-06_25_2026-6.pdf,2026-06-25T19:07:27Z,M0268,,doi,review/EBSCO/pdfs/EBSCO_M0268_.._2025_Uluslararası_İktisadi_ve_İdari_İncelemeler_Dergi.pdf,matched,"Uluslararası İktisadi ve İdari İncelemeler Dergisi International Journal of Economic and Administrative Studies https://dergipark.org.tr/tr/pub/ulikidince UİİİD-IJEAS, 2025 (46) ISSN 1307-9832",
EBSCO-FullText-06_25_2026-7.pdf,2026-06-25T19:08:14Z,M0269,,doi,review/EBSCO/pdfs/EBSCO_M0269_© The Author(s)_2025_RESEARCH_PAPER_Accepted_8_January_2025.pdf,matched,RESEARCH PAPER Accepted: 8 January 2025,
EBSCO-FullText-06_25_2026-8.pdf,2026-06-25T19:08:41Z,M0270,,doi,review/EBSCO/pdfs/EBSCO_M0270_Petersen_2024_The_impact_of_biodiversity_information_on_willin.pdf,matched,The impact of biodiversity information on willingness to pay,
EBSCO-FullText-06_25_2026-9.pdf,2026-06-25T19:09:33Z,M0271,,doi,review/EBSCO/pdfs/EBSCO_M0271_Psychol._2023_Tasks_at_Hand_or_More_Challenges_The_Roles_of_Re.pdf,matched,Tasks at Hand or More Challenges: The Roles of Regulatory Focus and Job Insecurity in Predicting Work Behaviors,
EBSCO-FullText-06_25_2026-10.pdf,2026-06-25T19:10:11Z,M0272,,doi,review/EBSCO/pdfs/EBSCO_M0272_Magrone_2024_A_New_Look_at_Job_Demands_Resources_and_Voluntee.pdf,matched,"A New Look at Job Demands, Resources, and Volunteers’ Intentions to Leave: The Role of Work–Home Interference and Burnout",
EBSCO-FullText-06_25_2026-11.pdf,2026-06-25T19:11:30Z,M0273,,doi,review/EBSCO/pdfs/EBSCO_M0273_Huo_2024_Medical_Artificial_Intelligence_Information_Disc.pdf,matched,Medical Artificial Intelligence Information Disclosure on Healthcare Professional Involvement in Innovation: A Transactional Theory of Stress and Coping Model Weiwei Huoa,
EBSCO-FullText-06_25_2026-12.pdf,2026-06-25T19:12:26Z,M0274,,doi,review/EBSCO/pdfs/EBSCO_M0274_Yang_2023_How_does_mindful_leadership_promote_employee_gre.pdf,matched,How does mindful leadership promote employee green behavior? The moderating role of green human resource management,
EBSCO-FullText-06_25_2026-13.pdf,2026-06-25T19:14:41Z,M0275,,doi,review/EBSCO/pdfs/EBSCO_M0275_Mi Zhoua_2022_untitled.pdf,matched,untitled,
EBSCO-FullText-06_25_2026-14.pdf,2026-06-25T19:15:24Z,M0276,,doi,review/EBSCO/pdfs/EBSCO_M0276_Galbreath_2023_Sustainable_development_environmental_innovation.pdf,matched,"Sustainable development, environmental innovation and export firms: The moderating roles of external collaboration, creativity enhancement and internal development processes",
fpsyg-17-1767454.pdf,2026-06-25T19:15:49Z,M0277,,doi,review/EBSCO/pdfs/EBSCO_M0277_Kong_2026_From_cognitive_need_to_problematic_use_a_chained.pdf,matched,From cognitive need to problematic use: a chained mediation path moderated by academic stress and AI literacy,
fpsyg-17-1749175.pdf,2026-06-25T19:21:35Z,M0278,,doi,review/EBSCO/pdfs/EBSCO_M0278_Chang_2026_Psychological_mechanisms_underlying_employabilit.pdf,matched,Psychological mechanisms underlying employability among Chinese university students: a sequential mediation model and gender invariance analysis,
jur3ey-fpsyg-17-1767454.pdf,2026-06-25T19:21:38Z,M0277,,doi,review/EBSCO/pdfs/EBSCO_M0277_Kong_2026_From_cognitive_need_to_problematic_use_a_chained.pdf,duplicate,From cognitive need to problematic use: a chained mediation path moderated by academic stress and AI literacy,; master already has pdf: review/EBSCO/pdfs/EBSCO_M0277_Kong_2026_From_cognitive_need_to_problematic_use_a_chained.pdf
fpsyg-17-1731891.pdf,2026-06-25T19:22:00Z,M0279,,doi,review/EBSCO/pdfs/EBSCO_M0279_Li_2026_Flowing_toward_toughness_serial_mediation_of_flo.pdf,matched,Flowing toward toughness: serial mediation of flow and mental toughness in gamified XR soccer instruction,
fpsyg-17-1767900.pdf,2026-06-25T19:22:25Z,M0280,,doi,review/EBSCO/pdfs/EBSCO_M0280_Yan_2026_The_mediating_role_of_professional_self-concept.pdf,matched,The mediating role of professional self-concept in how teacher professional development influences rural physical education teachers' work engagement: a moderated mediation analysis,
fpsyg-17-1763335.pdf,2026-06-25T19:23:10Z,M0281,,doi,review/EBSCO/pdfs/EBSCO_M0281_Wu_2026_How_Machiavellian_leadership_affects_employees_h.pdf,matched,How Machiavellian leadership affects employees' happiness at work: the role of psychological contract breach and coworker exchange,
A47SeT-fpsyg-17-1767900.pdf,2026-06-25T19:23:15Z,M0280,,doi,review/EBSCO/pdfs/EBSCO_M0280_Yan_2026_The_mediating_role_of_professional_self-concept.pdf,duplicate,The mediating role of professional self-concept in how teacher professional development influences rural physical education teachers' work engagement: a moderated mediation analysis,; master already has pdf: review/EBSCO/pdfs/EBSCO_M0280_Yan_2026_The_mediating_role_of_professional_self-concept.pdf
fpsyt-17-1751497.pdf,2026-06-25T19:23:32Z,M0282,,doi,review/EBSCO/pdfs/EBSCO_M0282_Bingyuan Lu †_2025_Flourishing_and_its_influencing_factor_in_inflam.pdf,matched,Flourishing and its influencing factor in inflammatory bowel disease patients: a latent profile analysis,
fpsyg-17-1687241.pdf,2026-06-25T19:24:20Z,M0283,,doi,review/EBSCO/pdfs/EBSCO_M0283_Jeon_2026_Understanding_individual-level_absorptive_capaci.pdf,matched,Understanding individual-level absorptive capacity: unpacking the roles of innovative attitude and motivation in perceived academic performance of Chinese international students in South Korea,
fpsyg-17-1734905.pdf,2026-06-25T19:26:18Z,M0285,,doi,review/EBSCO/pdfs/EBSCO_M0285_Wei Chen_2026_Positive_emotional_cues_at_work_how_customer_emp.pdf,matched,Positive emotional cues at work: how customer empowering behavior promotes proactive customer service via psychological safety,
IJGM-19-577884.pdf,2026-06-25T19:26:46Z,M0286,,doi,review/EBSCO/pdfs/EBSCO_M0286_Wenjia Li_2026_IJGM_A_577884_114.pdf,matched,IJGM_A_577884 1..14,
fpsyg-17-1751207.pdf,2026-06-25T19:27:09Z,M0287,,doi,review/EBSCO/pdfs/EBSCO_M0287_Li_2026_A_study_on_the_relationship_between_digital_lead.pdf,matched,"A study on the relationship between digital leadership, digital self-efficacy, and work engagement: the moderating role of technostress",
s43621-026-02680-5.pdf,2026-06-25T19:48:48Z,M0288,,force_master_id,review/EBSCO/pdfs/EBSCO_M0288_Williams_2026_RESEARCH.pdf,matched,RESEARCH,matched ebsco_export_50_records.csv by title
fpsyg-17-1676791.pdf,2026-06-25T19:28:36Z,M0289,,doi,review/EBSCO/pdfs/EBSCO_M0289_Yuqiang Liu_2025_Interpersonal_satisfaction_and_classroom_silence.pdf,matched,Interpersonal satisfaction and classroom silence in Chinese universities: the mediating role of social anxiety,
fpsyg-16-1662897.pdf,2026-06-25T19:28:39Z,M0290,,doi,review/EBSCO/pdfs/EBSCO_M0290_†_2025_How_relationship-oriented_behavior_influences_em.pdf,matched,How relationship-oriented behavior influences employee voice-silence conversion in cross-cultural virtual teams: the mediating role of psychological safety,
systems-14-00203.pdf,2026-06-25T19:28:55Z,M0291,,doi,review/EBSCO/pdfs/EBSCO_M0291_Tingting Zhao_2026_Resource_Endowments_Value_Cognition_and_Strategi.pdf,matched,"Resource Endowments, Value Cognition, and Strategic Risk-Taking: Explaining Carbon-Reduction Investments in Port Enterprises",
fpsyg-16-1706367.pdf,2026-06-25T19:29:12Z,M0292,,doi,review/EBSCO/pdfs/EBSCO_M0292_Gong_2026_From_retention_to_turnover_the_paradoxical_role.pdf,matched,From retention to turnover: the paradoxical role of career optimism and the moderating effect of psychological safety,
fpsyg-16-1701352.pdf,2026-06-25T19:29:48Z,M0293,,doi,review/EBSCO/pdfs/EBSCO_M0293_Kong_2026_The_impact_of_self-transcendence_values_on_coope.pdf,matched,The impact of self-transcendence values on cooperative behaviors: attitude mediation and emotional moderation,
fpsyg-16-1626218.pdf,2026-06-25T19:30:22Z,M0294,,doi,review/EBSCO/pdfs/EBSCO_M0294_Lyu_2025_Psychological_pathways_between_leadership_behavi.pdf,matched,Psychological pathways between leadership behavior and work-family balance: the mediating roles of employee satisfaction and perceived support,
fpubh-13-1687208.pdf,2026-06-25T19:30:52Z,M0295,,doi,review/EBSCO/pdfs/EBSCO_M0295_Feixuan Li_2025_The_influence_of_sports_technology_device_usage.pdf,matched,The influence of sports technology device usage on middle-aged health anxiety: chain mediation effects of health control perception and self-efficacy reconstruction,
fpubh-13-1711339.pdf,2026-06-25T19:31:01Z,M0296,,doi,review/EBSCO/pdfs/EBSCO_M0296_Jia Wang_2025_Influencing_factors_and_mediating_mechanisms_of.pdf,matched,Influencing factors and mediating mechanisms of job crafting in clinical nursing practice,
6.+6832+OK.pdf,2026-06-25T19:31:29Z,M0297,,doi,review/EBSCO/pdfs/EBSCO_M0297_Jl. Hayam Wuruk SH No. Semarang_2026_P-ISSN_2302-9315_Vol_14_No_1_Jan_2026_Page_61-71.pdf,matched,"P-ISSN: 2302-9315 Vol. 14, No. 1, Jan 2026, Page. 61-71 E-ISSN: 2714-7274",
Digital transformation in SMEs_ the impacts of strategic orientations and exploratory search strate.PDF,2026-06-25T19:33:11Z,M0298,,force_master_id,review/EBSCO/pdfs/EBSCO_M0298_LexisNexis_2026_About_LexisNexis_Privacy_Policy_Terms_Conditions.pdf,matched,"| About LexisNexis | Privacy Policy | Terms & Conditions | Copyright © 2020 LexisNexis User Name: = Date and Time: = 2026-06-25 Job Number: = 288305704 Documents (1) Client/Matter: -None- Search Terms: ""Digital transformation in SMEs: the impacts of strategic orientations and exploratory search strategies"" Search Type: bool",title from PDF text fallback
EBSCO-FullText-06_25_2026-15.pdf,2026-06-25T19:32:47Z,M0299,,doi,review/EBSCO/pdfs/EBSCO_M0299_Yana Dua_2023_Job_crafting_towards_strengths_and_interests_how.pdf,matched,Job crafting towards strengths and interests: how overqualification enhances creativity?,
EBSCO-FullText-06_25_2026-16.pdf,2026-06-25T19:33:31Z,M0300,,doi,review/EBSCO/pdfs/EBSCO_M0300_Xiao_2017_The_International_Journal_of_Human_Resource_Mana.pdf,matched,The International Journal of Human Resource Management,
EBSCO-FullText-06_25_2026-17.pdf,2026-06-25T19:34:07Z,M0301,,doi,review/EBSCO/pdfs/EBSCO_M0301_Xuanqi Zhaa_2025_The_International_Journal_of_Human_Resource_Mana.pdf,matched,The International Journal of Human Resource Management,
EBSCO-FullText-06_25_2026-18.pdf,2026-06-25T19:34:52Z,M0302,,doi,review/EBSCO/pdfs/EBSCO_M0302_:–_2024_Asia_Pacific_Journal_of_Management_2025_42237924.pdf,matched,Asia Pacific Journal of Management (2025) 42:2379–2400,title from PDF text fallback
EBSCO-FullText-06_25_2026-19.pdf,2026-06-25T19:36:51Z,M0303,,doi,review/EBSCO/pdfs/EBSCO_M0303_Feng_2024_The_Downside_of_Ethical_Convictions_Why_and_When.pdf,matched,The Downside of Ethical Convictions: Why and When Employees Reduce Ethical Voice in Response to Perceived Supervisor Ethical Conviction,
EBSCO-FullText-06_25_2026-20.pdf,2026-06-25T19:37:46Z,M0304,,doi,review/EBSCO/pdfs/EBSCO_M0304_Business Ethics_2023_HOW_MUCH_DOES_THE_BUSINESS_DEVELOPMENT_OF_CIRCUL.pdf,matched,HOW MUCH DOES THE BUSINESS DEVELOPMENT OF CIRCULAR ECO‐EFFICIENT PRACTICES IMPROVE BY SHAKING STAKEHOLDERS UP?,
EBSCO-FullText-06_25_2026-21.pdf,2026-06-25T19:38:00Z,M0305,,title_fuzzy_1.000,review/EBSCO/pdfs/EBSCO_M0305_Hongyi Cai_2025_Unpacking_the_Path_from_Knowledge_Heterogeneity.pdf,matched,Unpacking the Path from Knowledge Heterogeneity to Team Creativity: A Knowledge-Based View and Dynamic Capability Theory Perspective,; PDF DOI 10.3390/ differs from master DOI 10.3390/admsci15110408 (PLOS ONE vs Scientific Reports — may be wrong version or preprint)
EBSCO-FullText-06_25_2026-22.pdf,2026-06-25T19:38:46Z,M0306,,doi,review/EBSCO/pdfs/EBSCO_M0306_Yan_2025_Reading_Minds_Sparking_Ideas_How_Machiavellian_L.pdf,matched,"Reading Minds, Sparking Ideas: How Machiavellian Leaders Boost Team Creativity Through Cross-Understanding",
EBSCO-FullText-06_25_2026-23.pdf,2026-06-25T19:39:29Z,M0307,,doi,review/EBSCO/pdfs/EBSCO_M0307_Psychol._2023_The_More_You_Connect_the_Less_You_Connect_An_Exa.pdf,matched,The More You Connect; the Less You Connect: An Examination of the Role of Phubbing at Home and Job Crafting in the Crossover and Spillover Effects of Work‐Family Spousal Support on Employee Creativity,
EBSCO-FullText-06_25_2026-24.pdf,2026-06-25T19:40:25Z,M0308,,doi,review/EBSCO/pdfs/EBSCO_M0308_Kong_2024_The_Impact_of_Empowering_Leadership_on_Taking_Ch.pdf,matched,The Impact of Empowering Leadership on Taking Charge Behaviors: Mediating Strengths Use and Moderating Ambition,
EBSCO-FullText-06_25_2026-25.pdf,2026-06-25T19:41:39Z,M0309,,doi,review/EBSCO/pdfs/EBSCO_M0309_© The Author(s)_2024_ORIGINAL_RESEARCH_Accepted_17_June_2024_Publishe.pdf,matched,ORIGINAL RESEARCH Accepted: 17 June 2024 / Published online: 6 July 2024,
EBSCO-FullText-06_25_2026-26.pdf,2026-06-25T19:41:59Z,M0310,,doi,review/EBSCO/pdfs/EBSCO_M0310_Xie_2022_The_dark_side_of_creativity_its_connection_to_wo.pdf,matched,The dark side of creativity: its connection to work-family conflict,
EBSCO-FullText-06_25_2026-27.pdf,2026-06-25T19:42:34Z,M0311,,doi,review/EBSCO/pdfs/EBSCO_M0311_Technol._2023_Unleashing_Digital_Superheroes_Unraveling_the_Em.pdf,matched,Unleashing Digital Superheroes: Unraveling the Empathy Factor in Digital Competence and Online Teacher Autonomy Support,
EBSCO-FullText-06_25_2026-29.pdf,2026-06-25T19:43:40Z,M0313,,doi,review/EBSCO/pdfs/EBSCO_M0313_Human Resource Management_2024_The_buffering_role_of_antiviolence_human_resourc.pdf,matched,The buffering role of anti‐violence human resource management practices in shaping how police officers cope with workplace violence,
EBSCO-FullText-06_25_2026-28.pdf,2026-06-25T19:44:05Z,M0312,,doi,review/EBSCO/pdfs/EBSCO_M0312_SHEN_2023_THE_ROLES_OF_PARTNERING_AND_BOUNDARY_ACTIVITIES.pdf,matched,"ISSN 1392-3730 / eISSN 1822-3605 JOURNAL of CIVIL ENGINEERING and MANAGEMENT This is an Open Access article distributed under the terms of the Creative Commons Attribution License (http://creativecommons.org/licenses/by/4.0/), which permits unrestricted use, distribution, and reproduction in any medium, provided the original author and source are credited.",
EBSCO-FullText-06_25_2026-30.pdf,2026-06-25T19:44:21Z,M0314,,doi,review/EBSCO/pdfs/EBSCO_M0314_Carla_Azpíroz-Dorronsoro_2021_untitled.pdf,matched,untitled,
EBSCO-FullText-06_25_2026-31.pdf,2026-06-25T19:48:06Z,M0315,,force_master_id,review/EBSCO/pdfs/EBSCO_M0315_Williams_2024_RESEARCH.pdf,matched,RESEARCH,matched ebsco_export_50_records.csv by title; CORRECTION: was duplicate on M0474; reassigned to M0315 via force_master_id
EBSCO-FullText-06_25_2026-32.pdf,2026-06-25T19:45:58Z,M0316,,doi,review/EBSCO/pdfs/EBSCO_M0316_Finstad_2024_How_Is_Job_Insecurity_Related_to_Workers_WorkFam.pdf,matched,How Is Job Insecurity Related to Workers’ Work–Family Conflict during the Pandemic? The Mediating Role of Working Excessively and Techno-Overload,
EBSCO-FullText-06_25_2026-33.pdf,2026-06-25T19:46:44Z,M0317,,doi,review/EBSCO/pdfs/EBSCO_M0317_Lhaden_2025_Why_do_I_not_trust_my_employees_Predicting_facto.pdf,matched,Why do I (not) trust my employees? Predicting factors for leaders’ trust in employees Karma Lhadena and Isabel D. Dimasb,
EBSCO-FullText-06_25_2026-34.pdf,2026-06-25T19:47:17Z,M0318,,doi,review/EBSCO/pdfs/EBSCO_M0318__2024_When_and_Why_Negative_Supervisor_Gossip_Yields_F.pdf,matched,When and Why Negative Supervisor Gossip Yields Functional and Dysfunctional Consequences on Subordinate Interactive Behaviors,
EBSCO-FullText-06_25_2026-35.pdf,2026-06-25T19:48:16Z,M0319,,doi,review/EBSCO/pdfs/EBSCO_M0319__2023_From_Deception_to_Rejection_Unraveling_the_Impac.pdf,matched,From Deception to Rejection: Unraveling the Impact of Workplace Cheating Behavior on Coworker Ostracism,
EBSCO-FullText-06_25_2026-36.pdf,2026-06-25T19:48:58Z,M0320,,doi,review/EBSCO/pdfs/EBSCO_M0320_Kong_2025_DistinctivenessConformity_Paradox_How_to_Leverag.pdf,matched,“Distinctiveness–Conformity” Paradox: How to Leverage Digital Platform Capabilities to Enhance SMEs Ecological Niches,
fpsyg-16-1717060.pdf,2026-06-25T19:49:35Z,M0321,,doi,review/EBSCO/pdfs/EBSCO_M0321_Yu_Hu_2025_The_relationship_between_college_students_legal.pdf,matched,The relationship between college students’ legal cognition and maladaptive risk-taking behaviors: the moderating effect of need for cognitive closure,
EBSCO-FullText-06_25_2026-37.pdf,2026-06-25T20:15:55Z,M0190,,doi,review/EBSCO/pdfs/EBSCO_M0190_Li-Yuan Wang_2025_The_effects_of_peer_overqualification_on_dualist.pdf,duplicate,The effects of peer overqualification on dualistic work passion through the sequential mediation of perceived competitive climate and job anxiety,; master already has pdf: review/EBSCO/pdfs/EBSCO_M0190_Li-Yuan Wang_2025_The_effects_of_peer_overqualification_on_dualist.pdf
fpsyg-16-1689939.pdf,2026-06-25T20:16:23Z,M0323,,doi,review/EBSCO/pdfs/EBSCO_M0323_Jingrui_Ji_2024_The_role_of_social_support_in_the_association_be.pdf,matched,The role of social support in the association between quality of life and demoralization in patients with inflammatory bowel disease: a cross-sectional study,
fpsyg-16-1667520.pdf,2026-06-25T20:16:46Z,M0324,,doi,review/EBSCO/pdfs/EBSCO_M0324_Miao_2025_The_threshold_moderating_effect_of_self-efficacy.pdf,matched,The threshold moderating effect of self-efficacy: a nonlinear transformation mechanism of work passion on job satisfaction among sports practitioners,
fpsyg-16-1575832.pdf,2026-06-25T20:18:01Z,M0325,,doi,review/EBSCO/pdfs/EBSCO_M0325_Wei_Wei_2025_Online_Fitness_Content_as_a_behavioral_catalyst.pdf,matched,Online Fitness Content as a behavioral catalyst: extending the Theory of Planned Behavior to unmask time-dependent effects on resistance training engagement,
EBSCO-FullText-06_25_2026-38.pdf,2026-06-25T20:18:06Z,M0191,,doi,review/EBSCO/pdfs/EBSCO_M0191_information use and comprehension. Six hundred fifty undergraduate students from Henan_2025_Modeling_information_literacy_in_Chinese_physica.pdf,duplicate,"Modeling information literacy in Chinese physical education: the roles of technology integration, teaching practices, self-efficacy, and academic performance Xiangle Zhang & Hongxia Tian This study used a cross-sectional survey design to examine how Chinese physical education institutions employ technology to improve pedagogy, classroom climate, educational resources, and students’ information use and comprehension. Six hundred fifty undergraduate students from Henan, Hebei, Guangdong, Jiangsu, and Sichuan participated in the survey, which was analyzed using structural",; master already has pdf: review/EBSCO/pdfs/EBSCO_M0191_information use and comprehension. Six hundred fifty undergraduate students from Henan_2025_Modeling_information_literacy_in_Chinese_physica.pdf
EBSCO-FullText-06_25_2026-39.pdf,2026-06-25T20:18:20Z,M0192,,doi,review/EBSCO/pdfs/EBSCO_M0192_Tian_2025_The_Positive_Effects_of_Employee_AI_Dependence_o.pdf,duplicate,The Positive Effects of Employee AI Dependence on Voice Behavior—Based on Power Dependence Theory,; master already has pdf: review/EBSCO/pdfs/EBSCO_M0192_Tian_2025_The_Positive_Effects_of_Employee_AI_Dependence_o.pdf
EBSCO-FullText-06_25_2026-40.pdf,2026-06-25T20:22:12Z,M0193,,doi,review/EBSCO/pdfs/EBSCO_M0193_Behavioral Sciences_2025_The_Organizational_Halo_How_Perceived_Philanthro.pdf,duplicate,The Organizational Halo: How Perceived Philanthropy Awareness Curbs Abusive Supervision via Moral Pride,; master already has pdf: review/EBSCO/pdfs/EBSCO_M0193_Behavioral Sciences_2025_The_Organizational_Halo_How_Perceived_Philanthro.pdf
EBSCO-FullText-06_25_2026-41.pdf,2026-06-25T20:22:17Z,M0194,,title_fuzzy_1.000,review/EBSCO/pdfs/EBSCO_M0194_Intentions. Behavioral Sciences_2025_The_Double-Edged_Sword_Effect_of_Generative_AI_A.pdf,duplicate,The Double-Edged Sword Effect of Generative AI Adoption on Students’ Sustainable Entrepreneurship Intentions,; PDF DOI 10.3390/ differs from master DOI 10.3390/bs15121705 (PLOS ONE vs Scientific Reports — may be wrong version or preprint); master already has pdf: review/EBSCO/pdfs/EBSCO_M0194_Intentions. Behavioral Sciences_2025_The_Double-Edged_Sword_Effect_of_Generative_AI_A.pdf
EBSCO-FullText-06_25_2026-42.pdf,2026-06-25T20:22:31Z,M0195,,doi,review/EBSCO/pdfs/EBSCO_M0195_Risk_2025_Cumulative_Family_Risk_and_Migrant_Childrens_Sch.pdf,duplicate,Cumulative Family Risk and Migrant Children’s School Adjustment: A Moderated Mediation Model of Relative Deprivation and Beliefs About Adversity,; master already has pdf: review/EBSCO/pdfs/EBSCO_M0195_Risk_2025_Cumulative_Family_Risk_and_Migrant_Childrens_Sch.pdf
EBSCO-FullText-06_25_2026-43.pdf,2026-06-25T20:22:40Z,M0196,,doi,review/EBSCO/pdfs/EBSCO_M0196_Relationship_2025_The_Relationship_Between_Career_Adaptability_and.pdf,duplicate,The Relationship Between Career Adaptability and Work Engagement Among Young Chinese Workers: Mediating Role of Job Satisfaction and Moderating Effects of Artificial Intelligence Self-Efficacy and Anxiety,; master already has pdf: review/EBSCO/pdfs/EBSCO_M0196_Relationship_2025_The_Relationship_Between_Career_Adaptability_and.pdf
fpsyg-16-1662636.pdf,2026-06-25T20:34:06Z,,,,,unmatched,The impact of social support on the quality of sports participation among individuals with disabilities: the chain mediating effects of psychological capital and self-esteem,; no master match
s40359-025-03570-7.pdf,2026-06-25T20:34:38Z,M0474,,doi,review/EBSCO/pdfs/EBSCO_M0474_Williams_2025_RESEARCH.pdf,matched,RESEARCH,matched ebsco_export_50_records.csv by title; PDF DOI 10.1186/s40359-025-03570-7 differs from master DOI 10.1007/s10869-015-9422-9 (PLOS ONE vs Scientific Reports — may be wrong version or preprint)
s43621-025-02087-8.pdf,2026-06-25T20:35:26Z,M0474,,doi,review/EBSCO/pdfs/EBSCO_M0474_Williams_2025_RESEARCH.pdf,duplicate,RESEARCH,matched ebsco_export_50_records.csv by title; PDF DOI 10.1007/s43621-025-02087-8 differs from master DOI 10.1007/s10869-015-9422-9 (PLOS ONE vs Scientific Reports — may be wrong version or preprint); master already has pdf: review/EBSCO/pdfs/EBSCO_M0474_Williams_2025_RESEARCH.pdf
s40359-025-03570-7.pdf,2026-06-25T20:37:10Z,M0474,,CORRECTION,review/EBSCO/pdfs/imports/Lin_2025_s40359-025-03570-7.pdf,unmatched,RESEARCH,"CORRECTION: unlinked from M0474 (PDF is Lin et al. 2025 BMC Psychology DOI 10.1186/s40359-025-03570-7, not Williams & McGonagle 2016 DOI 10.1007/s10869-015-9422-9); moved from review/EBSCO/pdfs/EBSCO_M0474_Williams_2025_RESEARCH.pdf to imports holding name"
026_Williams_McGonagle_2016_Four_Research_Designs_and_a_Comprehe.pdf,2026-06-25T20:38:30Z,M0474,,force_master_id,review/EBSCO/pdfs/EBSCO_M0474_York_2003_CrossMark_Color_LM_Logopdf.pdf,matched,CrossMark_Color_LM_Logo.pdf,; PDF DOI 10.1037/a0037974 differs from master DOI 10.1007/s10869-015-9422-9 (PLOS ONE vs Scientific Reports — may be wrong version or preprint)
EBSCO-FullText-06_25_2026-44.pdf,2026-06-25T20:41:43Z,M0201,,doi,review/EBSCO/pdfs/EBSCO_M0201_Zhi Zeng_2025_Exploring_psychological_pathways_between_workpla.pdf,duplicate,Exploring psychological pathways between workplace violence and burnout among nurses in Chinese Tertiary Hospitals,; master already has pdf: review/EBSCO/pdfs/EBSCO_M0201_Zhi Zeng_2025_Exploring_psychological_pathways_between_workpla.pdf
fpubh-13-1649455.pdf,2026-06-25T20:42:17Z,,,,,unmatched,"Relationship among service accessibility, social norms, herpes zoster vaccination intention of middle-aged and older adults in Chongqing: mediating role of perceived usefulness",; no master match
Liang_2025_fpsyg-16-1661379.pdf,2026-06-26T21:51:20Z,M0726,,doi,review/EBSCO/pdfs/imports/Liang_2025_fpsyg-16-1661379.pdf,matched,The impact of work concerns on teaching effectiveness: a structural equation modeling and multiple regression analysis in Chinese private universities.,EBSCO position 152; manual ingest 2026-06-26; replaced prior unmatched fpsyg-16-1661379.pdf
fpsyg-16-1646817.pdf,2026-06-25T20:44:04Z,,,,,unmatched,Surround yourself with creative people: How employee narcissism connects to creativity,; no master match
systems-13-00905.pdf,2026-06-25T20:44:24Z,,,,,unmatched,Analysis of the Effects of CSR and Compliance Programs on Organizational Reputation,; no master match
bioengineering-12-01056.pdf,2026-06-25T20:45:01Z,,,,,unmatched,Measuring the Impact of Large Language Models on Academic Success and Quality of Life Among Students with Visual Disability: An Assistive Technology Perspective,; no master match
EBSCO-FullText-06_25_2026-45.pdf,2026-06-25T20:45:31Z,,,,,unmatched,"Parental Burnout, Negative Parenting Style, and Adolescents’ Development",; no master match
EBSCO-FullText-06_25_2026-46.pdf,2026-06-25T22:14:28Z,M0260,,doi,review/EBSCO/pdfs/EBSCO_M0260__2026_Algorithm_aversion_among_workers_in_on-demand_pl.pdf,matched,Algorithm aversion among workers in on-demand platforms: an exploration in the context of ride-hailing,
Trust-Mediated adoption of AI Robo-Advisors in inland c.PDF,2026-06-26T18:40:31Z,M0284,,force_master_id,review/EBSCO/pdfs/EBSCO_M0284_LexisNexis_2026_About_LexisNexis_Privacy_Policy_Terms_Conditions.pdf,matched,"| About LexisNexis | Privacy Policy | Terms & Conditions | Copyright © 2020 LexisNexis User Name: = Date and Time: = 2026-06-26 Job Number: = 288410049 Documents (1) Client/Matter: -None- Search Terms: ""Trust-Mediated adoption of AI Robo-Advisors in inland china: an extended UTAUT perspective"" Search Type: bool",title from PDF text fallback; PDF DOI 10.1080/02642069.2023.2176485 differs from master DOI 10.1057/s41264-025-00339-2 (PLOS ONE vs Scientific Reports — may be wrong version or preprint)
fpsyg-16-1645057.pdf,2026-06-26T18:40:34Z,M0326,,doi,review/EBSCO/pdfs/EBSCO_M0326_Deng_2025_Protecting_work_engagement_from_digital_fatigue.pdf,matched,Protecting work engagement from digital fatigue: the contingent roles of leadership style and network ties,
fpsyg-16-1722923.pdf,2026-06-26T18:40:34Z,M0327,,doi,review/EBSCO/pdfs/EBSCO_M0327_Liu_2025_The_impact_of_mission_valence_on_innovative_work.pdf,matched,"The impact of mission valence on innovative work behavior among civil servants: the roles of harmonious passion, spiritual leadership, and the organization's fault-tolerant climate",
fpsyg-16-1691027.pdf,2026-06-26T18:40:35Z,M0322,,doi,review/EBSCO/pdfs/EBSCO_M0322_Xiang_2025_The_relationship_between_teacher_care_and_Chines.pdf,matched,The relationship between teacher care and Chinese college students’ physical education class learning satisfaction: the chain mediation effect of exercise enjoyment and exercise self-efficacy,
Arredondo-Mendez_2025_systems-13-00905.pdf,2026-06-26T21:52:35Z,M0728,,doi,review/EBSCO/pdfs/imports/Arredondo-Mendez_2025_systems-13-00905.pdf,matched,Analysis of the Effects of CSR and Compliance Programs on Organizational Reputation.,EBSCO position 154; manual ingest 2026-06-26; replaced prior unmatched systems-13-00905.pdf
Guo_2025_fpsyg-16-1646817.pdf,2026-06-26T21:52:22Z,M0727,,doi,review/EBSCO/pdfs/imports/Guo_2025_fpsyg-16-1646817.pdf,matched,Surround yourself with creative people: How employee narcissism connects to creativity.,EBSCO position 153; manual ingest 2026-06-26; replaced prior unmatched fpsyg-16-1646817.pdf
Elshaer_2025_bioengineering-12-01056.pdf,2026-06-26T21:53:12Z,M0729,,doi,review/EBSCO/pdfs/imports/Elshaer_2025_bioengineering-12-01056.pdf,matched,Measuring the Impact of Large Language Models on Academic Success and Quality of Life Among Students with Visual Disability: An Assistive Technology Perspective,EBSCO position 155; manual ingest 2026-06-26; replaced prior unmatched bioengineering-12-01056.pdf
Guo_2024_bs14030161.pdf,2026-06-26T21:53:21Z,M0428,,doi,review/EBSCO/pdfs/imports/Guo_2024_bs14030161.pdf,matched,"Parental Burnout, Negative Parenting Style, and Adolescents' Development.",EBSCO position 156; manual ingest 2026-06-26; replaced prior unmatched EBSCO-FullText-06_25_2026-45.pdf
Gentina_2024_10508422.2022.2151012.pdf,2026-06-26T22:12:57Z,M0429,,doi,review/EBSCO/pdfs/imports/Gentina_2024_10508422.2022.2151012.pdf,matched,Youth materialism and consumer ethics: do Gen Z adolescents' self-concepts (power and self-esteem) vary across cultures (China vs. France)?,EBSCO position 157; manual ingest 2026-06-26; replaced prior unmatched EBSCO-FullText-06_26_2026-3.pdf
Hanley_2024_hequ.12450.pdf,2026-06-26T22:12:57Z,M0430,,doi,review/EBSCO/pdfs/imports/Hanley_2024_hequ.12450.pdf,matched,Broken engagement: The role of grit and LMX in enhancing faculty engagement.,EBSCO position 158; manual ingest 2026-06-26; replaced prior unmatched EBSCO-FullText-06_26_2026-4.pdf
Zhang_2023_journal.pone.0294074.pdf,2026-06-26T22:25:32Z,M0431,,doi,review/EBSCO/pdfs/imports/Zhang_2023_journal.pone.0294074.pdf,matched,"Gig worker's perceived algorithmic management, stress appraisal, and destructive deviant behavior.",EBSCO position 159; manual ingest 2026-06-26; source EBSCO-FullText-06_26_2026-5.pdf
EBSCO-FullText-06_26_2026-6.pdf,2026-06-26T22:27:42Z,M0730,,doi,review/EBSCO/pdfs/imports/Bernuzzi_2023_24721840.2023.2242391.pdf,matched,A Mixed-Method Study on Job Satisfaction Among Air Traffic Controllers During the Pandemic: The Roles of Work-Family Interface and Resilience.,EBSCO position 160; manual ingest 2026-06-26; source EBSCO-FullText-06_26_2026-6.pdf
1KVOLR-ContentServer.asp.pdf,2026-06-30T16:15:07Z,M0613,,doi,review/EBSCO/pdfs/EBSCO_M0613_Human_Resource_Managemen_2016_A_mutual_gains_perspective_on_workplace_partners.pdf,matched,A mutual gains perspective on workplace partnership: Employee outcomes and the mediating role of the employment relations climate,
Av358F-ContentServer.asp.pdf,2026-06-30T16:15:07Z,M0400,,doi_ebsco_pool,review/EBSCO/pdfs/EBSCO_M0073_Hu_2019_Disconnecting_to_detach_The_role_of_impaired_rec.pdf,duplicate,Disconnecting to detach: The role of impaired recovery in negative consequences of workplace telepressure,"matched ebsco_export_50_records.csv by DOI; DOI 10.5093/jwop2019a2 matches 2 master rows: M0073(refid=142, sources=legacy_182;zotero_inventory), M0400(refid=—, sources=ebsco_2026_06_batch5;ebsco_2026_06_batch). Review probable_duplicates_review.csv; use --force-master-id to override.; master already has pdf: review/EBSCO/pdfs/EBSCO_M0073_Hu_2019_Disconnecting_to_detach_The_role_of_impaired_rec.pdf"
Owens et al. - 2016 - Relational energy at work Implications for job en.pdf,2026-06-30T16:15:31Z,M0003,5,force_master_id,review/EBSCO/pdfs/EBSCO_M0003_construct_In_Study_2016_RELATIONAL_ENERGY_AT_WORK.pdf,matched,RELATIONAL ENERGY AT WORK,; synced 1 doi alias row(s)
sustainability-13-09675-v3.pdf,2026-06-30T16:15:08Z,M0100,181,doi_legacy,review/EBSCO/pdfs/EBSCO_M0100_Ahmad_2021_Understanding_the_Antecedents_and_Consequences_o.pdf,matched,Understanding the Antecedents and Consequences of Service-Sales Ambidexterity: A Motivation-Opportunity-Ability (MOA) Framework,"; DOI 10.3390/su13179675 matches 2 master rows: M0100(refid=181, sources=legacy_182;zotero_inventory), M0695(refid=—, sources=extraction_csv). Review probable_duplicates_review.csv; use --force-master-id to override.; synced 1 doi alias row(s)"
Williams_McGonagle_2016_Four_Research_Designs_and_a_Comprehensive_Analysis_Strategy_for_Investigating.pdf,2026-06-30T16:15:30Z,M0479,,force_master_id,review/EBSCO/pdfs/EBSCO_M0479_York_2003_CrossMark_Color_LM_Logopdf.pdf,matched,CrossMark_Color_LM_Logo.pdf,; PDF DOI 10.1037/a0037974 differs from master DOI 10.1007/s10869-015-9422-9 (PLOS ONE vs Scientific Reports — may be wrong version or preprint)
Zhang_2023_02681102.2023.2175768.pdf,2026-06-30T16:39:50Z,M0427,,doi,review/EBSCO/pdfs/imports/Zhang_2023_02681102.2023.2175768.pdf,matched,Reducing technology-mediated service exclusion by providing human assistant support for senior citizens: evidence from China.,EBSCO position 161; manual ingest 2026-06-30; source EBSCO-FullText-06_30_2026.pdf
Zeng_2025_s41598-025-19671-7.pdf,2026-06-30T16:43:15Z,M0201,,doi,review/EBSCO/pdfs/EBSCO_M0201_Zhi Zeng_2025_Exploring_psychological_pathways_between_workpla.pdf,duplicate,Exploring psychological pathways between workplace violence and burnout among nurses in Chinese Tertiary Hospitals,EBSCO position 162; expected M0731 DOI 10.1080/09585192.2025.2458281; PDF DOI 10.1038/s41598-025-19671-7 matches M0201 (pos 19); source EBSCO-FullText-06_30_2026-2.pdf; master already has pdf: review/EBSCO/pdfs/EBSCO_M0201_Zhi Zeng_2025_Exploring_psychological_pathways_between_workpla.pdf
Long_2025_09585192.2025.2458281.pdf,2026-06-30T16:45:32Z,M0731,,doi,review/EBSCO/pdfs/imports/Long_2025_09585192.2025.2458281.pdf,matched,Developing a resilient workforce in the context of organisational change: the role of employee assistance programmes.,EBSCO position 163; expected M0732 DOI 10.1007/s10490-024-09956-2; PDF DOI 10.1080/09585192.2025.2458281 matches M0731 (pos 162); manual ingest 2026-06-30; source EBSCO-FullText-06_30_2026-3.pdf
Zhang_2025_s10490-024-09956-2.pdf,2026-06-30T16:46:59Z,M0732,,doi,review/EBSCO/pdfs/imports/Zhang_2025_s10490-024-09956-2.pdf,matched,Double-edged sword effect of stretch goal: is stretch goal a burden or boost to employees?,EBSCO position 164; expected M0221 DOI 10.1080/10447318.2024.2352937; PDF DOI 10.1007/s10490-024-09956-2 matches M0732 (pos 163); manual ingest 2026-06-30; source EBSCO-FullText-06_30_2026-4.pdf
Yang_2025_10447318.2024.2352937.pdf,2026-06-30T16:47:11Z,M0221,,doi,review/EBSCO/pdfs/EBSCO_M0221_Yang_2023_Coping_Responses_to_the_Stress_of_Using_News_Pla.pdf,duplicate,Coping Responses to the Stress of Using News Platforms' Recommendation Algorithms.,EBSCO position 165; expected M0733 DOI 10.1080/13527266.2025.2518456; PDF DOI 10.1080/10447318.2024.2352937 matches M0221 (pos 164); source EBSCO-FullText-06_30_2026-5.pdf; master already has pdf: review/EBSCO/pdfs/EBSCO_M0221_Yang_2023_Coping_Responses_to_the_Stress_of_Using_News_Pla.pdf
Haj-Salem_2025_13527266.2025.2518456.pdf,2026-06-30T16:48:51Z,M0733,,doi,review/EBSCO/pdfs/imports/Haj-Salem_2025_13527266.2025.2518456.pdf,matched,Beyond the cost–benefit trade-off: How trust shapes consumers’ decisions to grant permission for personalized marketing content,EBSCO position 166 ingest 2026-06-30; expected M0222 DOI 10.1080/13668803.2025.2486127 (pos 166); PDF DOI 10.1080/13527266.2025.2518456 matches M0733 (pos 165); source EBSCO-FullText-06_30_2026-6.pdf
EBSCO-FullText-06_30_2026-7.pdf,2026-06-30T16:48:57Z,M0222,,doi,review/EBSCO/pdfs/EBSCO_M0222_Kristine J. Olsona_2023_Mens_experiences_of_family_supportive_supervisor.pdf,duplicate,Men’s experiences of family supportive supervisor behavior through the lens of gender role traditionalism and nation of residence,EBSCO position 167; expected M0734 DOI 10.1111/beer.12659 (pos 167); PDF DOI 10.1080/13668803.2025.2486127 matches M0222 (pos 166); source EBSCO-FullText-06_30_2026-7.pdf; imports copy Olson_2025_13668803.2025.2486127.pdf; master already has pdf: review/EBSCO/pdfs/EBSCO_M0222_Kristine J. Olsona_2023_Mens_experiences_of_family_supportive_supervisor.pdf
EBSCO-FullText-06_30_2026-8.pdf,2026-06-30T16:49:23Z,M0734,,doi,review/EBSCO/pdfs/EBSCO_M0734_Business_Ethics_2022_The_Moral_Licensing_Effect_of_Work_Engagement_Th.pdf,matched,The Moral Licensing Effect of Work Engagement: The Role of Psychological Entitlement and Relationship Conflict with Supervisors,
EBSCO-FullText-06_30_2026-9.pdf,2026-06-30T16:50:17Z,M0735,,doi,review/EBSCO/pdfs/EBSCO_M0735_Bwemelo_2025_International_Journal_of_Management_Accounting_a.pdf,matched,"International Journal of Management, Accounting and Economics Volume 12, Issue 6, June 2025 ISSN 2383-2126 (Online) DOI: https://doi.org/10.5281/zenodo.15824866 www.ijmae.com",
EBSCO-FullText-06_30_2026-10.pdf,2026-06-30T16:52:39Z,M0736,,doi,review/EBSCO/pdfs/EBSCO_M0736_Kai_ZhugeID_2023_Can_adopting_lean_startup_strategy_promote_the_s.pdf,matched,Can adopting lean startup strategy promote the sustainable development of new ventures? The mediating role of organizational iterative learning,EBSCO position 170 ingest 2026-06-30; expected M0737 DOI 10.1080/08959285.2023.2222272 (pos 170); PDF DOI 10.1371/journal.pone.0290849 matches M0736 (pos 169); off-by-one pattern; source EBSCO-FullText-06_30_2026-10.pdf; imports copy EBSCO-FullText-06_30_2026-10.pdf
EBSCO-FullText-06_30_2026-11.pdf,2026-06-30T16:58:17Z,M0737,,doi,review/EBSCO/pdfs/EBSCO_M0737_Dimas_2023_Paths_to_Team_Success_A_Configurational_Analysis.pdf,matched,Paths to Team Success: A Configurational Analysis of Team Effectiveness,
EBSCO-FullText-06_30_2026-12.pdf,2026-06-30T17:00:02Z,M0738,,doi,review/EBSCO/pdfs/EBSCO_M0738_The_Authors_Open_Access_2023_The_association_between_physical_activity_and_su.pdf,matched,The association between physical activity and subjective well-being among adolescents in southwest China by parental absence: a moderated mediation model,
fpsyg-16-1592148.pdf,2026-06-30T17:02:59Z,M0739,,doi,review/EBSCO/pdfs/EBSCO_M0739_Yanhong_Chen_2025_Leader_humility_and_employee_proactivity_sequent.pdf,matched,Leader humility and employee proactivity: sequential affective mediation and the moderating effect of role breadth self-efficacy,
fpsyg-16-1644701.pdf,2026-06-30T17:03:03Z,M0740,,doi,review/EBSCO/pdfs/EBSCO_M0740_Xiaoping_Yang_2025_Latent_depressive_profiles_and_associated_factor.pdf,matched,Latent depressive profiles and associated factors among overweight/obese individuals based on the socio-ecological model: a cross-sectional national survey in China,
s40359-025-03299-3.pdf,2026-06-30T17:05:01Z,M0741,,force_master_id,review/EBSCO/pdfs/EBSCO_M0741_Williams_2025_RESEARCH.pdf,matched,RESEARCH,matched ebsco_export_50_records.csv by title
s40359-025-03239-1.pdf,2026-06-30T17:05:37Z,M0743,,force_master_id,review/EBSCO/pdfs/EBSCO_M0743_Williams_2025_RESEARCH.pdf,matched,RESEARCH,matched ebsco_export_50_records.csv by title
journal.pone.0290849.pdf,2026-06-30T17:06:07Z,M0736,,doi,review/EBSCO/pdfs/EBSCO_M0736_Kai_ZhugeID_2023_Can_adopting_lean_startup_strategy_promote_the_s.pdf,duplicate,Can adopting lean startup strategy promote the sustainable development of new ventures? The mediating role of organizational iterative learning,; master already has pdf: review/EBSCO/pdfs/EBSCO_M0736_Kai_ZhugeID_2023_Can_adopting_lean_startup_strategy_promote_the_s.pdf
wu-et-al-2025-the-role-of-psychological-contract-breach-and-leader-member-exchange-in-sadism-and-organizational.pdf,2026-06-30T17:07:47Z,M0745,,doi,review/EBSCO/pdfs/EBSCO_M0745_Authors_2025_The_Role_of_Psychological_Contract_Breach_and_Le.pdf,matched,The Role of Psychological Contract Breach and Leader-Member Exchange in Sadism and Organizational Cynicism Among Chinese Hotel Employees,
EBSCO-FullText-06_30_2026-13.pdf,2026-06-30T17:07:52Z,M0746,,doi,review/EBSCO/pdfs/EBSCO_M0746_Wang_2023_Why_Do_Nurses_Work_While_Sick_An_Exploratory_Stu.pdf,matched,Why Do Nurses Work While Sick? An Exploratory Study of Nurse Leaders’ Cognitive Preferences Toward Presenteeism,
EBSCO-FullText-06_30_2026-14.pdf,2026-06-30T17:08:39Z,M0747,,doi,review/EBSCO/pdfs/EBSCO_M0747_Chatzi_2020_Team_personality_composition_and_team_innovation.pdf,matched,Team personality composition and team innovation implementation: The mediating role of team climate for innovation,
