article_id,title,authors,year,journal,doi,pdf_path,screening_status,examination_status,study_order
M0183,How Workplace Fun Promotes Employees' Innovative Behavior: A Dual Mediation Model.,"Wang, Wenwei ; Tang, Jie",2026,Behavioral Sciences (2076-328X),10.3390/bs16050750,review/EBSCO/pdfs/EBSCO_M0183_Wang_2026_How_Workplace_Fun_Promotes_Employees_Innovative.pdf,included,fully_coded,M0183
M0184,The Impact of Artificial Intelligence Usage on Affective Work Well-Being: A Self-Determination Theory Perspective.,"Zhang, Chi ; Chen, Shuping ; Zhang, Dianru ; Zhang, Qichao",2026,Behavioral Sciences (2076-328X),10.3390/bs16050670,review/EBSCO/pdfs/EBSCO_M0184_Zhang_2026_The_Impact_of_Artificial_Intelligence_Usage_on_Affective.pdf,included,fully_coded,M0184
M0185,The impact of cultural tourism experience on cultural identity: A case study of Mazu culture.,"Wang, Mian ; Lee, Hee Seung ; Chen, Wen Qiang",2026,PLoS ONE,10.1371/journal.pone.0346153,review/EBSCO/pdfs/EBSCO_M0185_Wang_2026_The_impact_of_cultural_tourism_experience_on_cul.pdf,excluded_pls,not_read,
M0186,The Green Shield: How Pro-Environmental Advocacy Protects Employees from Supervisor Ostracism.,"Ju, Dong ; Tang, Yan ; Geng, Shu ; Lu, Ruobing ; Wang, Weifeng",2026,Behavioral Sciences (2076-328X),10.3390/bs16020196,review/EBSCO/pdfs/EBSCO_M0186_Ju_2026_The_Green_Shield_How_Pro-Environmental_Advocacy.pdf,included,fully_coded,M0186
M0187,The Relationship Between School Disconnectedness and Adolescent Internet Addiction: A Moderated Mediation Model.,"Cheng, Gonglu ; Bai, Xuejun ; Fu, Shuying",2026,Behavioral Sciences (2076-328X),10.3390/bs16010101,review/EBSCO/pdfs/EBSCO_M0187_Gonglu Cheng_2026_The_Relationship_Between_School_Disconnectedness.pdf,level1_fail,not_read,
M0188,Green Transformational Leadership and Value–Action Barrier on Employees' Pro-Environmental Behavior: The Moderating Role of Green Brand Image in Chinese Food Manufacturing Enterprises.,"Zhong, Liqing ; Hahn, Juhee",2026,Behavioral Sciences (2076-328X),10.3390/bs16010071,review/EBSCO/pdfs/EBSCO_M0188_Liqing Zhong and Juhee Hahn_2026_Green_Transformational_Leadership_and_ValueActio.pdf,included,fully_coded,M0188
M0189,The Impact of Perceived Usefulness of Wearable Devices on Treatment Adherence in Fracture Patients: The Chain Mediating Roles of Self-Efficacy and Meaning in Life.,"Tan, Xiaoxue ; Cai, Shanshan ; Kan, Yanan ; Xu, Nan ; Chen, Ying ; Xu, Min ; Huang, Donghong",2026,Patient Preference & Adherence,10.2147/ppa.s555791,review/EBSCO/pdfs/EBSCO_M0189_Xiaoxue Tan_2026_PPA_A_555791_123.pdf,level1_fail,not_read,
M0190,The effects of peer overqualification on dualistic work passion through the sequential mediation of perceived competitive climate and job anxiety.,"Wang, Li-Yuan ; Kong, Jia-Yue ; Yao, Chun-Liang ; Wang, Miao-Miao",2025,Scientific Reports,10.1038/s41598-025-28658-3,review/EBSCO/pdfs/EBSCO_M0190_Li-Yuan Wang_2025_The_effects_of_peer_overqualification_on_dualist.pdf,level1_fail,not_read,
M0191,"Modeling information literacy in Chinese physical education: the roles of technology integration, teaching practices, self-efficacy, and academic performance.","Zhang, Xiangle ; Tian, Hongxia",2025,Scientific Reports,10.1038/s41598-025-26990-2,review/EBSCO/pdfs/EBSCO_M0191_information use and comprehension. Six hundred fifty undergraduate students from Henan_2025_Modeling_information_literacy_in_Chinese_physica.pdf,level1_fail,not_read,
M0192,The Positive Effects of Employee AI Dependence on Voice Behavior—Based on Power Dependence Theory.,"Liu, Jialin ; Huang, Mingpeng ; Cui, Min ; Tian, Guangdi ; Li, Xinyue",2025,Behavioral Sciences (2076-328X),10.3390/bs15121709,review/EBSCO/pdfs/EBSCO_M0192_Tian_2025_The_Positive_Effects_of_Employee_AI_Dependence_o.pdf,included,fully_coded,M0192
M0193,The Organizational Halo: How Perceived Philanthropy Awareness Curbs Abusive Supervision via Moral Pride.,"Ju, Dong ; Tang, Yan ; Geng, Shu ; Lu, Ruobing ; Wang, Weifeng",2025,Behavioral Sciences (2076-328X),10.3390/bs15121706,review/EBSCO/pdfs/EBSCO_M0193_Behavioral Sciences_2025_The_Organizational_Halo_How_Perceived_Philanthro.pdf,included,fully_coded,M0193
M0194,The Double-Edged Sword Effect of Generative AI Adoption on Students' Sustainable Entrepreneurship Intentions.,"Kong, Weiwei ; Hu, Haiqing ; Wang, Zhaoqun ; Qiao, Jianqi ; Liu, Jianjun",2025,Behavioral Sciences (2076-328X),10.3390/bs15121705,review/EBSCO/pdfs/EBSCO_M0194_Intentions. Behavioral Sciences_2025_The_Double-Edged_Sword_Effect_of_Generative_AI_A.pdf,excluded_pls,not_read,
M0195,Cumulative Family Risk and Migrant Children's School Adjustment: A Moderated Mediation Model of Relative Deprivation and Beliefs About Adversity.,"Fu, Shuying ; Zhang, Zhicao ; Gao, Qinqiu",2025,Behavioral Sciences (2076-328X),10.3390/bs15121690,review/EBSCO/pdfs/EBSCO_M0195_Risk_2025_Cumulative_Family_Risk_and_Migrant_Childrens_Sch.pdf,level1_fail,not_read,
M0196,The Relationship Between Career Adaptability and Work Engagement Among Young Chinese Workers: Mediating Role of Job Satisfaction and Moderating Effects of Artificial Intelligence Self-Efficacy and Anxiety.,"Leong, Frederick Theen Lok ; Li, Xuan ; Chen, Emma Mingjing",2025,Behavioral Sciences (2076-328X),10.3390/bs15121682,review/EBSCO/pdfs/EBSCO_M0196_Relationship_2025_The_Relationship_Between_Career_Adaptability_and.pdf,included,fully_coded,M0196
M0197,A Paradox of Fit: How Job Complexity Shapes AI Self-Efficacy and AI Adoption Through a Curvilinear Mechanism.,"Akben, Mustafa ; Dong, Su",2025,Behavioral Sciences (2076-328X),10.3390/bs15121659,review/EBSCO/pdfs/EBSCO_M0197_Mechanism. Behavioral Sciences_2025_A_Paradox_of_Fit_How_Job_Complexity_Shapes_AI_Se.pdf,included,fully_coded,M0197
M0198,Knowledge Sharing in AI-Enabled Workplaces: A Social Cognitive Perspective on Usefulness Perceptions and Competition.,"Zhong, Chuling ; Wang, Yao",2025,Behavioral Sciences (2076-328X),10.3390/bs15121635,review/EBSCO/pdfs/EBSCO_M0198_Zhong_2025_Knowledge_Sharing_in_AI-Enabled_Workplaces_A_Soc.pdf,included,fully_coded,M0198
M0199,Navigating the Digital Landscape: Exploring the Relationship Between Social Media Affordances and Chinese Generation Z's Online Prosocial and Antisocial Behaviors.,Wu Li ; Pengya Ai ; Tian You Guo ; Lianshan Zhang,2025,Cyberpsychology,10.5817/cp2025-4-4,review/EBSCO/pdfs/EBSCO_M0199_Journal of Psychosocial Research on Cyberspace_2025_Navigating_the_Digital_Landscape_Exploring_the_R.pdf,excluded_pls,not_read,
M0200,Development and initial validation of the Urban Restorative Potential Scale: Evidence from the Philippines.,"CORPUZ, Zaldy F.",2025,Urban Challenge / Urbani Izziv,10.5379/urbani-izziv-en-2025-36-02-05,review/EBSCO/pdfs/EBSCO_M0200_CORPUZ_2025_Development_and_initial_validation_of_the_Urban.pdf,level1_fail,not_read,
M0201,Exploring psychological pathways between workplace violence and burnout among nurses in Chinese Tertiary Hospitals.,"Zeng, Zhi ; Xie, Guiqiong ; He, Yazhi ; Zhou, Sumei",2025,Scientific Reports,10.1038/s41598-025-19671-7,review/EBSCO/pdfs/EBSCO_M0201_Zhi Zeng_2025_Exploring_psychological_pathways_between_workpla.pdf,level1_fail,not_read,
M0202,"The Relationships Between Contingent Reward Leadership, Perceived Organizational Support, Knowledge‐Sharing Intention, Innovative Culture, and Kindergarten Teachers' Creative Teaching Performance: A Mediated Moderation Model.","Huang, Maoyong ; Zhang, Jialing ; Ni, Yakun ; Xu, Yanzhen ; Guo, Tengfei",2025,Psychology in the Schools,10.1002/pits.23604,review/EBSCO/pdfs/EBSCO_M0202_Huang_2025_The_Relationships_Between_Contingent_Reward_Lead.pdf,included,fully_coded,M0202
M0203,The Mediating Role of Psychological Capital Between Caring Behaviour and Work Engagement of Nurses: A Cross‐Sectional Study.,"Tian, Wen ; Zhang, Guo‐wen ; Song, Gui‐qi",2026,Nursing Open,10.1002/nop2.70569,review/EBSCO/pdfs/EBSCO_M0203_Nursing Open_2026_The_Mediating_Role_of_Psychological_Capital_Betw.pdf,included,fully_coded,M0203
M0204,"Relationships Between Organizational Innovation Climate, Creative Self-Efficacy, and Innovation Performance: A Cross-Sectional Study in Public Hospitals.","Wu, Ruizhe ; Feng, Xingmiao ; Zhai, Ziyan ; Sun, Xinyue ; Wang, Zhen ; Wang, Zhaoyang ; Meng, Kai",2026,Inquiry (00469580),10.1177/00469580261433833,review/EBSCO/pdfs/EBSCO_M0204_Organization_2026_Relationships_Between_Organizational_Innovation.pdf,included,fully_coded,M0204
M0205,Understanding police officers’ responses to moral injury: the aggravating effect of employee silence.,"Pariona-Cabrera, Patricia ; Alfes, Kerstin ; Bartram, Timothy ; Holland, Peter",2026,International Journal of Human Resource Management,10.1080/09585192.2026.2682838,review/EBSCO/pdfs/EBSCO_M0205_Pariona-Cabrera_2026_The_International_Journal_of_Human_Resource_Mana.pdf,included,fully_coded,M0205
M0206,Beyond survival: gender and regional dynamics of entrepreneurial success factors in transitional economy.,"Mohamed, Fitouri ; Haj Mohamed, Akram",2026,Future Business Journal,10.1186/s43093-026-00846-1,review/EBSCO/pdfs/EBSCO_M0206_:_2026_Beyond_survival_gender_and_regional_dynamics_of.pdf,excluded_pls,not_read,
M0207,Green human resource management and green supply chain integration: the mediating role of ambidextrous environmental strategy.,"Chang, Yue ; Feng, Taiwen ; Tan, Jianyu ; Xian, Fenggang",2026,International Journal of Human Resource Management,10.1080/09585192.2026.2672582,review/EBSCO/pdfs/EBSCO_M0207_Yue Changa_2026_The_International_Journal_of_Human_Resource_Mana.pdf,excluded_pls,not_read,
M0208,When Choice Disappears: Perceived Coercion and Avoidance of Self-Service Technologies Among Older Consumers.,"Lee, Jin-Myong ; Kim, Sowon",2026,Journal of Theoretical & Applied Electronic Commerce Research,10.3390/jtaer21040126,review/EBSCO/pdfs/EBSCO_M0208_Lee_2026_When_Choice_Disappears_Perceived_Coercion_and_Av.pdf,included,fully_coded,M0208
M0209,How Does Human-Robot Collaboration Affect Hotel Employees' Proactive Behavior?,"Li, Jia-Min ; Liu, Ke-Xi ; Xie, Ji-Fei ; Wu, Hao-Yu",2025,International Journal of Human-Computer Interaction,10.1080/10447318.2024.2431769,review/EBSCO/pdfs/EBSCO_M0209_Li_2025_How_Does_Human-Robot_Collaboration_Affect_Hotel.pdf,level1_fail,not_read,
M0210,Green information systems efforts and SMEs' environmental and financial performance: how do eco-management practices shape the story?,"Uzkurt, Cevahir ; Arslan, Safa ; Ekmekcioglu, Emre Burak ; Ceyhan, Semih",2025,Journal of Environmental Planning & Management,10.1080/09640568.2024.2313186,review/EBSCO/pdfs/EBSCO_M0210_Uzkurt_2023_Green_information_systems_efforts_and_SMEs_envir.pdf,included,fully_coded,M0210
M0211,The Dark Side of Employee's Leadership Potential: Its Impact on Leader Jealousy and Ostracism.,"Yu, Zhen ; Wang, Feiwen ; Ye, Long ; Liao, Ganli ; Zhang, Qichao",2025,Behavioral Sciences (2076-328X),10.3390/bs15081001,review/EBSCO/pdfs/EBSCO_M0211_G._2025_The_Dark_Side_of_Employees_Leadership_Potential.pdf,included,fully_coded,M0211
M0212,Do Resilience and Performance Goals Mediate the Relationship Between Parental Educational Support and Chinese High School Students' Self‐Regulated Learning? ‐ Based on the Social Cognitive Theory.,"Zhang, Yue ; Ren, Xiaoqiong",2025,Psychology in the Schools,10.1002/pits.23496,review/EBSCO/pdfs/EBSCO_M0212_Zhang_2024_Psychology_in_the_Schools_RESEARCH_ARTICLE_Do_Re.pdf,excluded_pls,not_read,
M0213,The impact of corporate social responsibility on employee safety citizenship behavior in Chinese gas sector.,"Miao, Guosen ; Chen, Guoping ; Li, Cui",2025,Scientific Reports,10.1038/s41598-025-12083-7,review/EBSCO/pdfs/EBSCO_M0213_Guosen Miao_2025_The_impact_of_corporate_social_responsibility_on.pdf,included,fully_coded,M0213
M0214,Predictors of higher education dropout intention in the post-pandemic era: The mediating role of academic exhaustion.,"Gonzalez, Bárbara ; Mendes, Teresa P. ; Pinto, Ricardo ; Correia, Sónia V. ; Albuquerque, Sara ; Paulino, Paula",2025,PLoS ONE,10.1371/journal.pone.0327643,review/EBSCO/pdfs/EBSCO_M0214_Gonzalez_2025_Predictors_of_higher_education_dropout_intention.pdf,included,fully_coded,M0214
M0215,"Back to Work, Running on Empty? How Recovery Needs and Perceived Organizational Support Shape Employees' Vigor Upon Return to Work.","Wang, Yiting ; Song, Keni ; Guo, Ming ; Ye, Long",2025,Behavioral Sciences (2076-328X),10.3390/bs15070889,review/EBSCO/pdfs/EBSCO_M0215_to Work. Behavioral Sciences_2025_Back_to_Work_Running_on_Empty_How_Recovery_Needs.pdf,included,fully_coded,M0215
M0216,Corporate Social Responsibility and Work Engagement: A Moderated Serial Mediation Model.,"Lv, Mengna ; Luan, Kun",2025,Corporate Social Responsibility & Environmental Management,10.1002/csr.3233,review/EBSCO/pdfs/EBSCO_M0216_Lv_2023_Corporate_Social_Responsibility_and_Work_Engagem.pdf,included,fully_coded,M0216
M0217,The Impact of Stigma on Autonomous Motivation Among Psychiatric Hospital Staff in China: The Mediating Role of Turnover Intention.,"Yin, Yaning ; Hei, Luping ; Zhao, Miaomiao ; Sun, Siwei ; Yuan, Beibei ; Islam, Talat",2026,Journal of Nursing Management,10.1155/jonm/9940890,review/EBSCO/pdfs/EBSCO_M0217_Yin_2025_The_Impact_of_Stigma_on_Autonomous_Motivation_Am.pdf,included,fully_coded,M0217
M0218,Approach or Avoidance: How Does Employees' Generative AI Awareness Shape Their Job Crafting Behavior? A Sensemaking Perspective.,"Yan, Yihang ; Qu, Xiaoqian ; Lei, Hongzhen ; Geng, Yao",2025,Behavioral Sciences (2076-328X),10.3390/bs15060789,review/EBSCO/pdfs/EBSCO_M0218_Yan_2025_Approach_or_Avoidance_How_Does_Employees_Generat.pdf,included,fully_coded,M0218
M0219,From physical self-esteem to sports participation: The mediating role of exercise motivation and social support in adolescents.,"Peng, Bo ; Chen, Weisong ; Wang, Hongshen ; Yu, Ting",2025,PLoS ONE,10.1371/journal.pone.0324588,review/EBSCO/pdfs/EBSCO_M0219_Peng_2025_From_physical_self-esteem_to_sports_participatio.pdf,included,fully_coded,M0219
M0220,Proactive Breakthrough or Passive Exhaustion? A Dual-Path Integrated Model Driven by Perceived Overqualification.,"Fan, Chuanhao ; Shang, Bingbing",2025,Behavioral Sciences (2076-328X),10.3390/bs15050702,review/EBSCO/pdfs/EBSCO_M0220_Fan_2025_Proactive_Breakthrough_or_Passive_Exhaustion_A_D.pdf,included,fully_coded,M0220
M0221,Coping Responses to the Stress of Using News Platforms' Recommendation Algorithms.,"Yang, Jie ; Li, Hongxiu ; Zhang, Linzi ; Xu, Guohu",2025,International Journal of Human-Computer Interaction,10.1080/10447318.2024.2352937,review/EBSCO/pdfs/EBSCO_M0221_Yang_2023_Coping_Responses_to_the_Stress_of_Using_News_Pla.pdf,excluded_pls,not_read,
M0222,Men’s experiences of family supportive supervisor behavior through the lens of gender role traditionalism and nation of residence.,"Olson, Kristine J. ; Leiva, Pedro ; Huffman, Ann ; Wolburg Martinez, Fernanda",2025,"Community, Work & Family",10.1080/13668803.2025.2486127,review/EBSCO/pdfs/EBSCO_M0222_Kristine J. Olsona_2023_Mens_experiences_of_family_supportive_supervisor.pdf,included,fully_coded,M0222
M0223,Coping in the Face of Verbal Aggression: The Role of Self-Efficacy in Protecting Healthcare Professionals' Well-Being and Job Satisfaction.,"Cavallari, Elena ; Setti, Ilaria ; Curcuruto, Matteo ; Sommovigo, Valentina",2025,Behavioral Sciences (2076-328X),10.3390/bs15040478,review/EBSCO/pdfs/EBSCO_M0223_Behavioral Sciences_2025_Coping_in_the_Face_of_Verbal_Aggression_The_Role.pdf,included,fully_coded,M0223
M0224,The psychological mechanisms and behavioral determinants of academic integrity in the age of artificial intelligence.,"Yilmaz, Adem",2026,Frontiers in Psychology,10.3389/fpsyg.2026.1853790,review/EBSCO/pdfs/EBSCO_M0224_Yilmaz_2026_The_psychological_mechanisms_and_behavioral_dete.pdf,excluded_pls,not_read,
M0225,Positive parenting style and academic burnout in physical education teacher education students: a chain mediating model of physical activity and meaning in life.,"Ma, Hui ; Liu, Lijun ; Huang, Shuting ; Yin, Zhonggen ; Liu, Tong",2026,Frontiers in Psychology,10.3389/fpsyg.2026.1854548,review/EBSCO/pdfs/EBSCO_M0225_Ma_2026_Positive_parenting_style_and_academic_burnout_in.pdf,level1_fail,not_read,
M0226,"Beyond prompt engineering: the associations among creative self-efficacy, flow state, learner engagement, and psychological ownership in GenAI-assisted composition.","Tong, Tianyu",2026,Frontiers in Psychology,10.3389/fpsyg.2026.1823846,review/EBSCO/pdfs/EBSCO_M0226_Tong_2026_Beyond_prompt_engineering_the_associations_among.pdf,level1_fail,not_read,
M0227,From overqualification to job crafting: how illegitimate tasks and moral distress shape physicians' self-regulation.,"Li, Tongyao",2026,Frontiers in Psychology,10.3389/fpsyg.2026.1800281,review/EBSCO/pdfs/EBSCO_M0227_Li_2026_From_overqualification_to_job_crafting_how_illeg.pdf,level1_fail,not_read,
M0228,Core self-evaluation and learning burnout among first-year medical students: a three-wave longitudinal study on the mediating roles of anxiety-related distress and problematic digital media use.,"Yang, Shoukai ; Yang, Xudong ; Li, Xiang ; Chen, Li ; Zheng, Yawen ; Dai, Zheru",2026,Frontiers in Medicine,10.3389/fmed.2026.1818069,review/EBSCO/pdfs/EBSCO_M0228_Yang_2026_Core_self-evaluation_and_learning_burnout_among.pdf,level1_fail,not_read,
M0229,Workplace ostracism and political behavior: a moderated mediation model of moral disengagement and supervisor-rated job performance.,"Yu, Xuan ; Yang, Maoting ; Zhang, Hantai",2026,Frontiers in Psychology,10.3389/fpsyg.2026.1838746,review/EBSCO/pdfs/EBSCO_M0229_Yu_2026_Workplace_ostracism_and_political_behavior_a_mod.pdf,included,fully_coded,M0229
M0230,The mechanism of chained psychological resources: the pathway of influence of mood states on executive function in art major candidates.,"Ji, Xiang ; Jin, Peilai ; Zuo, Yu ; Xu, Yiya ; Wang, Miaomiao",2026,Frontiers in Education,10.3389/feduc.2026.1805091,review/EBSCO/pdfs/EBSCO_M0230_Ji_2026_The_mechanism_of_chained_psychological_resources.pdf,level1_fail,not_read,
M0231,Beyond words: developing a scale to measure the embodied professional literacy of K-12 physical education teachers.,"Li, Zhi ; Jia, Jingdong ; Jiang, Zijing ; Ding, Kai ; Li, Chenlin ; Zou, Xiang",2026,Frontiers in Psychology,10.3389/fpsyg.2026.1789350,review/EBSCO/pdfs/EBSCO_M0231_Li_2026_Beyond_words_developing_a_scale_to_measure_the_e.pdf,excluded_pls,not_read,
M0232,Status and influencing factors of spiritual climate among oncology nurses: a cross-sectional study.,"Zhang, Tianyue ; Dong, Chunfeng ; Tang, Jie ; Yu, Ping",2026,Frontiers in Psychology,10.3389/fpsyg.2026.1759724,review/EBSCO/pdfs/EBSCO_M0232_Zhang_2026_Status_and_influencing_factors_of_spiritual_clim.pdf,level1_fail,not_read,
M0233,The cognitive engine of evaluative threat: socially prescribed perfectionism and Music Performance Anxiety—a moderated mediation analysis of rumination and self-compassion.,"Yan, Haitao ; Liu, Chang",2026,Frontiers in Psychology,10.3389/fpsyg.2026.1782906,review/EBSCO/pdfs/EBSCO_M0233_Yan_2026_The_cognitive_engine_of_evaluative_threat_social.pdf,included,fully_coded,M0233
M0234,"Analysis of hospital resilience in public health emergencies using structural equation modeling: based on risk perception, resource preparedness, and team collaboration.","Chen, Yunpeng ; Wu, Hao",2026,Frontiers in Public Health,10.3389/fpubh.2026.1819684,review/EBSCO/pdfs/EBSCO_M0234_Chen_2026_Analysis_of_hospital_resilience_in_public_health.pdf,included,fully_coded,M0234
M0235,Unpacking the impact of teacher support on EAP-related perceived academic achievement in EMI context: the mediating role of self-efficacy and academic engagement.,"Yu, Yanping ; Feng, Yanling ; Liu, Dan ; Liu, Lei",2026,Frontiers in Psychology,10.3389/fpsyg.2026.1830742,review/EBSCO/pdfs/EBSCO_M0235_Theory_2026_Unpacking_the_impact_of_teacher_support_on_EAP-r.pdf,excluded_pls,not_read,
M0236,The relationship between shyness and short video addiction among college students: chain mediating role of social support and basic psychological needs.,"Bu, Xiaofei ; Li, Xin ; Li, Bingzhi ; Zhang, Xuan",2026,Frontiers in Psychology,10.3389/fpsyg.2026.1773800,review/EBSCO/pdfs/EBSCO_M0236_Bu_2026_The_relationship_between_shyness_and_short_video.pdf,level1_fail,not_read,
M0237,When artificial intelligence becomes a job resource: how psychological capital fuels innovation in algorithm-driven workplaces.,"Liu, Yanru ; Tian, Qing ; Chen, Jiachun",2026,Frontiers in Psychology,10.3389/fpsyg.2026.1740508,review/EBSCO/pdfs/EBSCO_M0237_Liu_2026_When_artificial_intelligence_becomes_a_job_resou.pdf,included,fully_coded,M0237
M0238,A Bayesian analysis of determinants of open science utilization among Gen Z students in Vietnamese universities challenges digital native assumptions.,"Thi Tuyet Le, Trinh ; Nguyen, Ho ; Le, Minh-Cuong ; Vo, Mai Xuan ; Pham, Thi-Quynh ; Ho, Manh-Tung ; Nguyen, Hong-Kong T.",2026,Discover Education,10.1007/s44217-026-01667-8,review/EBSCO/pdfs/EBSCO_M0238_Williams_2026_RESEARCH.pdf,included,fully_coded,M0238
M0239,"The relationship between mindfulness, self-control, and short video addiction among medical students.","Luo, Yuting ; Li, Yulian ; Wu, Quanmin ; Shi, Pengchong",2026,Frontiers in Psychology,10.3389/fpsyg.2026.1746374,review/EBSCO/pdfs/EBSCO_M0239_Luo_2026_The_relationship_between_mindfulness_self-contro.pdf,level1_fail,not_read,
M0240,The impact of shipping practitioners' low-carbon transition cognition on corporate green practices: a moderated mediation model.,"Li, Tianjiao ; Chen, Qiong ; Lau, Yui-Yip",2026,Frontiers in Marine Science,10.3389/fmars.2026.1819880,review/EBSCO/pdfs/EBSCO_M0240_Tianjiao Li_2026_The_impact_of_shipping_practitioners_low-carbon.pdf,included,fully_coded,M0240
M0241,From physical workplaces to virtual communities: extending the job embeddedness construct and predicting digital makers' continuance participation.,"Bi, Zhuoying ; Liu, Xiao ; Yang, Jiaoping",2026,Frontiers in Psychology,10.3389/fpsyg.2026.1815824,review/EBSCO/pdfs/EBSCO_M0241_Bi_2026_From_physical_workplaces_to_virtual_communities.pdf,included,fully_coded,M0241
M0242,The association between academic self-esteem and college students' positive psychological qualities: the mediating role of general self-efficacy.,"Li, Jing ; Yan, Xianghui",2026,Frontiers in Psychology,10.3389/fpsyg.2026.1788167,review/EBSCO/pdfs/EBSCO_M0242_Li_2026_The_association_between_academic_self-esteem_and.pdf,level1_fail,not_read,
M0243,Provoking or backfiring? A contingent model of how abusive supervision influences learning from failure through fear.,"Wang, Haizhen ; An, Ge ; Xu, Jiajia ; Ding, Lin ; Chen, Jie",2026,Frontiers in Psychology,10.3389/fpsyg.2026.1532064,review/EBSCO/pdfs/EBSCO_M0243_Wang_2024_Provoking_or_backfiring_A_contingent_model_of_ho.pdf,included,fully_coded,M0243
M0244,Beyond coexistence: the asymmetric interplay of health risk and promotion pathways driven by communication legacies across emerging and recurring epidemics.,"Wu, Shaolong ; Wan, Haiyan",2026,Frontiers in Public Health,10.3389/fpubh.2026.1835961,review/EBSCO/pdfs/EBSCO_M0244_Wan_2026_Beyond_coexistence_the_asymmetric_interplay_of_h.pdf,level1_fail,not_read,
M0245,Latent Profile Analysis of Family Resilience and Its Associated Factors in Maintenance Hemodialysis Patients: A Cross-Sectional Study.,"Ma, Linlin ; Su, Zhenzhen ; Luo, Yanfang ; Chen, Xueru ; Liu, Kangping ; Liu, Zhimin ; Xia, Fei ; Sun, Renjuan ; Wang, Jiao",2026,Journal of Multidisciplinary Healthcare,10.2147/jmdh.s608329,review/EBSCO/pdfs/EBSCO_M0245_Linlin Ma_2025_JMDH_A_608329_115.pdf,included,fully_coded,M0245
M0246,Why perceived organizational virtue matters: a psychological mechanism.,"Ko, Sung-Hoon",2026,Frontiers in Psychology,10.3389/fpsyg.2026.1788145,review/EBSCO/pdfs/EBSCO_M0246_Ko_2026_Why_perceived_organizational_virtue_matters_a_ps.pdf,included,fully_coded,M0246
M0247,"Time-lagged effects of social support on exercise adherence among Korean college students: serial mediation of self-efficacy, athletic identity, and intrinsic motivation.","Zhao, Yang ; Li, Xiangnan ; Zhou, Yubo ; Wang, Du",2026,Frontiers in Psychology,10.3389/fpsyg.2026.1795823,review/EBSCO/pdfs/EBSCO_M0247_Zhao_2026_Time-lagged_effects_of_social_support_on_exercis.pdf,level1_fail,not_read,
M0248,"Associations among impostor phenomenon, self-compassion, shame, and social anxiety in college students.","He, Chuanchuan ; Ye, Lin",2026,Frontiers in Psychology,10.3389/fpsyg.2026.1777854,review/EBSCO/pdfs/EBSCO_M0248_He_2026_Associations_among_impostor_phenomenon_self-comp.pdf,excluded_pls,not_read,
M0249,Leadership avoidance as a rational choice among women instructors in higher education: cross-cultural parallels.,"Ayesha, Benazir ; Wen, Bo ; Li, Yuan ; Ahmed, Fawad",2026,Frontiers in Psychology,10.3389/fpsyg.2026.1767636,review/EBSCO/pdfs/EBSCO_M0249_Benazir Ayesha_2026_Leadership_avoidance_as_a_rational_choice_among.pdf,included,fully_coded,M0249
M0250,The pathways to teacher growth: mediating roles of motivation and self-efficacy within the community of inquiry framework.,"Zuo, Mingzhang ; Yang, Dengfeng ; Xiang, Lei ; Yang, Zhimiao",2026,Frontiers in Psychology,10.3389/fpsyg.2026.1755265,review/EBSCO/pdfs/EBSCO_M0250_Zuo_2026_The_pathways_to_teacher_growth_mediating_roles_o.pdf,included,fully_coded,M0250
M0251,"Social media addiction and social anxiety among college students: the serial mediating roles of alienation, self-focused attention, and fear of negative evaluation.","Xu, Xiaoyu ; Fang, Hao",2026,Frontiers in Psychology,10.3389/fpsyg.2026.1797966,review/EBSCO/pdfs/EBSCO_M0251_Xu_2026_Social_media_addiction_and_social_anxiety_among.pdf,level1_fail,not_read,
M0252,The effect of social capital on infectious disease-specific health literacy among community residents: the chain mediating effect of family health and psychological capital.,"Xu, Huan ; Zhang, Xixi ; Yang, Qian ; Du, Hanlu ; Lang, Hongjuan",2026,Frontiers in Public Health,10.3389/fpubh.2026.1780476,review/EBSCO/pdfs/EBSCO_M0252_Huan Xu_2025_The_effect_of_social_capital_on_infectious_disea.pdf,level1_fail,not_read,
M0253,Sensory processing sensitivity levels in patients with disorders of gut–brain interaction: a propensity score-matched cross-sectional study.,"Peng, Dingjiang ; Zhang, Yijun",2026,Frontiers in Medicine,10.3389/fmed.2026.1674680,review/EBSCO/pdfs/EBSCO_M0253_Peng_2026_Sensory_processing_sensitivity_levels_in_patient.pdf,level1_fail,not_read,
M0254,The relationship between physical activity and subjective wellbeing in infertile women: the mediating role of positive feedback and self-efficacy.,"Liu, Mengxuan",2026,Frontiers in Public Health,10.3389/fpubh.2026.1723969,review/EBSCO/pdfs/EBSCO_M0254_Liu_2026_The_relationship_between_physical_activity_and_s.pdf,level1_fail,not_read,
M0255,"Could AI risk perception, AI learning anxiety and personal growth initiative influence university students' AI usage capability? An empirical investigation based on the control-value theory.","Jiang, Yali ; Chen, Haiping",2026,Frontiers in Psychology,10.3389/fpsyg.2026.1788475,review/EBSCO/pdfs/EBSCO_M0255_Jiang_2026_Could_AI_risk_perception_AI_learning_anxiety_and.pdf,level1_fail,not_read,
M0256,Leading Innovation in Tourism and Hospitality: The Mediating Role of Knowledge Sharing and Organizational Agility.,"Hasanein, Ahmed Mohamed ; Alhaidar, Maher Abdullah ; Al-Romeedy, Bassam Samir ; Seraj, Abdullah H.",2026,Systems,10.3390/systems14040369,review/EBSCO/pdfs/EBSCO_M0256_Ahmed Mohamed Hasanein_2026_Leading_Innovation_in_Tourism_and_Hospitality_Th.pdf,excluded_pls,not_read,
M0257,Supervisors as Enhancers of Workplace Resilience Training: Promoting Training Transfer at Work and Perceptions of Support.,"Kho, Madison C. ; Crane, Monique F.",2026,Journal of Personnel Psychology,10.1027/1866-5888/a000384,review/EBSCO/pdfs/EBSCO_M0257_Kho_2026_Original_Article_Supervisors_as_Enhancers_of_Wor.pdf,included,fully_coded,M0257
M0258,How Work Autonomy Enhances Adaptive Performance: The Sequential Role of Job Crafting Towards Strengths and Demands–Abilities Fit in Times of Crisis.,"Lau, Angelika ; Aguirre Reid, Sophia C.",2026,Journal of Change Management,10.1080/14697017.2026.2631400,review/EBSCO/pdfs/EBSCO_M0258_Lau_2026_How_Work_Autonomy_Enhances_Adaptive_Performance.pdf,excluded_pls,not_read,
M0259,Accelerating digital transformation: key drivers of cloud computing adoption and firm performance outcomes in Malaysian SMEs.,"Subramaniam, Anusuiya ; Teh, Raymond",2026,Future Business Journal,10.1186/s43093-025-00711-7,review/EBSCO/pdfs/EBSCO_M0259_:_2026_Accelerating_digital_transformation_key_drivers.pdf,excluded_pls,not_read,
M0260,Algorithm aversion among workers in on-demand platforms: an exploration in the context of ride-hailing.,"Shen, Junjie ; Niu, Yanping ; Guo, Ziqing ; Chai, Yandong",2026,Management System Engineering,10.1007/s44176-026-00060-x,review/EBSCO/pdfs/EBSCO_M0260__2026_Algorithm_aversion_among_workers_in_on-demand_pl.pdf,included,fully_coded,M0260
M0261,When Leader Expectations Inspire and When They Overwhelm: The Role of Growth Mindset and Prior Performance in Employee Emotional and Engagement Responses to Leader High Performance Expectations.,"Wang, Zhen ; Chen, Huan",2026,Journal of Business & Psychology,10.1007/s10869-025-10040-9,review/EBSCO/pdfs/EBSCO_M0261_Chen_2025_When_Leader_Expectations_Inspire_and_When_They_O.pdf,included,fully_coded,M0261
M0262,Digitalization and Employee Health and Well-Being During COVID-19.,"Ha, Hyesong ; Raghavan, Aarthi ; Demircioglu, Mehmet Akif ; Hur, Hyunkang",2026,Administrative Sciences (2076-3387),10.3390/admsci16030156,review/EBSCO/pdfs/EBSCO_M0262_Ha_2026_Digitalization_and_Employee_Health_and_Well-Bein.pdf,included,fully_coded,M0262
M0263,Entrepreneurial Intentions: The Role of Gender and Culture in Entrepreneurial Education.,"Krishna, Shwetha M. ; Agrawal, Somya",2026,Administrative Sciences (2076-3387),10.3390/admsci16010038,review/EBSCO/pdfs/EBSCO_M0263_Shwetha M. Krishna and Somya Agrawal_2025_Entrepreneurial_Intentions_The_Role_of_Gender_an.pdf,excluded_pls,not_read,
M0264,Antecedents and Consequences of Customized Product Value.,"Yıldırım, Emre ; Nart, Sima ; Karatepe, Osman M.",2026,Journal of Theoretical & Applied Electronic Commerce Research,10.3390/jtaer21030076,review/EBSCO/pdfs/EBSCO_M0264_Karatepe_2026_Antecedents_and_Consequences_of_Customized_Produ.pdf,included,fully_coded,M0264
M0265,Hedonic Beats Utilitarian: Differential Effects of AI Chatbots and AR/VR on Consumer Engagement in E-Commerce.,"Zhang, Qin ; Abdullah, Firdaus",2026,Journal of Theoretical & Applied Electronic Commerce Research,10.3390/jtaer21020060,review/EBSCO/pdfs/EBSCO_M0265_Zhang_2025_Hedonic_Beats_Utilitarian_Differential_Effects_o.pdf,included,fully_coded,M0265
M0266,'Volunteers are incompetent': how the stereotype of incompetence impacts new volunteer's participation.,"Miao, Qing ; Huang, Jinhao ; He, Yuhang ; Pan, Chao",2026,Public Management Review,10.1080/14719037.2024.2436049,review/EBSCO/pdfs/EBSCO_M0266_Qing Miaoa_2024_Volunteers_are_incompetent_how_the_stereotype_of.pdf,included,fully_coded,M0266
M0267,Linking Developmental HRM to Organizational Dehumanization Among Nurses: Work Meaningfulness as a Mediator and Mastery Climate as a Moderator.,"Song, Yao ; Liu, Yang ; Li, Shanshan ; Colet, Paolo C.",2025,Journal of Nursing Management,10.1155/jonm/8009052,review/EBSCO/pdfs/EBSCO_M0267_Liu_2025_Linking_Developmental_HRM_to_Organizational_Dehu.pdf,included,fully_coded,M0267
M0268,FARMERS AS A CONSUMERS: UTAUT WITH DUAL MODERATED MEDIATION MODEL.,"YILMAZEL, Sefa Emre",2025,International Journal of Economic & Administrative Studies,10.18092/ulikidince.1504428,review/EBSCO/pdfs/EBSCO_M0268_.._2025_Uluslararası_İktisadi_ve_İdari_İncelemeler_Dergi.pdf,excluded_pls,not_read,
M0269,Interplay between Teachers’ Affective Well-Being and Thriving at Work: A Cross-Lagged Study.,"Wei, Shuhua ; Ding, Hejuan ; Sun, Huihui",2025,Journal of Happiness Studies,10.1007/s10902-025-00863-x,review/EBSCO/pdfs/EBSCO_M0269_© The Author(s)_2025_RESEARCH_PAPER_Accepted_8_January_2025.pdf,level1_fail,not_read,
M0270,The impact of biodiversity information on willingness to pay.,"Hörisch, Jacob ; Petersen, Lars ; Jacobs, Kathleen",2024,Journal of Industrial Ecology,10.1111/jiec.13552,review/EBSCO/pdfs/EBSCO_M0270_Petersen_2024_The_impact_of_biodiversity_information_on_willin.pdf,included,fully_coded,M0270
M0271,Tasks at hand or more challenges: The roles of regulatory focus and job insecurity in predicting work behaviours.,"Tu, Yan ; Wang, Hai‐Jiang ; Jiang, Lixin ; De Witte, Hans ; Long, Lirong",2024,Journal of Occupational & Organizational Psychology,10.1111/joop.12533,review/EBSCO/pdfs/EBSCO_M0271_Psychol._2023_Tasks_at_Hand_or_More_Challenges_The_Roles_of_Re.pdf,included,fully_coded,M0271
M0272,"A New Look at Job Demands, Resources, and Volunteers' Intentions to Leave: The Role of Work–Home Interference and Burnout.","Magrone, Monica ; Montani, Francesco ; Emili, Silvia ; Bakker, Arnold B. ; Sommovigo, Valentina",2024,Voluntas: International Journal of Voluntary & Nonprofit Organizations,10.1007/s11266-024-00679-y,review/EBSCO/pdfs/EBSCO_M0272_Magrone_2024_A_New_Look_at_Job_Demands_Resources_and_Voluntee.pdf,included,fully_coded,M0272
M0273,Medical Artificial Intelligence Information Disclosure on Healthcare Professional Involvement in Innovation: A Transactional Theory of Stress and Coping Model.,"Huo, Weiwei ; Luo, Wenhao ; Yan, Jiaqi ; Wang, Yixin ; Deng, Yehui",2024,International Journal of Human-Computer Interaction,10.1080/10447318.2023.2266797,review/EBSCO/pdfs/EBSCO_M0273_Huo_2024_Medical_Artificial_Intelligence_Information_Disc.pdf,excluded_pls,not_read,
M0274,How does mindful leadership promote employee green behavior? The moderating role of green human resource management.,"Yang, Jin ; Yu, Ting ; Li, Anya",2024,Corporate Social Responsibility & Environmental Management,10.1002/csr.2870,review/EBSCO/pdfs/EBSCO_M0274_Yang_2023_How_does_mindful_leadership_promote_employee_gre.pdf,level1_fail,not_read,
M0275,Vitality and learning: the impact of mobile technology use across work–nonwork boundaries on job performance.,"Zhou, Mi ; Liu, Wei ; Fan, Weiguo",2024,Behaviour & Information Technology,10.1080/0144929x.2023.2262605,review/EBSCO/pdfs/EBSCO_M0275_Mi Zhoua_2022_untitled.pdf,included,fully_coded,M0275
M0276,"Sustainable development, environmental innovation and export firms: The moderating roles of external collaboration, creativity enhancement and internal development processes.","Galbreath, Jeremy ; Chang, Chia‐Yang ; Tisch, Daniel",2024,Sustainable Development,10.1002/sd.2903,review/EBSCO/pdfs/EBSCO_M0276_Galbreath_2023_Sustainable_development_environmental_innovation.pdf,level1_fail,not_read,
M0277,From cognitive need to problematic use: a chained mediation path moderated by academic stress and AI literacy.,"Kong, Yong ; Dong, Tongqiang ; Yang, Ziyi ; Fang, Yu ; Chen, Ning",2026,Frontiers in Psychology,10.3389/fpsyg.2026.1767454,review/EBSCO/pdfs/EBSCO_M0277_Kong_2026_From_cognitive_need_to_problematic_use_a_chained.pdf,level1_fail,not_read,
M0278,Psychological mechanisms underlying employability among Chinese university students: a sequential mediation model and gender invariance analysis.,"Chang, Hongying ; Yan, Guohua ; Guo, Jichang",2026,Frontiers in Psychology,10.3389/fpsyg.2026.1749175,review/EBSCO/pdfs/EBSCO_M0278_Chang_2026_Psychological_mechanisms_underlying_employabilit.pdf,level1_fail,not_read,
M0279,Flowing toward toughness: serial mediation of flow and mental toughness in gamified XR soccer instruction.,"Li, Chao ; Memmert, Daniel ; Sang, Guangliang",2026,Frontiers in Psychology,10.3389/fpsyg.2026.1731891,review/EBSCO/pdfs/EBSCO_M0279_Li_2026_Flowing_toward_toughness_serial_mediation_of_flo.pdf,excluded_pls,not_read,
M0280,The mediating role of professional self-concept in how teacher professional development influences rural physical education teachers' work engagement: a moderated mediation analysis.,"Yan, Jihong ; Dai, Xinyu",2026,Frontiers in Psychology,10.3389/fpsyg.2026.1767900,review/EBSCO/pdfs/EBSCO_M0280_Yan_2026_The_mediating_role_of_professional_self-concept.pdf,included,fully_coded,M0280
M0281,How Machiavellian leadership affects employees' happiness at work: the role of psychological contract breach and coworker exchange.,"Wu, Hao ; Lu, Shuai ; Liu, Anle",2026,Frontiers in Psychology,10.3389/fpsyg.2026.1763335,review/EBSCO/pdfs/EBSCO_M0281_Wu_2026_How_Machiavellian_leadership_affects_employees_h.pdf,excluded_pls,not_read,
M0282,Flourishing and its influencing factor in inflammatory bowel disease patients: a latent profile analysis.,"Lu, Bingyuan ; Ma, Linlin ; Xia, Fei ; Zhang, Lu ; Liu, Ying ; Yu, Xiaoyan ; Sun, Renjuan ; Luo, Yanfang",2026,Frontiers in Psychiatry,10.3389/fpsyt.2026.1751497,review/EBSCO/pdfs/EBSCO_M0282_Bingyuan Lu †_2025_Flourishing_and_its_influencing_factor_in_inflam.pdf,level1_fail,not_read,
M0283,Understanding individual-level absorptive capacity: unpacking the roles of innovative attitude and motivation in perceived academic performance of Chinese international students in South Korea.,"Jeon, Mingyeong ; Yin, Meiling",2026,Frontiers in Psychology,10.3389/fpsyg.2026.1687241,review/EBSCO/pdfs/EBSCO_M0283_Jeon_2026_Understanding_individual-level_absorptive_capaci.pdf,excluded_pls,not_read,
M0284,Trust-Mediated adoption of AI Robo-Advisors in inland china: an extended UTAUT perspective.,"Guo, Yantong ; Waked, Hayyan Nassar",2026,Journal of Financial Services Marketing,10.1057/s41264-025-00339-2,review/EBSCO/pdfs/EBSCO_M0284_LexisNexis_2026_About_LexisNexis_Privacy_Policy_Terms_Conditions.pdf,excluded_pls,not_read,
M0285,Positive emotional cues at work: how customer empowering behavior promotes proactive customer service via psychological safety.,"Chen, Wei ; Yao, Kai ; Fan, Zhaoying",2026,Frontiers in Psychology,10.3389/fpsyg.2026.1734905,review/EBSCO/pdfs/EBSCO_M0285_Wei Chen_2026_Positive_emotional_cues_at_work_how_customer_emp.pdf,included,fully_coded,M0285
M0286,"Variations in Dementia Awareness, Contact and Stigma Attitudes Across Generations: A Community-Based Cross-Sectional Study in Shanghai, China.","Li, Wenjia ; Gao, Han ; Zhang, Xinni ; Tang, Qinghe",2026,International Journal of General Medicine,10.2147/ijgm.s577884,review/EBSCO/pdfs/EBSCO_M0286_Wenjia Li_2026_IJGM_A_577884_114.pdf,level1_fail,not_read,
M0287,"A study on the relationship between digital leadership, digital self-efficacy, and work engagement: the moderating role of technostress.","Li, Jingke ; Wang, Yongkang ; Han, Joongoo",2026,Frontiers in Psychology,10.3389/fpsyg.2026.1751207,review/EBSCO/pdfs/EBSCO_M0287_Li_2026_A_study_on_the_relationship_between_digital_lead.pdf,excluded_pls,not_read,
M0288,"Exploring the roles of social capital, social interaction and financial literacy in shaping access to finance for Indian SMEs.","Shharma, Poojha Chaturvedi ; Bansal, Rohit ; Aziz, Aulia Luqman ; Propheto, Arfendo",2026,Discover Sustainability,10.1007/s43621-026-02680-5,review/EBSCO/pdfs/EBSCO_M0288_Williams_2026_RESEARCH.pdf,excluded_pls,not_read,
M0289,Interpersonal satisfaction and classroom silence in Chinese universities: the mediating role of social anxiety.,"Liu, Yuqiang ; Liu, Mengzhu ; Zhang, Siguang",2026,Frontiers in Psychology,10.3389/fpsyg.2026.1676791,review/EBSCO/pdfs/EBSCO_M0289_Yuqiang Liu_2025_Interpersonal_satisfaction_and_classroom_silence.pdf,level1_fail,not_read,
M0290,How relationship-oriented behavior influences employee voice-silence conversion in cross-cultural virtual teams: the mediating role of psychological safety.,"Dong, Xuetong ; Xing, Luling",2026,Frontiers in Psychology,10.3389/fpsyg.2025.1662897,review/EBSCO/pdfs/EBSCO_M0290_†_2025_How_relationship-oriented_behavior_influences_em.pdf,included,fully_coded,M0290
M0291,"Resource Endowments, Value Cognition, and Strategic Risk-Taking: Explaining Carbon-Reduction Investments in Port Enterprises.","Zhao, Tingting ; Ding, Ning ; Gu, Jing ; Chen, Maowei",2026,Systems,10.3390/systems14020203,review/EBSCO/pdfs/EBSCO_M0291_Tingting Zhao_2026_Resource_Endowments_Value_Cognition_and_Strategi.pdf,excluded_pls,not_read,
M0292,From retention to turnover: the paradoxical role of career optimism and the moderating effect of psychological safety.,"Gong, Zhenxing ; Lu, Yue ; Li, Miaomiao",2026,Frontiers in Psychology,10.3389/fpsyg.2025.1706367,review/EBSCO/pdfs/EBSCO_M0292_Gong_2026_From_retention_to_turnover_the_paradoxical_role.pdf,included,fully_coded,M0292
M0293,The impact of self-transcendence values on cooperative behaviors: attitude mediation and emotional moderation.,"Kong, Qian-Qian ; Baharum, Harmi Izzuan Bin",2026,Frontiers in Psychology,10.3389/fpsyg.2025.1701352,review/EBSCO/pdfs/EBSCO_M0293_Kong_2026_The_impact_of_self-transcendence_values_on_coope.pdf,level1_fail,not_read,
M0294,Psychological pathways between leadership behavior and work-family balance: the mediating roles of employee satisfaction and perceived support.,"Wang, Pengyuan ; Lyu, Bei ; Yang, Qing ; Wan, Qiang",2026,Frontiers in Psychology,10.3389/fpsyg.2025.1626218,review/EBSCO/pdfs/EBSCO_M0294_Lyu_2025_Psychological_pathways_between_leadership_behavi.pdf,included,fully_coded,M0294
M0295,The influence of sports technology device usage on middle-aged health anxiety: chain mediation effects of health control perception and self-efficacy reconstruction.,"Li, Feixuan ; Peng, Jiahui ; Cao, Li ; Zhou, Deqiao",2026,Frontiers in Public Health,10.3389/fpubh.2025.1687208,review/EBSCO/pdfs/EBSCO_M0295_Feixuan Li_2025_The_influence_of_sports_technology_device_usage.pdf,level1_fail,not_read,
M0296,Influencing factors and mediating mechanisms of job crafting in clinical nursing practice.,"Wang, Jia ; Li, Yaru ; Sun, Jiaxin ; Cui, Yajuan ; Su, Mei ; Tang, Peijuan ; Wang, Yanting ; Hu, Yuchong ; Chang, Wenzhong ; Wang, Yanli",2026,Frontiers in Public Health,10.3389/fpubh.2025.1711339,review/EBSCO/pdfs/EBSCO_M0296_Jia Wang_2025_Influencing_factors_and_mediating_mechanisms_of.pdf,included,fully_coded,M0296
M0297,FRAUD DIAMOND ANALYSIS IN REVEALING ASSET MISAPPROPRIATION WITH FRAUD RISK ASSESSMENT AS A MODERATING VARIABLE: A PERSPECTIVE OF THE FRAUD DIAMOND THEORY.,"FADHILA, ZATI RIZKA ; CHARIRI, ANIS ; HANDAYANI, RR SRI",2026,Keunis,10.32497/keunis.v14i1.6832,review/EBSCO/pdfs/EBSCO_M0297_Jl. Hayam Wuruk SH No. Semarang_2026_P-ISSN_2302-9315_Vol_14_No_1_Jan_2026_Page_61-71.pdf,excluded_pls,not_read,
M0298,Digital transformation in SMEs: the impacts of strategic orientations and exploratory search strategies.,"Wang, Danping ; Chen, Dongyu ; Ye, Linlin ; Huang, Chris",2026,Management Research Review,,review/EBSCO/pdfs/EBSCO_M0298_LexisNexis_2026_About_LexisNexis_Privacy_Policy_Terms_Conditions.pdf,excluded_pls,not_read,
M0299,Job crafting towards strengths and interests: how overqualification enhances creativity?,"Du, Yana ; Luo, Jinlian ; Su, Yaqi",2025,Service Industries Journal,10.1080/02642069.2025.2457548,review/EBSCO/pdfs/EBSCO_M0299_Yana Dua_2023_Job_crafting_towards_strengths_and_interests_how.pdf,included,fully_coded,M0299
M0300,To build a thriving workforce: unpacking the relationship between well-being-oriented human resource management and work outcomes.,"Xiao, Qijie ; Goh, Zen ; Cai, Yujie",2025,International Journal of Human Resource Management,10.1080/09585192.2026.2615719,review/EBSCO/pdfs/EBSCO_M0300_Xiao_2017_The_International_Journal_of_Human_Resource_Mana.pdf,included,fully_coded,M0300
M0301,"The impact of enterprise–union coupling relationships on gig workers' well-being in China: the roles of basic rights, growth rights and time pressure.","Zha, Xuanqi ; Hu, Enhua ; Yan, Ge ; Shan, Hongmei ; Wang, Ying",2025,International Journal of Human Resource Management,10.1080/09585192.2025.2602080,review/EBSCO/pdfs/EBSCO_M0301_Xuanqi Zhaa_2025_The_International_Journal_of_Human_Resource_Mana.pdf,included,fully_coded,M0301
M0302,Relational leadership and work‒life balance: The moderated mediating role of relational energy.,"Zhang, Haina ; Sun, Wei ; Tang, Guiyao",2025,Asia Pacific Journal of Management,10.1007/s10490-024-09995-9,review/EBSCO/pdfs/EBSCO_M0302_:–_2024_Asia_Pacific_Journal_of_Management_2025_42237924.pdf,included,fully_coded,M0302
M0303,The Downside of Ethical Convictions: Why and When Employees Reduce Ethical Voice in Response to Perceived Supervisor Ethical Conviction.,"Xiang, Yilin ; Chen, Lu ; Sun, Xinyu ; Feng, Xin",2025,Journal of Business & Psychology,10.1007/s10869-024-10003-6,review/EBSCO/pdfs/EBSCO_M0303_Feng_2024_The_Downside_of_Ethical_Convictions_Why_and_When.pdf,included,fully_coded,M0303
M0304,How Much Does the Business Development of Circular Eco‐Efficient Practices Improve by Shaking Stakeholders up?,"Garces‐Ayerbe, Concepción ; Rivera‐Torres, Pilar ; Darmandieu, Aurore",2025,"Business Ethics, the Environment & Responsibility",10.1111/beer.12768,review/EBSCO/pdfs/EBSCO_M0304_Business Ethics_2023_HOW_MUCH_DOES_THE_BUSINESS_DEVELOPMENT_OF_CIRCUL.pdf,included,fully_coded,M0304
M0305,Unpacking the Path from Knowledge Heterogeneity to Team Creativity: A Knowledge-Based View and Dynamic Capability Theory Perspective.,"Cai, Hongyi ; Zhao, Heng ; Huang, Yong",2025,Administrative Sciences (2076-3387),10.3390/admsci15110408,review/EBSCO/pdfs/EBSCO_M0305_Hongyi Cai_2025_Unpacking_the_Path_from_Knowledge_Heterogeneity.pdf,included,fully_coded,M0305
M0306,"Reading Minds, Sparking Ideas: How Machiavellian Leaders Boost Team Creativity Through Cross-Understanding.","Yan, Yihang ; Lei, Hongzhen ; Xiong, Hui ; Liu, Yuanzhe ; Qu, Xiaoqian",2025,Administrative Sciences (2076-3387),10.3390/admsci15100400,review/EBSCO/pdfs/EBSCO_M0306_Yan_2025_Reading_Minds_Sparking_Ideas_How_Machiavellian_L.pdf,included,fully_coded,M0306
M0307,"The more you connect, the less you connect: An examination of the role of phubbing at home and job crafting in the crossover and spillover effects of work–family spousal support on employee creativity.","Wang, Siqi ; Rofcanin, Yasin ; Las Heras, Mireia ; Yalabik, Zeynep",2024,Journal of Occupational & Organizational Psychology,10.1111/joop.12503,review/EBSCO/pdfs/EBSCO_M0307_Psychol._2023_The_More_You_Connect_the_Less_You_Connect_An_Exa.pdf,included,fully_coded,M0307
M0308,The Impact of Empowering Leadership on Taking Charge Behaviors: Mediating Strengths Use and Moderating Ambition.,"Kong, Lingnan ; Liu, Yang ; Ding, He ; Liu, Sha ; Yu, Shunkun",2024,Behavioral Sciences (2076-328X),10.3390/bs14080633,review/EBSCO/pdfs/EBSCO_M0308_Kong_2024_The_Impact_of_Empowering_Leadership_on_Taking_Ch.pdf,included,fully_coded,M0308
M0309,Organizational Benefits of Commuting Support: The Impact of Flexible Working Hours on Employees' OCB through Commuting Control.,"Gan, Zhiyi ; Gan, Jinhua ; Zhou, Zhiqing E. ; Tang, Hanying",2024,Social Indicators Research,10.1007/s11205-024-03378-9,review/EBSCO/pdfs/EBSCO_M0309_© The Author(s)_2024_ORIGINAL_RESEARCH_Accepted_17_June_2024_Publishe.pdf,included,fully_coded,M0309
M0310,The dark side of creativity: its connection to work-family conflict.,"Xie, Lei ; Li, Guangping",2024,"Community, Work & Family",10.1080/13668803.2022.2095256,review/EBSCO/pdfs/EBSCO_M0310_Xie_2022_The_dark_side_of_creativity_its_connection_to_wo.pdf,excluded_pls,not_read,
M0311,Unleashing digital superheroes: Unravelling the empathy factor in digital competence and online teacher autonomy support.,"Chen, Anni ; Li, Wei ; Fu, Weidong",2024,British Journal of Educational Technology,10.1111/bjet.13433,review/EBSCO/pdfs/EBSCO_M0311_Technol._2023_Unleashing_Digital_Superheroes_Unraveling_the_Em.pdf,included,fully_coded,M0311
M0312,THE ROLES OF PARTNERING AND BOUNDARY ACTIVITIES ON PROJECT RESILIENCE UNDER DISRUPTIONS.,"SHEN, Wenxin ; Wen LIM, Huey ; FANG, Dongping",2024,Journal of Civil Engineering & Management,10.3846/jcem.2024.21354,review/EBSCO/pdfs/EBSCO_M0312_SHEN_2023_THE_ROLES_OF_PARTNERING_AND_BOUNDARY_ACTIVITIES.pdf,level1_fail,not_read,
M0313,The Buffering Role of Anti‐Violence Human Resource Management Practices in Shaping How Police Officers Cope With Workplace Violence.,"Alfes, Kerstin ; Tham, Tse Leng ; Pariona‐Cabrera, Patricia ; Holland, Peter ; Bartram, Timothy",2025,Human Resource Management,10.1002/hrm.22281,review/EBSCO/pdfs/EBSCO_M0313_Human Resource Management_2024_The_buffering_role_of_antiviolence_human_resourc.pdf,level1_fail,not_read,
M0314,Technostress and work-family conflict in ICT-user employees during the COVID-19 pandemic: the role of social support and mindfulness.,"Azpíroz-Dorronsoro, Carla ; Fernández-Muñiz, Beatriz ; Montes-Peón, José Manuel ; Vázquez-Ordás, Camilo José",2024,Behaviour & Information Technology,10.1080/0144929x.2023.2220051,review/EBSCO/pdfs/EBSCO_M0314_Carla_Azpíroz-Dorronsoro_2021_untitled.pdf,included,fully_coded,M0314
M0315,Differences in influencing mechanism of clinicians' adoption behavior for liver cancer screening technology between the leading and subordinate hospitals within medical consortiums.,"Wu, Shiyin ; Zheng, Yuhang ; Wang, Lingjie ; Liu, Wenbin",2024,BMC Cancer,10.1186/s12885-024-12281-y,review/EBSCO/pdfs/EBSCO_M0315_Williams_2024_RESEARCH.pdf,level1_fail,not_read,
M0316,How Is Job Insecurity Related to Workers' Work–Family Conflict during the Pandemic? The Mediating Role of Working Excessively and Techno-Overload.,"Finstad, Georgia Libera ; Bernuzzi, Chiara ; Setti, Ilaria ; Fiabane, Elena ; Giorgi, Gabriele ; Sommovigo, Valentina",2024,Behavioral Sciences (2076-328X),10.3390/bs14040288,review/EBSCO/pdfs/EBSCO_M0316_Finstad_2024_How_Is_Job_Insecurity_Related_to_Workers_WorkFam.pdf,excluded_pls,not_read,
M0317,Why do I (not) trust my employees? Predicting factors for leaders' trust in employees.,"Lhaden, Karma ; Dimas, Isabel D.",2025,International Studies of Management & Organization,10.1080/00208825.2024.2441619,review/EBSCO/pdfs/EBSCO_M0317_Lhaden_2025_Why_do_I_not_trust_my_employees_Predicting_facto.pdf,included,fully_coded,M0317
M0318,When and Why Negative Supervisor Gossip Yields Functional and Dysfunctional Consequences on Subordinate Interactive Behaviors.,"Ding, Chen ; Su, Mengting ; Pei, Jialiang ; Zhu, Cherrie Jiuhua ; Zhao, Shuming",2025,Journal of Business Ethics,10.1007/s10551-024-05900-y,review/EBSCO/pdfs/EBSCO_M0318__2024_When_and_Why_Negative_Supervisor_Gossip_Yields_F.pdf,included,fully_coded,M0318
M0319,From Deception to Rejection: Unraveling the Impact of Workplace Cheating Behavior on Coworker Ostracism.,"Ye, Yijiao ; Wu, Long-Zeng ; Kwan, Ho Kwong ; Liu, Xinyu",2025,Journal of Business Ethics,10.1007/s10551-024-05881-y,review/EBSCO/pdfs/EBSCO_M0319__2023_From_Deception_to_Rejection_Unraveling_the_Impac.pdf,included,fully_coded,M0319
M0320,"""Distinctiveness–Conformity"" Paradox: How to Leverage Digital Platform Capabilities to Enhance SMEs Ecological Niches.","Kong, Weiwei ; Hu, Haiqing ; Wang, Zhaoqun ; Qiao, Jianqi ; Shang, Yanying",2025,Journal of Theoretical & Applied Electronic Commerce Research,10.3390/jtaer20030217,review/EBSCO/pdfs/EBSCO_M0320_Kong_2025_DistinctivenessConformity_Paradox_How_to_Leverag.pdf,level1_fail,not_read,
M0321,The relationship between college students' legal cognition and maladaptive risk-taking behaviors: the moderating effect of need for cognitive closure.,"Hu, Yu ; Ding, Qiang ; Liu, Hui ; Xu, Shuhui",2025,Frontiers in Psychology,10.3389/fpsyg.2025.1717060,review/EBSCO/pdfs/EBSCO_M0321_Yu_Hu_2025_The_relationship_between_college_students_legal.pdf,level1_fail,not_read,
M0322,The relationship between teacher care and Chinese college students' physical education class learning satisfaction: the chain mediation effect of exercise enjoyment and exercise self-efficacy.,"Chen, Haixiong ; Xiang, Jun",2025,Frontiers in Psychology,10.3389/fpsyg.2025.1691027,review/EBSCO/pdfs/EBSCO_M0322_Xiang_2025_The_relationship_between_teacher_care_and_Chines.pdf,level1_fail,not_read,
M0323,The role of social support in the association between quality of life and demoralization in patients with inflammatory bowel disease: a cross-sectional study.,"Ji, Jingrui ; Gu, Haoran ; Lei, Sifei ; Shen, Pan ; Zheng, Jie ; Zhang, Yinling",2025,Frontiers in Psychology,10.3389/fpsyg.2025.1689939,review/EBSCO/pdfs/EBSCO_M0323_Jingrui_Ji_2024_The_role_of_social_support_in_the_association_be.pdf,level1_fail,not_read,
M0324,The threshold moderating effect of self-efficacy: a nonlinear transformation mechanism of work passion on job satisfaction among sports practitioners.,"Kunyan, Wang ; Miao, Tan",2025,Frontiers in Psychology,10.3389/fpsyg.2025.1667520,review/EBSCO/pdfs/EBSCO_M0324_Miao_2025_The_threshold_moderating_effect_of_self-efficacy.pdf,included,fully_coded,M0324
M0325,Online Fitness Content as a behavioral catalyst: extending the Theory of Planned Behavior to unmask time-dependent effects on resistance training engagement.,"Wei, Wei ; Su, Ronghai ; Lin, Chen ; Meng, Meng ; Zheng, Rongrong",2025,Frontiers in Psychology,10.3389/fpsyg.2025.1575832,review/EBSCO/pdfs/EBSCO_M0325_Wei_Wei_2025_Online_Fitness_Content_as_a_behavioral_catalyst.pdf,included,fully_coded,M0325
M0326,Protecting work engagement from digital fatigue: the contingent roles of leadership style and network ties.,"Zhang, Xiaozhu ; Deng, Guangkuan",2025,Frontiers in Psychology,10.3389/fpsyg.2025.1645057,review/EBSCO/pdfs/EBSCO_M0326_Deng_2025_Protecting_work_engagement_from_digital_fatigue.pdf,included,fully_coded,M0326
M0327,"The impact of mission valence on innovative work behavior among civil servants: the roles of harmonious passion, spiritual leadership, and the organization's fault-tolerant climate.","Liu, Xi ; Zhang, Shaobo ; Huang, Qian",2025,Frontiers in Psychology,10.3389/fpsyg.2025.1722923,review/EBSCO/pdfs/EBSCO_M0327_Liu_2025_The_impact_of_mission_valence_on_innovative_work.pdf,included,fully_coded,M0327
M0353,Mothers' parental burnout and adolescents' social adaptation and security: the mediating role of parenting style.,"Song, Tingting ; Wang, Wei ; Chen, Shen ; Li, Yongxin",2024,Current Psychology,10.1007/s12144-024-06045-x,review/EBSCO/pdfs/EBSCO_M0353_:–_2024_Current_Psychology_2024_432314423155.pdf,level1_fail,not_read,
M0400,Disconnecting to Detach: The Role of Impaired Recovery in Negative Consequences of Workplace Telepressure.,"Hu, Xinyu ; Santuzzi, Alecia M. ; Barber, Larissa K.",2019,Revista de Psicologia del Trabajo y de Las Organizaciones,10.5093/jwop2019a2,review/EBSCO/pdfs/EBSCO_M0073_Hu_2019_Disconnecting_to_detach_The_role_of_impaired_rec.pdf,included,fully_coded,M0400
M0427,Reducing technology-mediated service exclusion by providing human assistant support for senior citizens: evidence from China.,Yu Zhang ; Hongquan Ao ; Weibin Deng ; Yafen Yuan,2023,Information Technology for Development,10.1080/02681102.2023.2175768,review/EBSCO/pdfs/imports/Zhang_2023_02681102.2023.2175768.pdf,excluded_pls,not_read,
M0428,"Parental Burnout, Negative Parenting Style, and Adolescents' Development.","Guo, Xingchen ; Hao, Chenyu ; Wang, Wei ; Li, Yongxin",2024,Behavioral Sciences (2076-328X),10.3390/bs14030161,review/EBSCO/pdfs/imports/Guo_2024_bs14030161.pdf,level1_fail,not_read,
M0429,Youth materialism and consumer ethics: do Gen Z adolescents' self-concepts (power and self-esteem) vary across cultures (China vs. France)?,"Gentina, Elodie ; Tang, Thomas Li-Ping",2024,Ethics & Behavior,10.1080/10508422.2022.2151012,review/EBSCO/pdfs/imports/Gentina_2024_10508422.2022.2151012.pdf,included,not_read,
M0430,Broken engagement: The role of grit and LMX in enhancing faculty engagement.,"Hanley, Yvonne Downie ; Maykrantz, Sherry A. ; Houghton, Jeffery D.",2024,Higher Education Quarterly,10.1111/hequ.12450,review/EBSCO/pdfs/imports/Hanley_2024_hequ.12450.pdf,manual_review,not_read,
M0431,"Gig worker's perceived algorithmic management, stress appraisal, and destructive deviant behavior.","Zhang, Linzi ; Yang, Jie ; Zhang, Yiming ; Xu, Guohu",2023,PLoS ONE,10.1371/journal.pone.0294074,review/EBSCO/pdfs/imports/Zhang_2023_journal.pone.0294074.pdf,included,not_read,
M0474,"An Extended Model of Preference Formation Between Global and Local Brands: The Roles of Identity Expressiveness, Trust, and Affect.","Yi Xie ; Batra, Rajeev ; Siqing Peng",2015,Journal of International Marketing,10.1509/jim.14.0009,review/EBSCO/pdfs/EBSCO_M0474_Williams_2016_Four_Research_Designs_and_a_Comprehensive_Analys.pdf,level1_fail,not_read,
M0479,Four Research Designs and a Comprehensive Analysis Strategy for Investigating Common Method Variance with Self-Report Measures Using Latent Variables.,"Williams, Larry ; McGonagle, Alyssa",2016,Journal of Business & Psychology,10.1007/s10869-015-9422-9,review/EBSCO/pdfs/EBSCO_M0479_York_2003_CrossMark_Color_LM_Logopdf.pdf,pending,not_read,
M0613,A mutual gains perspective on workplace partnership: Employee outcomes and the mediating role of the employment relations climate.,"Valizade, Danat ; Ogbonnaya, Chidiebere ; Tregaskis, Olga ; Forde, Chris",2016,Human Resource Management Journal,10.1111/1748-8583.12113,review/EBSCO/pdfs/EBSCO_M0613_Human_Resource_Managemen_2016_A_mutual_gains_perspective_on_workplace_partners.pdf,pending,not_read,
M0675,Relational energy at work: Implications for job engagement and job performance.,"Owens, Bradley P. ; Baker, Wayne E. ; Sumpter, Dana McDaniel ; Cameron, Kim S.",2016,Journal of Applied Psychology,10.1037/apl0000032,review/EBSCO/pdfs/EBSCO_M0003_construct_In_Study_2016_RELATIONAL_ENERGY_AT_WORK.pdf,pending,not_read,
M0679,An Ideal Student Factor and the validity of noncognitive measures of student potential.,"Schmitt, Neal; Bradburn, Jacob C.;",2018,International Journal of Selection & Assessment,10.1111/ijsa.12221,review/EBSCO/pdfs/EBSCO_M0679_Pfrombeck_2020_A_study_of_organizational_cynicism_and_how_it_is.pdf,included,fully_coded,M0679
M0720,"Organizational Dehumanization, Perceived Stress, and Patient Depersonalization in French Nurses: A Cross‐Sectional Test of the Spillover Model.","Mollet, Marie Charlotte ; Zerhouni, Oulmann ; Isnard Bagnis, Corinne ; Romo, Lucia ; Fontenot, Justin",2026,Journal of Nursing Management,10.1155/jonm/2207579,review/EBSCO/pdfs/imports/Mollet_2026_jonm_2207579.pdf,included,fully_coded,M0720
M0723,Perceived algorithmic control and gig workers' work engagement: assessing the mediating role of psychological empowerment and the moderating effect of deep acting.,"Lin, Qingxiu ; Sun, Rui ; Zhu, Qiuhua",2025,BMC Psychology,10.1186/s40359-025-03570-7,review/EBSCO/pdfs/imports/Lin_2025_s40359-025-03570-7.pdf,excluded_pls,not_read,
M0726,The impact of work concerns on teaching effectiveness: a structural equation modeling and multiple regression analysis in Chinese private universities.,"Liang, Mingyu ; Abdullah, Mohd Khairuddin ; Wang, Qun",2025,Frontiers in Psychology,10.3389/fpsyg.2025.1661379,review/EBSCO/pdfs/imports/Liang_2025_fpsyg-16-1661379.pdf,level1_fail,not_read,
M0727,Surround yourself with creative people: How employee narcissism connects to creativity.,"Guo, Qiuyun",2025,Frontiers in Psychology,10.3389/fpsyg.2025.1646817,review/EBSCO/pdfs/imports/Guo_2025_fpsyg-16-1646817.pdf,included,not_read,
M0728,Analysis of the Effects of CSR and Compliance Programs on Organizational Reputation.,"Arredondo-Méndez, Víctor Hugo ; Muñoz-Molina, Yaromir ; Para-González, Lorena ; Mascaraque-Ramírez, Carlos",2025,Systems,10.3390/systems13100905,review/EBSCO/pdfs/imports/Arredondo-Mendez_2025_systems-13-00905.pdf,excluded_pls,not_read,
M0729,Measuring the Impact of Large Language Models on Academic Success and Quality of Life Among Students with Visual Disability: An Assistive Technology Perspective.,"Elshaer, Ibrahim A. ; AlNajdi, Sameer M. ; Salem, Mostafa A.",2025,Bioengineering (Basel),10.3390/bioengineering12101056,review/EBSCO/pdfs/imports/Elshaer_2025_bioengineering-12-01056.pdf,level1_fail,not_read,
M0730,A Mixed-Method Study on Job Satisfaction Among Air Traffic Controllers During the Pandemic: The Roles of Work-Family Interface and Resilience.,"Bernuzzi, Chiara ; Sommovigo, Valentina ; O'Shea, Deirdre ; Setti, Ilaria",2023,International Journal of Aerospace Psychology,10.1080/24721840.2023.2242391,review/EBSCO/pdfs/imports/Bernuzzi_2023_24721840.2023.2242391.pdf,included,not_read,
M0731,Developing a resilient workforce in the context of organisational change: the role of employee assistance programmes.,"Long, Tianyi ; Cooke, Fang Lee ; Mavondo, Felix",2025,International Journal of Human Resource Management,10.1080/09585192.2025.2458281,review/EBSCO/pdfs/imports/Long_2025_09585192.2025.2458281.pdf,included,not_read,
M0732,Double-edged sword effect of stretch goal: is stretch goal a burden or boost to employees?,"Zhang, Zhe ; Chen, Chang ; Jia, Ming",2025,Asia Pacific Journal of Management,10.1007/s10490-024-09956-2,review/EBSCO/pdfs/imports/Zhang_2025_s10490-024-09956-2.pdf,included,not_read,
M0733,Beyond the cost–benefit trade-off: How trust shapes consumers’ decisions to grant permission for personalized marketing content.,"Haj-Salem, Narjes ; Damra, Yousef ; Hamouche, Salima ; Ishaq, Muhammad Ishtiaq ; Raza, Ali",2025,Journal of Marketing Communications,10.1080/13527266.2025.2518456,review/EBSCO/pdfs/imports/Haj-Salem_2025_13527266.2025.2518456.pdf,excluded_pls,not_read,
M0734,Moral licensing effect of work engagement: The role of psychological entitlement and relationship conflict with supervisors.,"Zhang, Lianghua ; Wang, Yongli",2025,"Business Ethics, the Environment & Responsibility",10.1111/beer.12659,review/EBSCO/pdfs/EBSCO_M0734_Business_Ethics_2022_The_Moral_Licensing_Effect_of_Work_Engagement_Th.pdf,included,not_read,
M0735,"Supplier Orientation and Furniture Manufacturing Small and Medium Enterprises' Performance in Dar es Salaam, Tanzania: Customer Loyalty's Role.","Bwemelo, Gordian Stanslaus ; Mmari, Goodluck Aletaulwa ; Mashenene, Robert Galan",2025,"International Journal of Management, Accounting & Economics",10.5281/zenodo.15824866,review/EBSCO/pdfs/EBSCO_M0735_Bwemelo_2025_International_Journal_of_Management_Accounting_a.pdf,included,not_read,
M0736,Can adopting lean startup strategy promote the sustainable development of new ventures? The mediating role of organizational iterative learning.,"Zhuge, Kai ; He, Huitao ; Yuan, Yongzhi ; Sun, Peiting",2023,PLoS ONE,10.1371/journal.pone.0290849,review/EBSCO/pdfs/EBSCO_M0736_Kai_ZhugeID_2023_Can_adopting_lean_startup_strategy_promote_the_s.pdf,included,read_snippet_only,
M0737,Paths to Team Success: A Configurational Analysis of Team Effectiveness.,"Dimas, Isabel Dórdio ; Torres, Pedro ; Rebelo, Teresa ; Lourenço, Paulo Renato",2023,Human Performance,10.1080/08959285.2023.2222272,review/EBSCO/pdfs/EBSCO_M0737_Dimas_2023_Paths_to_Team_Success_A_Configurational_Analysis.pdf,included,partially_coded,M0737
M0738,The association between physical activity and subjective well-being among adolescents in southwest China by parental absence: a moderated mediation model.,"Zhang, Ming ; Xu, Xiaohe ; Jiang, Jianjun ; Ji, Yuanyi ; Yang, Ruixi ; Liu, Qijiao ; Li, Shiying ; Li, Yuchen ; Liu, Qiaolan",2023,BMC Psychiatry,10.1186/s12888-023-04982-8,review/EBSCO/pdfs/EBSCO_M0738_The_Authors_Open_Access_2023_The_association_between_physical_activity_and_su.pdf,manual_review,not_read,
M0739,Leader humility and employee proactivity: sequential affective mediation and the moderating effect of role breadth self-efficacy.,"Chen, Yanhong ; Zhao, Jingshi ; Jin, Meifen ; Lan, Xiaoyun",2025,Frontiers in Psychology,10.3389/fpsyg.2025.1592148,review/EBSCO/pdfs/EBSCO_M0739_Yanhong_Chen_2025_Leader_humility_and_employee_proactivity_sequent.pdf,included,fully_coded,M0739
M0740,Latent depressive profiles and associated factors among overweight/obese individuals based on the socio-ecological model: a cross-sectional national survey in China.,"Yang, Xiaoping ; Chen, Miaomiao ; Liu, Xiaohui ; Wang, Lijun ; Wang, Yanyun ; Zheng, Yingjie ; Ma, Shailing",2025,Frontiers in Psychology,10.3389/fpsyg.2025.1644701,review/EBSCO/pdfs/EBSCO_M0740_Xiaoping_Yang_2025_Latent_depressive_profiles_and_associated_factor.pdf,level1_fail,read_snippet_only,
M0741,Perceived organizational support on compassion fatigue among kindergarten teachers: a chain mediation model analysis of professional identity and emotional intelligence.,"Cai, Ge ; Guo, Liqiang ; Li, Xiaoning",2025,BMC Psychology,10.1186/s40359-025-03299-3,review/EBSCO/pdfs/EBSCO_M0741_Williams_2025_RESEARCH.pdf,included,read_snippet_only,
M0743,Political climate and workplace cyberbullying perpetration: a multilevel moderated mediation model.,"Malik, Omer Farooq ; Pichler, Shaun ; Shahzad, Asif ; Jawad, Nazish",2025,BMC Psychology,10.1186/s40359-025-03239-1,review/EBSCO/pdfs/EBSCO_M0743_Williams_2025_RESEARCH.pdf,excluded_pls,read_snippet_only,
M0745,The Role of Psychological Contract Breach and Leader-Member Exchange in Sadism and Organizational Cynicism Among Chinese Hotel Employees.,"Wu, Hao ; Subramaniam, Anusuiya ; Rahamat, Syafiqah",2025,SAGE Open,10.1177/21582440251376462,review/EBSCO/pdfs/EBSCO_M0745_Authors_2025_The_Role_of_Psychological_Contract_Breach_and_Le.pdf,included,pdf_missing,
M0746,Why Do Nurses Work While Sick? An Exploratory Study of Nurse Leaders' Cognitive Preferences Toward Presenteeism.,"Li, Wenzhen ; Wang, Wei ; Shan, Geyan ; Wang, Hongxia ; Guo, Shujie ; Li, Yongxin ; Xu, Haibo",2024,Journal of Nursing Management,10.1155/2024/5522654,review/EBSCO/pdfs/EBSCO_M0746_Wang_2023_Why_Do_Nurses_Work_While_Sick_An_Exploratory_Stu.pdf,included,read_snippet_only,
