study_order,study_title,authors,year,journal,doi,publisher_outlet,publisher_outlet_detail,details_in_supplement,extraction_incomplete_main_text,supplement_notes,authors_business_school,author_affiliation_detail,management_domain,empirical_ulmc,not_pls,pls_sem_used,pls_variant,statistical_methods_mv,statistical_method_detail,method_variance_pct,harman_variance_pct,harman_deployed,lindell_whitney_r2_substantive,lindell_whitney_r2_method,avg_factor_loading_change,ulmc_improves_fit,ulmc_in_final,procedural_remedies_used,procedural_remedies_list,richardson_2009_cited,richardson_citation_context,richardson_critique_acknowledged,richardson_citation_text,three_step_approach_used,step1_baseline_reported,step2_ulmc_reported,step3_chisq_diff_reported,three_step_complete,sample_n,num_constructs,num_indicators,complexity_ratio,author_conclusion_mv,mv_inference_criteria_used,mv_inference_criteria_list,mv_inference_criteria_detail,mv_inferred_not_problem,mv_inference_rationale_text,author_fit_claims,estimator,software,country,industry_sector,study_design,data_collection_method,response_rate,verification_table,notes
3,Hutchins et al. (2018) - What imposters risk at work,"Hutchins, Penney, Sublett",2018,Human Resource Development Quarterly,,NA,NA,NA,NA,,,,TRUE,TRUE,FALSE,FALSE,,ULMC; Harman single factor test,unmeasured latent method construct (ulmc); Harman's single factor test,28,34,TRUE,,,0.2,,FALSE,none,,FALSE,,FALSE,,TRUE,FALSE,FALSE,FALSE,FALSE,4,,,,,,,,,not a concern - insufficient evidence,,CB-SEM,Mplus Version 8,United States,Higher education (university faculty),Cross-sectional,Web-based survey,17%,study3_verification_table.csv,Fixed 2026-06-24: pls_sem_used FALSE (CB-SEM); harman_variance_pct 34; harman_deployed TRUE
4,sustainability-13-09675-v3 (MDPI),Ahmad et al.,2021,Sustainability (MDPI),10.3390/su13179675,MDPI,NA,NA,NA,,,,TRUE,TRUE,FALSE,TRUE,PLS,ULMC; Harman single factor test,unmeasured latent method construct (ulmc); Harman's single factor test,4.6,39.97,TRUE,,,,,FALSE,FALSE,none,FALSE,,FALSE,,FALSE,FALSE,FALSE,FALSE,FALSE,344,6,10,1.67,not a concern - common method bias is not an issue,,,,,,,PLS-SEM,,Pakistan,Business-to-business (B2B) sales,Cross-sectional,Survey,,study4_verification_table.csv,"Corrected: MV% from 50% to 4.6% (50% was threshold, not result). PLS methodology - different from CB-SEM. B2B sales organizations in Pakistan."
5,Igalla et al. (2020) - What explains the performance of community-based initiatives,Igalla et al.,2020,Public Management Review,10.1080/14719037.2019.1604796,Taylor & Francis,NA,NA,NA,,,,TRUE,TRUE,TRUE,FALSE,,ULMC; Harman single factor test,unmeasured latent method construct in AMOS; Harman one-factor test in SPSS,,,TRUE,,,,,FALSE,TRUE,anonymity; item pretesting; separation between measures,FALSE,,FALSE,,FALSE,FALSE,FALSE,FALSE,FALSE,671,9,37,4.11,not a concern - CMB is not a major concern,,,,,,,CB-SEM,AMOS,Netherlands,Community-based initiatives (public sector/third sector),Cross-sectional,Web-based survey,44.73%,study5_verification_table.csv,Uses procedural remedies. No MV% reported - only conclusion. Statistical methods corrected from ESEM to ULMC. Community-based initiatives in Netherlands.
6,Wang and Mangmeechai (2021) - Understanding the gap between environmental intention,Wang and Mangmeechai,2021,International Journal of Environmental Research and Public Health,10.3390/ijerph18020757,MDPI,NA,NA,NA,,,,TRUE,TRUE,TRUE,FALSE,,ULMC; Harman single factor test; Lindell & Whitney marker variable,unmeasured latent method construct (ulmc); Harman's single-factor test; Lindell & Whitney CFA factor test,,53.823,TRUE,0.256,0.516,,,FALSE,FALSE,none,FALSE,,FALSE,,FALSE,FALSE,FALSE,TRUE,FALSE,3113,5,16,3.2,not a concern - CMV does not affect the model,,,,,,,CB-SEM,,China (Changsha),Environmental behavior (waste sorting),Two-stage survey,Web-based survey,53.13%,study6_verification_table.csv,"Contradictory: Harman's 53.823% and Lindell & Whitney 51.6% suggest CMV, but authors conclude no CMV based on ULMC p=0.987. Only p-value reported, no MV% from ULMC. Lindell & Whitney: R²₁=0.256 (substantive), R²₂=0.516 (method), ratio 1:2."
7,Niu et al. (2022) - The Influence of Leader Bottom-Line Mentality,Niu et al.,2022,International Journal of Environmental Research and Public Health,,MDPI,NA,NA,NA,,,,TRUE,TRUE,TRUE,FALSE,,ULMC; Harman single factor test,Unmeasured Latent Method Construct (ULMC); Harman single factor test,,34.96,TRUE,,,,TRUE,FALSE,TRUE,anonymity; on-the-spot questionnaire collection,FALSE,,FALSE,,TRUE,TRUE,TRUE,TRUE,TRUE,422,5,,,no serious common method bias,,,,,,∆χ2/df = 2.75 < 3.84,CB-SEM,Mplus 8.3,China (Liaoning Inner Mongolia Shanxi),Coal mining,Cross-sectional,On-site questionnaire,,,"Harman: 34.96% < 40%. ULMC: ∆χ2/df = 2.75 < 3.84 (critical value). Model improved but not significant. Procedural remedies: anonymity, on-the-spot collection.  [NOTE: Used Williams et al. (2010) cutoff: ∆χ²/df = 2.75 < 3.84. This approach (dividing ∆χ² by df) is unusual - standard practice is chi-square difference test (∆χ² with ∆df) or fit index changes (∆CFI < 0.01). The 3.84 value is χ² critical value for df=1 at p=0.05, but using ∆χ²/df as cutoff may not be appropriate.]"
8,Ahmad et al. (2021) - Understanding the antecedents and consequences,Ahmad et al.,2021,Sustainability (MDPI),10.3390/su13179675,MDPI,NA,NA,NA,,,,TRUE,TRUE,FALSE,TRUE,PLS,ULMC; Harman single factor test,unmeasured latent method construct (ULMC) approach; Harman's single-factor test,4.6,39.97,TRUE,,,,,FALSE,FALSE,none,FALSE,,FALSE,,FALSE,FALSE,FALSE,FALSE,FALSE,344,7,,,common method bias is not an issue,,,,,,R1² = 0.642 vs R2² = 0.046,PLS-SEM,,Pakistan,Business-to-business (B2B) sales,Cross-sectional,Survey,,,PLS-SEM methodology. Average substantive variance: 64.2% vs method: 4.6%. Method factor loadings mostly non-significant.
9,Jiang et al. (2020) - The impact of negative informal information,Jiang et al.,2020,International Journal of Environmental Research and Public Health,,MDPI,NA,NA,NA,,,,TRUE,TRUE,TRUE,FALSE,,ULMC,unmeasured latent method construct (ULMC) to test common method bias,,,FALSE,,,,,FALSE,TRUE,temporal separation,TRUE,neutral,FALSE,Richardson et al. (2009) cited in references,FALSE,FALSE,FALSE,TRUE,FALSE,84.3,,9,,CMV was acceptable,,,,,,∆χ2 = 0.204 ∆df = 3 p > 0.1,CB-SEM,,China,Organizational change,Longitudinal (two-wave),Survey,84.3%,,"Longitudinal design. ULMC: ∆χ2 = 0.204, ∆df = 3, p > 0.1. Richardson et al. (2009) cited but not discussed. [CORRECTED: 9 statements examined for CMV. Mixed design: longitudinal (resistance intention at T1 and T2) + temporal separation (some at T1 only, others at T2 only).]"
10,Eastman et al. (2020) - The impact of future time perspective,Eastman et al.,2020,Journal of Business Research,,NA,NA,NA,NA,,,,TRUE,TRUE,TRUE,FALSE,,ULMC; Marker variable,unmeasured latent method construct; marker variable (Lindell and Whitney 2001),,,FALSE,,,,,,FALSE,none,anonymity; confidentiality,FALSE,,FALSE,,FALSE,FALSE,FALSE,FALSE,FALSE,9,,,,,,,,,not explained by common method variance,,CB-SEM,,United States,Consumer behavior (sustainable behaviors),Cross-sectional,Survey,38%,
11,Silic et al. (2020) - The effects of a gamified human resource management,Silic et al.,2020,Human Resource Management Journal,10.1111/1748-8583.12272,Wiley,NA,NA,NA,,,,TRUE,TRUE,TRUE,FALSE,,ULMC; Harman single factor test,unmeasured latent method construct as advocated by Podsakoff et al. (2003); Harman's single factor test,,31,TRUE,,,,,FALSE,FALSE,none,FALSE,,FALSE,,FALSE,FALSE,FALSE,FALSE,FALSE,398,10,30,3,likelihood of common method bias was relatively low,,,,,,RMSEA = 0.05,SRMR = 0.07,CFI = 0.91,TLI = 0.91,CB-SEM,,,HRM,Longitudinal (12 months,T1-T2-T3)
12,Lou et al. (2021) - Promoting user participation of shared mobility,Lou et al.,2021,Sustainability (MDPI),10.3390/su13041533,MDPI,NA,NA,NA,,,,TRUE,TRUE,FALSE,TRUE,PLS,ULMC,unmeasured latent method construct (ULMC) approach in PLS,,,FALSE,,,,,FALSE,FALSE,none,FALSE,,FALSE,,FALSE,FALSE,FALSE,FALSE,FALSE,438,,,,CMB is not a significant problem,,,,,,Substantive: 0.754 vs Method: 0.005 (ratio 150.8:1),PLS-SEM,,China,Bike sharing services,Cross-sectional,Web-based survey,89.7%,,PLS-SEM. Average substantive variance: 0.754 vs method: 0.005. Ratio 150.8:1. Most method factor loadings insignificant.
13,Zhang et al. (2018) - Organizational learning and green innovation,Zhang et al.,2018,Journal of Business Research,,NA,NA,NA,NA,,,,TRUE,TRUE,TRUE,FALSE,,ULMC; Harman one-factor test,unmeasured latent method construct (ULMC) technique; Harman's one-factor test,,,TRUE,,,,,FALSE,FALSE,none,TRUE,neutral,FALSE,Richardson et al. (2009) cited in references,FALSE,FALSE,FALSE,FALSE,FALSE,321,7,,,CMB concern dismissed,,,,,,χ2 from 321.016 to 391.064; χ2/df from 1.354 to 1.664,CB-SEM,,China,Manufacturing/Energy/Construction/Logistics/IT/Service,Cross-sectional,Survey,63.9%,,ULMC: trait-and-method model did not improve fit. Richardson et al. (2009) cited but not discussed.
14,Zhang and Wang (2019) - Influence of sustainable development,Zhang and Wang,2019,Sustainability (MDPI),10.3390/su11051384,MDPI,NA,NA,NA,,,,TRUE,TRUE,TRUE,FALSE,,ULMC,Unmeasured Latent Method Construct (ULMC) method,,,FALSE,,,,,,FALSE,none,,FALSE,,FALSE,,TRUE,FALSE,FALSE,FALSE,FALSE,5,,,,,,,,,no need to consider the impact of CMV,χ2 = 105.219 CMIN = 3.859 p = 0.156,CB-SEM,AMOS 21.0,China (Huangshan),Tourism (rural heritage sites),Cross-sectional,On-site questionnaire,100%,
15,Ogbonnaya (2019) - Exploring possible trade-offs,Ogbonnaya,2019,Human Resource Management Journal,,NA,NA,NA,NA,,,,TRUE,TRUE,TRUE,FALSE,,ULMC; Common latent factor,unmeasured latent method construct test,,,FALSE,,,,,,FALSE,none,,FALSE,,FALSE,,FALSE,FALSE,FALSE,FALSE,FALSE,5,24,4.8,,,,,,,common method variance does not pose a serious threat,,CB-SEM,,United Kingdom,Workplaces,Cross-sectional,Survey,50%,
16,Schreurs et al. (2014) - Work values and work engagement,Schreurs et al.,2014,Journal of Vocational Behavior,,NA,NA,NA,NA,,,,TRUE,TRUE,TRUE,FALSE,,ULMC; Harman single factor,unmeasured latent method factor (Podsakoff et al. 2003),,,TRUE,,,,,FALSE,FALSE,none,FALSE,,FALSE,,FALSE,FALSE,FALSE,FALSE,FALSE,,11,,,common method variance does not pose a serious threat,,,,,,Common method factor model fit worse than expected model,CB-SEM,LISREL 8.54,Belgium,Work teams,Cross-sectional,Survey,,,"ULMC: common method factor model fit worse than expected measurement model. ∆χ2(50) = 1,047.19, p < .001."
17,Brouer et al. (2015) - Political skill dimensionality,Brouer et al.,2015,Journal of Applied Psychology,,NA,NA,NA,NA,,,,TRUE,TRUE,TRUE,FALSE,,ULMC,unmeasured latent method construct (ULMC) technique (Podsakoff et al. 2003; Richardson et al. 2009),,,FALSE,,,,,,FALSE,none,Richardson et al. (2009) cited,neutral,FALSE,Richardson et al. (2009) cited in ULMC procedure description,TRUE,TRUE,TRUE,TRUE,TRUE,331,6,18,3,CMV is unlikely to confound,,,,,,Trait/method-R model not significantly different from trait/method model,CB-SEM,,United States,Organizational behavior,Cross-sectional,Survey,,,ULMC: Four models estimated (trait-only method-only trait/method trait/method-R). Richardson et al. (2009) cited for ULMC procedure.
18,Szőcs et al. (2016) - Linking cause assessment corporate philanthropy,Szőcs et al.,2016,Journal of Business Research,,NA,NA,NA,NA,,,,TRUE,TRUE,TRUE,FALSE,,ULMC,unmeasured latent method construct on which all manifest indicators can load freely,,,FALSE,,,,,,FALSE,none,anonymity; fact-based unambiguous questions,FALSE,,FALSE,,FALSE,FALSE,FALSE,FALSE,FALSE,7,16,2.29,,,,,,,,,CB-SEM,,Austria and Egypt,Telecommunications,Cross-sectional,Online survey,,
19,Janson et al. (2020) - Ladders for learning,Janson et al.,2020,Journal of Management Information Systems,,NA,NA,NA,NA,,,,FALSE,TRUE,TRUE,FALSE,,,ULMC technique criticized - not used,,,FALSE,,,,,,FALSE,none,cover story; objective learning outcome measures,FALSE,,FALSE,,FALSE,FALSE,FALSE,FALSE,FALSE,5,,,,,,,,,,,CB-SEM,,,Education (LMS),Experimental (pretest-posttest),Field experiment,,
20,Raymond et al. (2015) - Improving performance in medical practices,Raymond et al.,2015,BMC Medical Informatics and Decision Making,,NA,NA,NA,NA,,,,FALSE,TRUE,TRUE,FALSE,,,,,,FALSE,,,,,,FALSE,none,FALSE,,FALSE,,FALSE,FALSE,FALSE,FALSE,FALSE,,18,85,4.72,,,,,,,,CB-SEM,,Canada,Healthcare (medical practices),Cross-sectional,Survey,,,No ULMC mentioned - only CMB abbreviation in table. Needs verification.
21,Shkoler et al. (2021) - Heavy-Work Investment,Shkoler et al.,2021,Applied Psychology,,NA,NA,NA,NA,,,,TRUE,TRUE,TRUE,FALSE,,ULMC; Harman single-factor; Common-latent factor,Unmeasured Latent Method Construct (ULMC; Richardson et al. 2009); Harman's single-factor; Common-latent factor (CLF),,,TRUE,,,,,,FALSE,none,Richardson et al. (2009) cited,neutral,FALSE,Richardson et al. (2009) cited in CMV analysis section,FALSE,FALSE,FALSE,FALSE,FALSE,,12,,,CMV is an unlikely explanation,,,,,,R2 < 0.50 for all samples,CB-SEM,AMOS v.23,Multiple countries (12 samples),Multiple industries,Cross-sectional,Survey,,,Multi-group analysis across 12 samples. ULMC (CLF) method. Richardson et al. (2009) cited. R2 values < 50% for all samples.
22,Morini et al. (2021) - Export barriers for SMEs,Morini et al.,2021,International Business Review,,NA,NA,NA,NA,,,,TRUE,TRUE,TRUE,FALSE,,ULMC; Harman single-factor test,unmeasured latent method construct (ULMC) adapted to PLS,,28.75,TRUE,,,,,,FALSE,none,,FALSE,,FALSE,,FALSE,FALSE,FALSE,FALSE,FALSE,7,36,5.14,,,,,,,presence of bias can be disregarded,Ratio substantive:method = 16.67:1,PLS-SEM,,Brazil,SMEs (export barriers),Cross-sectional,Survey,,"[CORRECTED: 36 indicators (43-7), not 5. Did not appropriately cite Schwarz et al. who caution against inappropriate methods like PLS for controlling CMV.]"
23,Cho et al. (2020) - Examining the job demands-resources model,Cho et al.,2020,Current Psychology,,NA,NA,NA,NA,,,,TRUE,TRUE,TRUE,FALSE,,ULMC; Harman single-factor,single unmeasured latent method factor,9.06,40.64,TRUE,,,,,,FALSE,none,,FALSE,,FALSE,,FALSE,FALSE,FALSE,FALSE,FALSE,16,,,,,,,,,common method variance is not a potential contaminant,Method factor: 9.06% of total variance,CB-SEM,,South Korea,Corrections (correctional officers),Cross-sectional,Survey,,
24,Moon et al. (2020) - Does employees' spirituality enhance job performance,Moon et al.,2020,Journal of Business Ethics,,NA,NA,NA,NA,,,,TRUE,TRUE,TRUE,FALSE,,ULMC; Harman one-factor,unmeasured latent method factor,13.3,,TRUE,,,,,,FALSE,none,anonymity; temporal separation (T1 T2),FALSE,,FALSE,,FALSE,FALSE,FALSE,FALSE,FALSE,5,15,3,,,,,,,results were not seriously compromised by common method bias,Method factor: 13.3% (below 18-32% typical),CB-SEM,,South Korea,Organizations,Longitudinal (two-wave),Mail survey,,
25,Tarafdar et al. (2020) - Explaining the link between technostress,Tarafdar et al.,2020,Information Systems Research,,NA,NA,NA,NA,,,,TRUE,TRUE,TRUE,FALSE,,ULMC; Harman single factor; Correlation matrix,ULMC approach,0.2,21.3,TRUE,,,,,,FALSE,none,temporal separation (three time points),FALSE,,FALSE,,FALSE,FALSE,FALSE,FALSE,FALSE,4,,,,,,,,,very low probability for the presence of common methods bias,R2 with CMB: 0.739 vs without: 0.737 (delta = 0.002),CB-SEM,,United States,Information systems,Longitudinal (three-wave),Online survey,,
26,Williams and McGonagle (2015) - Four Research Designs,Williams and McGonagle,2015,Journal of Business and Psychology,,NA,NA,NA,NA,,,,TRUE,TRUE,TRUE,FALSE,,ULMC; Marker Variable; Measured Cause Variable; Hybrid,Four research designs for assessing CMV using latent variables,,,FALSE,,,,,,FALSE,none,,FALSE,,FALSE,,FALSE,FALSE,FALSE,FALSE,FALSE,10,,,,,,,,,,,CB-SEM,,,,Cross-sectional,Survey,,
27,Sackett and Zhang (2020) - Revisiting the Design of Selection Systems,Sackett and Zhang,2020,Annual Review of Organizational Psychology and Organizational Behavior,,NA,NA,NA,NA,,,,FALSE,TRUE,TRUE,FALSE,,,,,,FALSE,,,,,,FALSE,none,FALSE,,FALSE,,FALSE,FALSE,FALSE,FALSE,FALSE,,4,5,1.25,,,,,,,,,,,,Review paper,,,,Review paper - may not be empirical ULMC study. Needs verification.
28,Laari et al. (2018) - The effect of a competitive strategy,Laari et al.,2018,International Journal of Physical Distribution & Logistics Management,,NA,NA,NA,NA,,,,TRUE,TRUE,TRUE,FALSE,,ULMC,unmeasured latent method construct (ULMC) technique,,,FALSE,,,,,,FALSE,none,,FALSE,,FALSE,,FALSE,FALSE,FALSE,FALSE,FALSE,,8,,,,,,,,common method bias is unlikely to threaten the validity,Δ Χ² (5 df) = 10.046 p>0.05,CB-SEM,,Finland,Logistics service providers,Cross-sectional,Survey,,
29,Owens et al. (2016) - Relational energy at work,Owens et al.,2016,Journal of Applied Psychology,,NA,NA,NA,NA,,,,TRUE,TRUE,TRUE,FALSE,,ULMC; Harman one-factor,unmeasured latent method factors,2,,TRUE,,,,,,FALSE,none,TRUE,anonymity; temporal separation (four weeks),FALSE,,FALSE,,FALSE,FALSE,FALSE,FALSE,,,,,,,,,,,unlikely that our findings are explained by common method variance,Method factor: 2% of variance (Study 3); 3.6% (Study 4),CB-SEM,,United States,Organizations,Longitudinal (two-wave),Survey,
30,Liu et al. (2021) - To Be (Creative) or not to Be (Creative),Liu et al.,2021,Journal of Business and Psychology,10.1007/s10869-019-09669-0,Springer,NA,NA,NA,,,,TRUE,TRUE,TRUE,FALSE,,ULMC,"unmeasured latent method factor approach (Williams & McGonagle, 2016)",4.98,,FALSE,,,,,FALSE,FALSE,none,FALSE,,FALSE,,FALSE,FALSE,FALSE,FALSE,FALSE,325,5,22,4.4,CMV should have little to no effects on our hypotheses testing,,,,,,χ2(174) = 276.90,CFI = 0.98,TLI = 0.97,RMSEA = 0.04,SRMR = 0.04,CB-SEM,,China and United States,Academic institution,Cross-sectional
37,Zhu et al. (2021) - Give a Man a Fish or Teach a Man to Fish: A Cross-Level Moderated Mediation Model,"Zhu, Zhang, Guo",2021,Frontiers in Psychology,10.3389/fpsyg.2021.618834,Frontiers,NA,NA,NA,,,,TRUE,TRUE,TRUE,FALSE,,ULMC,"single unmeasured latent method factor test (Podsakoff et al., 2003)",,,FALSE,,,,,FALSE,TRUE,multisource data,FALSE,,FALSE,,FALSE,FALSE,FALSE,FALSE,FALSE,303,5,,,common method variance was not serious,,,,,,"TLI 0.87 (trait/method) vs 0.90 (five-factor) - no improvement. χ² = 878.83, df = 284, RMSEA = 0.07, CFI = 0.90, TLI = 0.87",CB-SEM,,China,Work teams,Longitudinal (three-wave),Survey,83.01%,,"Multisource data (303 leader-member dyads from 39 work teams). ULMC: TLI comparison showed no improvement. χ² = 878.83, df = 284, RMSEA = 0.07, CFI = 0.90, TLI = 0.87 (trait/method) vs TLI = 0.90 (five-factor)."
40,Wang and Li (2019) - Moral Leadership and Unethical Pro-organizational Behavior: A Moderated Mediation Model,"Wang, Li",2019,Frontiers in Psychology,10.3389/fpsyg.2019.02640,Frontiers,NA,NA,NA,,,,TRUE,TRUE,TRUE,FALSE,,ULMC,"unmeasured latent method construct (ULMC) technique (Podsakoff et al., 2003)",,,FALSE,,,,,FALSE,FALSE,none,FALSE,,FALSE,,TRUE,TRUE,TRUE,TRUE,TRUE,366,5,,,CMB was not a serious problem,,,,,,"Study 1: Δχ²(6) = 5.161, p > 0.05; Study 2: ΔCFI = 0.009 < 0.01",CB-SEM,Mplus 7.4,China,MBA students and enterprise employees,Longitudinal (two-wave),Survey,94.5%,,"Two studies. Study 1: 161 MBA students. Study 2: 205 enterprise employees. ULMC: Both studies showed no significant improvement in fit. Study 1: χ² = 295.899 vs 301.060 baseline, Δχ²(6) = 5.161, p > 0.05. Study 2: ΔCFI = 0.009 < 0.01 threshold."
49,"Chen et al. (2021) - Moral disengagement and moral judgment: the roles of moral endorsement, shareholder-value orientation, and intensity of moral issues","Chen, Li, Feng, Zhang",2021,Ethics & Behavior,10.1080/10508422.2020.1744149,Taylor & Francis,NA,NA,NA,,,,TRUE,TRUE,TRUE,FALSE,,ULMC,"unmeasured latent method construct technique (Williams et al., 1989; Podsakoff et al., 2003; Richardson et al., 2009)",,,FALSE,,,,,FALSE,FALSE,none,TRUE,neutral,FALSE,Following Podsakoff et al. (2003) suggestion and Richardson et al. (2009) procedure,TRUE,TRUE,TRUE,TRUE,TRUE,434,5,,,common method variance is not responsible for the results,,,,,,"Trait/method-R vs congeneric trait/method: χ² = 15.539, df = 10, p = .11 (not significant). Congeneric fits better than non-congeneric: χ² = 172.356, df = 26, p < .05",CB-SEM,AMOS 22.0,China,Business managers (panel study),Cross-sectional (scenario-based survey),Online survey (Wenjuanxing panel),,,"Scenario-based survey with 434 panel members. ULMC: Four models estimated (trait-only, trait/method congeneric, trait/method non-congeneric, trait/method-R). Following Richardson et al. (2009) procedure. Trait/method-R vs congeneric: χ² = 15.539, df = 10, p = .11 (not significant - fits equally well)."
L2,Legacy Refid 2 - ULMC Study,Legacy Study,,Journal of Business & Psychology,,NA,NA,NA,NA,,,,TRUE,TRUE,TRUE,FALSE,,ULMC,unmeasured latent method construct,17.2,,FALSE,,,,TRUE,FALSE,FALSE,none,FALSE,neutral,FALSE,,FALSE,FALSE,FALSE,FALSE,FALSE,,7,,,The authors do not provide a conclusion regarding the role of common method bias,,,,,,The inclusi&oacute;n of a ULMC did improve the fit of the model,CB-SEM,,,,,,,,"Legacy study from original systematic review. Text extraction available. To quantify the amount of CMV that exists in the sub- stantive indicators, we calculated the average variance accounted for in the indicators by each of the method variables by squaring the standardiz..."
L17,Legacy Refid 17 - ULMC Study,Legacy Study,,Human Resource Management,,NA,NA,NA,NA,,,,TRUE,TRUE,TRUE,FALSE,,ULMC,unmeasured latent method construct,,,FALSE,,,,FALSE,FALSE,TRUE,anonymity,FALSE,neutral,FALSE,,FALSE,FALSE,FALSE,FALSE,FALSE,,6,18,3,Common method bias does not pose a significant threat to the study conclusions,,,,,,The inclusion of a ULMC did not improve the fit of the model (no change in model fit),CB-SEM,,,,,,,,"Legacy study from original systematic review. Text extraction available. As identified by Podsakoff et al. (2003), common method variance may be a concern in studies that rely on self-report survey data. To address this, preventive measures were taken, such as providing re..."
L20,Legacy Refid 20 - ULMC Study,Legacy Study,,Business Strategy and the Environment,,NA,NA,NA,NA,,,,TRUE,TRUE,TRUE,FALSE,,ULMC,unmeasured latent method construct,,,FALSE,,,,FALSE,FALSE,TRUE,separation between measures,TRUE,neutral,FALSE,Richardson et al,TRUE,TRUE,TRUE,TRUE,TRUE,,18,85,4.72,Common method bias does not pose a significant threat to the study conclusions,,,,,,The inclusion of a ULMC did not improve the fit of the model (no change in model fit),CB-SEM,,,,,,,,"Legacy study from original systematic review. Text extraction available. To test for common method variance (CMV), we used a CFA-based version of Harman’s single-factor test (see, e.g., Malhotra et al., 2006). In AMOS, we specified a single method factor, such that it migh..."
L26,Legacy Refid 26 - ULMC Study,Legacy Study,,MIS Quarterly,,NA,NA,NA,NA,,,,TRUE,TRUE,TRUE,FALSE,,ULMC,unmeasured latent method construct,,,FALSE,,,,FALSE,FALSE,TRUE,anonymity,FALSE,neutral,FALSE,,FALSE,FALSE,FALSE,FALSE,FALSE,,10,,,Common method bias does not pose a significant threat to the study conclusions,,,,,,The authors did not make a clear claim regarding the relative fit of the model as it pertains to the ULMC,CB-SEM,,,,,,,,"Legacy study from original systematic review. Text extraction available. Our study has theoretical and empirical limitations that offer several meaningful opportunities for future research. First, as with all self-reported data, our research is exposed to a possible common..."
L29,Legacy Refid 29 - ULMC Study,Legacy Study,,Journal of Business Ethics,,NA,NA,NA,NA,,,,TRUE,TRUE,TRUE,FALSE,,ULMC,unmeasured latent method construct,5,,FALSE,,,,TRUE,FALSE,TRUE,separation between measures,FALSE,neutral,FALSE,,FALSE,FALSE,FALSE,FALSE,FALSE,,6,,,Common method bias does not pose a significant threat to the study conclusions,,,,,,The inclusion of a ULMC did not improve the fit of the model (no change in model fit),CB-SEM,,,,,,,,"Legacy study from original systematic review. Text extraction available. The existence of bias due to common method variance (CMV) in mediation study designs can be a fatal flaw, as they are causal in nature. This study has a cross-sectional design, and the data were colle..."
L37,Legacy Refid 37 - ULMC Study,Legacy Study,,Knowledge and Process Management,,NA,NA,NA,NA,,,,TRUE,TRUE,TRUE,FALSE,,ULMC,unmeasured latent method construct,2,,FALSE,,,,TRUE,FALSE,FALSE,none,TRUE,neutral,FALSE,Richardson et al,FALSE,FALSE,FALSE,FALSE,FALSE,,5,16,3.2,Common method bias does not pose a significant threat to the study conclusions,,,,,,The authors did not make a clear claim regarding the relative fit of the model as it pertains to the ULMC,CB-SEM,,,,,,,,"Legacy study from original systematic review. Text extraction available. Finally, using the unmeasured latent method construct (ULMC) approach (Chin, Thatcher, & Wright, 2012; Richardson et al., 2009; L. J. Williams, Cote, & Buckley, 1989), we added a latent construct with..."
L39,Legacy Refid 39 - ULMC Study,Legacy Study,,Journal of Business & Psychology,,NA,NA,NA,NA,,,,TRUE,TRUE,TRUE,FALSE,,ULMC,unmeasured latent method construct,7.9,,FALSE,,,,TRUE,FALSE,TRUE,temporal separation,TRUE,neutral,FALSE,"Richardson, Simmering, & Sturman, 2009)",FALSE,FALSE,TRUE,FALSE,TRUE,,,,,Common method bias does not pose a significant threat to the study conclusions,,,,,,The authors did not make a clear claim regarding the relative fit of the model as it pertains to the ULMC,CB-SEM,,,,,,,,"Legacy study from original systematic review. Text extraction available. Although we collected data at different time points, all variables were employee reported (except for demographic information). Thus, we applied the unmeasured latent method construct (ULMC) technique..."
L5,Owens et al. (2016) - Relational energy at work,Owens et al.,2016,Journal of Applied Psychology,,NA,NA,NA,NA,,,,TRUE,TRUE,TRUE,FALSE,,ULMC,unmeasured latent method construct,2,,FALSE,,,,TRUE,,FALSE,none,FALSE,,FALSE,,FALSE,FALSE,FALSE,FALSE,FALSE,,9,11,1.22,Common method bias does not pose a significant threat to the study conclusions,,,,,,The authors did not make a clear claim regarding the relative fit of the model as it pertains to the ULMC,CB-SEM,,,,,,,,"Legacy study from original systematic review. Text extraction available. To address potential concerns of common method variance, we conducted several post- hoc tests. Utilizing Harman’s one-factor test with all self-report data, we found that one factor did not explain th..."
L42,Legacy Refid 42 - ULMC Study,Legacy Study,,Sustainability,,MDPI,NA,NA,NA,,,,TRUE,TRUE,TRUE,FALSE,,ULMC,unmeasured latent method construct,,,FALSE,,,,FALSE,,FALSE,none,FALSE,,FALSE,,FALSE,FALSE,FALSE,FALSE,FALSE,,,,,Common method bias does not pose a significant threat to the study conclusions,,,,,,The inclusion of a ULMC did not improve the fit of the model (no change in model fit),CB-SEM,,,,,,,,"Legacy study from original systematic review. Text extraction available. Podsakoff recommends using William’s Unmeasured Latent Method Construct (ULMC) method to verify CMV [37], which is more rigorous than the Hamman test and the single factor Confirmatory Factor Analysis..."
L44,Legacy Refid 44 - ULMC Study,Legacy Study,,Human Resource Management,,NA,NA,NA,NA,,,,TRUE,TRUE,TRUE,FALSE,,ULMC,unmeasured latent method construct,,,FALSE,,,,FALSE,,FALSE,none,FALSE,,FALSE,,FALSE,FALSE,FALSE,FALSE,FALSE,,5,,,Common method bias does not pose a significant threat to the study conclusions,,,,,,The inclusion of a ULMC harmed the fit of the model (the fit of the proposed model was superior),CB-SEM,,,,,,,,"Legacy study from original systematic review. Text extraction available. Having verified the measurement model, another CFA was evalu- ated to assess the extent to which common method variance was per- vasive among the predictors and mediators, employing the unmeasured lat..."
L45,Legacy Refid 45 - ULMC Study,Legacy Study,,Public Administration Review,,NA,NA,NA,NA,,,,TRUE,TRUE,TRUE,FALSE,,ULMC,unmeasured latent method construct,,,FALSE,,,,FALSE,,FALSE,none,TRUE,neutral,FALSE,,FALSE,FALSE,FALSE,FALSE,FALSE,,,,,Common method bias does not pose a significant threat to the study conclusions,,,,,,The authors did not make a clear claim regarding the relative fit of the model as it pertains to the ULMC,CB-SEM,,,,,,,,"Legacy study from original systematic review. Text extraction available. Several limitations of our studies should be mentioned. In study 2, EI and PSE were measured using self-report questionnaires. As with all self-report measures, common method variance and social desir..."
L46,Legacy Refid 46 - ULMC Study,Legacy Study,,Human Resource Management Journal,,NA,NA,NA,NA,,,,TRUE,TRUE,TRUE,FALSE,,ULMC,unmeasured latent method construct,29,,FALSE,,,,TRUE,,FALSE,none,FALSE,,FALSE,,FALSE,FALSE,FALSE,FALSE,FALSE,,,,,The authors do not provide a conclusion regarding the role of common method bias,,,,,,The authors did not make a clear claim regarding the relative fit of the model as it pertains to the ULMC,CB-SEM,,,,,,,,"Legacy study from original systematic review. Text extraction available. The unmeasured latent method construct test (Podsakoff, MacKenzie, Lee, & Podsakoff, 2003) was further exam- ined to minimise concerns of common method variance. This test includes a measurement model..."
L49,Legacy Refid 49 - ULMC Study,Legacy Study,,Total Quality Management,,NA,NA,NA,NA,,,,TRUE,TRUE,TRUE,FALSE,,ULMC,unmeasured latent method construct,,,FALSE,,,,FALSE,,FALSE,none,FALSE,,FALSE,,FALSE,FALSE,FALSE,FALSE,FALSE,,2,,,Common method bias does not pose a significant threat to the study conclusions,,,,,,The inclusion of a ULMC did not improve the fit of the model (no change in model fit),CB-SEM,,,,,,,,"Legacy study from original systematic review. Text extraction available. As self-reported scales are employed to collect survey data, common method variance (CMV) has been discussed as a potential problem. To detect the impact of CMV, this study employs Harman’s single-fac..."
L51,Legacy Refid 51 - ULMC Study,Legacy Study,,Journal of Work and Organizational Psychology,,NA,NA,NA,NA,,,,TRUE,TRUE,TRUE,FALSE,,ULMC,unmeasured latent method construct,26.23,,FALSE,,,,TRUE,,FALSE,none,TRUE,neutral,FALSE,,FALSE,FALSE,FALSE,FALSE,FALSE,,,,,The authors do not provide a conclusion regarding the role of common method bias,,,,,,The inclusion of a ULMC harmed the fit of the model (the fit of the proposed model was superior),CB-SEM,,,,,,,,"Legacy study from original systematic review. Text extraction available. In order to assess the extent to which inter-correlations among the variables might be an artifact of ""common method variance"" (CMV), we employed three tests (as suggested by Podsakoff et al., 2003. S..."
L54,Legacy Refid 54 - ULMC Study,Legacy Study,,Journal of Business Ethics,,NA,NA,NA,NA,,,,TRUE,TRUE,TRUE,FALSE,,ULMC,unmeasured latent method construct,,,FALSE,,,,FALSE,,FALSE,none,TRUE,neutral,FALSE,,FALSE,FALSE,FALSE,FALSE,FALSE,,,,,Common method bias does not pose a significant threat to the study conclusions,,,,,,The authors did not make a clear claim regarding the relative fit of the model as it pertains to the ULMC,CB-SEM,,,,,,,,"Legacy study from original systematic review. Text extraction available. We also assessed the presence of common method bia- ses, as though the experimental component of our study included conditions and manipulations, the non-experi- mental component included data (i.e., ..."
L57,Legacy Refid 57 - ULMC Study,Legacy Study,,Journal of Business Ethics,,NA,NA,NA,NA,,,,TRUE,TRUE,TRUE,FALSE,,ULMC,unmeasured latent method construct,5.75,,FALSE,,,,TRUE,,FALSE,none,FALSE,,FALSE,,FALSE,FALSE,FALSE,FALSE,FALSE,,,,,Common method bias does not pose a significant threat to the study conclusions,,,,,,The inclusi&oacute;n of a ULMC did improve the fit of the model,CB-SEM,,,,,,,,"Legacy study from original systematic review. Text extraction available. Although we collected data at two different times, all the variables were self-reported, and thus could be influenced by CMV (Podsakoff et al. 2003). Therefore, we tested whether CMV was present in ou..."
L58,Legacy Refid 58 - ULMC Study,Legacy Study,,European Management Review,,NA,NA,NA,NA,,,,TRUE,TRUE,TRUE,FALSE,,ULMC,unmeasured latent method construct,9,,FALSE,,,,TRUE,,TRUE,anonymity; separation between measures; confidentiality,FALSE,,FALSE,,FALSE,FALSE,FALSE,FALSE,FALSE,,,,,Whether common method bias is or is not a significant threat to the study conclusions remains unclear,,,,,,The inclusi&oacute;n of a ULMC did improve the fit of the model,CB-SEM,,,,,,,,"Legacy study from original systematic review. Text extraction available. The existence of bias due to common method variance (CMV) can be a fatal flaw for mediation in mono- method/source studies because they are causal in nature. In this study, managers self-reported ethi..."
L59,Legacy Refid 59 - ULMC Study,Legacy Study,,Journal of Business Ethics,,NA,NA,NA,NA,,,,TRUE,TRUE,TRUE,FALSE,,ULMC,unmeasured latent method construct,,,FALSE,,,,FALSE,,FALSE,none,TRUE,neutral,FALSE,,FALSE,FALSE,FALSE,FALSE,FALSE,,,,,Common method bias does not pose a significant threat to the study conclusions,,,,,,The inclusi&oacute;n of a ULMC did improve the fit of the model,CB-SEM,,,,,,,,"Legacy study from original systematic review. Text extraction available. Because measurement errors can have a serious con- founding influence on empirical results, yielding mislead- ing conclusions, we then ran some additional models to assess the potential effect of comm..."
L60,"Chen et al. (2021) - Moral disengagement and moral judgment: the roles of moral endorsement, shareholder-value orientation, and intensity of moral issues","Chen, Li, Feng, Zhang",2021,Ethics & Behavior,,NA,NA,NA,NA,,,,TRUE,TRUE,TRUE,FALSE,,ULMC,unmeasured latent method construct,,,FALSE,,,,FALSE,,FALSE,none,TRUE,neutral,FALSE,,FALSE,FALSE,FALSE,FALSE,FALSE,,,,,Common method bias does not pose a significant threat to the study conclusions,,,,,,The inclusi&oacute;n of a ULMC did improve the fit of the model,CB-SEM,,,,,,,,"Legacy study from original systematic review. Text extraction available. Common method biases are considered as one of the main sources of measurement error that threats the validity of the conclusions about the relationships between measures (Bagozzi & Yi, 1991; Nunnally,..."
L63,Legacy Refid 63 - ULMC Study,Legacy Study,,Human Resource Management Journal,,NA,NA,NA,NA,,,,TRUE,TRUE,TRUE,FALSE,,ULMC,unmeasured latent method construct,19.49,,FALSE,,,,TRUE,,FALSE,none,FALSE,,FALSE,,FALSE,FALSE,FALSE,FALSE,FALSE,,,,,Common method bias does not pose a significant threat to the study conclusions,,,,,,The inclusi&oacute;n of a ULMC did improve the fit of the model,CB-SEM,,,,,,,,"Legacy study from original systematic review. Text extraction available. Given that our study used self‐report measures, which may lead to common method bias, we assessed the signif- icance of the common method variable in two different ways. First, we ran Harman's one‐fac..."
L64,Legacy Refid 64 - ULMC Study,Legacy Study,,International Journal of Selection and Assessment,,NA,NA,NA,NA,,,,TRUE,TRUE,TRUE,FALSE,,ULMC,unmeasured latent method construct,,,FALSE,,,,FALSE,,FALSE,none,FALSE,,FALSE,,FALSE,FALSE,FALSE,FALSE,FALSE,,,,,Common method bias does not pose a significant threat to the study conclusions,,,,,,The inclusion of a ULMC did not improve the fit of the model (no change in model fit),CB-SEM,,,,,,,,"Legacy study from original systematic review. Text extraction available. All constructs examined in our study were measured through self- reported assessment tools. Therefore, the estimates obtained in the subsequent models could be biased because of the common method used..."
L65,Legacy Refid 65 - ULMC Study,Legacy Study,,Public Management Review,,NA,NA,NA,NA,,,,TRUE,TRUE,TRUE,FALSE,,ULMC,unmeasured latent method construct,28,,FALSE,,,,TRUE,,FALSE,none,FALSE,,FALSE,,FALSE,FALSE,FALSE,FALSE,FALSE,,,,,Common method bias does not pose a significant threat to the study conclusions,,,,,,The authors did not make a clear claim regarding the relative fit of the model as it pertains to the ULMC,CB-SEM,,,,,,,,"Legacy study from original systematic review. Text extraction available. On top of it, in order to increase the robustness of our data, we conducted also the CFA (confirmatory factor analysis)-based approach with a single method factor (unmeasured latent method construct (..."
L66,Legacy Refid 66 - ULMC Study,Legacy Study,,Applied Psychology: An International Review,,NA,NA,NA,NA,,,,TRUE,TRUE,TRUE,FALSE,,ULMC,unmeasured latent method construct,,,FALSE,,,,FALSE,,FALSE,none,FALSE,,FALSE,,FALSE,FALSE,FALSE,FALSE,FALSE,,,,,The authors do not provide a conclusion regarding the role of common method bias,,,,,,The inclusion of a ULMC harmed the fit of the model (the fit of the proposed model was superior),CB-SEM,,,,,,,,"Legacy study from original systematic review. Text extraction available. To control for a possible common method bias, we used the unmeasured latent method construct (ULMC) technique, which means adding a common latent factor to capture the common variance among all observ..."
L70,Legacy Refid 70 - ULMC Study,Legacy Study,,Management Decision,,NA,NA,NA,NA,,,,TRUE,TRUE,TRUE,FALSE,,ULMC,unmeasured latent method construct,,,FALSE,,,,FALSE,,FALSE,none,TRUE,neutral,FALSE,,FALSE,FALSE,FALSE,FALSE,FALSE,,,,,Common method bias does not pose a significant threat to the study conclusions,,,,,,The authors did not make a clear claim regarding the relative fit of the model as it pertains to the ULMC,CB-SEM,,,,,,,,"Legacy study from original systematic review. Text extraction available. Finally, we are not concerned about common method bias (CMB), as we did not separate the predictor variables from the dependent construct in our study (Chang and van Witteloostuijn, 2010; Podsakoff et..."
L71,Legacy Refid 71 - ULMC Study,Legacy Study,,Public Performance & Management Review,,NA,NA,NA,NA,,,,TRUE,TRUE,TRUE,FALSE,,ULMC,unmeasured latent method construct,,,FALSE,,,,FALSE,,FALSE,none,TRUE,neutral,FALSE,,FALSE,FALSE,FALSE,FALSE,FALSE,,,,,Common method bias does not pose a significant threat to the study conclusions,,,,,,The authors did not make a clear claim regarding the relative fit of the model as it pertains to the ULMC,CB-SEM,,,,,,,,"Legacy study from original systematic review. Text extraction available. We also conducted Harman’s one-factor test (Podsakoff et al., 2003), Lindell and Whitney’s (2001) marker variable test, the CFA marker technique (Richardson et al., 2009), and the unmeasured latent me..."
L72,Legacy Refid 72 - ULMC Study,Legacy Study,,Human Resource Management,,NA,NA,NA,NA,,,,TRUE,TRUE,TRUE,FALSE,,ULMC,unmeasured latent method construct,,,FALSE,,,,FALSE,,FALSE,none,TRUE,neutral,FALSE,,FALSE,FALSE,FALSE,FALSE,FALSE,,,,,Common method bias does not pose a significant threat to the study conclusions,,,,,,The inclusion of a ULMC did not improve the fit of the model (no change in model fit),CB-SEM,,,,,,,,"Legacy study from original systematic review. Text extraction available. To investigate the presence of common method variance (CMV) in our model we used the six-factor measurement model and the unmeasured latent method construct (ULMC) approach (Podsakoff, MacKenzie, Lee,..."
L74,Legacy Refid 74 - ULMC Study,Legacy Study,,Current Psychology,,NA,NA,NA,NA,,,,TRUE,TRUE,TRUE,FALSE,,ULMC,unmeasured latent method construct,10.76,,FALSE,,,,TRUE,,FALSE,none,FALSE,,FALSE,,FALSE,FALSE,FALSE,FALSE,FALSE,,,,,Common method bias does not pose a significant threat to the study conclusions,,,,,,The inclusi&oacute;n of a ULMC did improve the fit of the model,CB-SEM,,,,,,,,"Legacy study from original systematic review. Text extraction available. Since this study collected data using a self-report research design, it is necessary to test common method bias (CMB). We adopted the “controlling for the effects of a single unmea- sured latent metho..."
L75,Legacy Refid 75 - ULMC Study,Legacy Study,,Sustainability,,MDPI,NA,NA,NA,,,,TRUE,TRUE,TRUE,FALSE,,ULMC,unmeasured latent method construct,,,FALSE,,,,FALSE,,FALSE,none,FALSE,,FALSE,,FALSE,FALSE,FALSE,FALSE,FALSE,,,,,Common method bias does not pose a significant threat to the study conclusions,,,,,,The inclusion of a ULMC did not improve the fit of the model (no change in model fit),CB-SEM,,,,,,,,"Legacy study from original systematic review. Text extraction available. he threat of CMV was checked via two statistical techniques. First, concordant with the work of Kim et al. [60], the place of birth was used as the marker variable, which is theoretically unrelated to..."
L77,Legacy Refid 77 - ULMC Study,Legacy Study,,Work & Stress,,NA,NA,NA,NA,,,,TRUE,TRUE,TRUE,FALSE,,ULMC,unmeasured latent method construct,,,FALSE,,,,FALSE,,FALSE,none,FALSE,,FALSE,,FALSE,FALSE,FALSE,FALSE,FALSE,,,,,The authors do not provide a conclusion regarding the role of common method bias,,,,,,The authors did not make a clear claim regarding the relative fit of the model as it pertains to the ULMC,CB-SEM,,,,,,,,"Legacy study from original systematic review. Text extraction available. The potential effect of common method bias was examined via two post hoc ana- lyses: Harman’s one-factor test (Harman, 1976), and unmeasured latent method factor (Williams & McGonagle, 2016). One-fact..."
L81,Legacy Refid 81 - ULMC Study,Legacy Study,,Journal of Work and Organizational Psychology,,NA,NA,NA,NA,,,,TRUE,TRUE,TRUE,FALSE,,ULMC,unmeasured latent method construct,19.98,,FALSE,,,,TRUE,,FALSE,none,FALSE,,FALSE,,FALSE,FALSE,FALSE,FALSE,FALSE,,,,,Common method bias does not pose a significant threat to the study conclusions,,,,,,The authors did not make a clear claim regarding the relative fit of the model as it pertains to the ULMC,CB-SEM,,,,,,,,"Legacy study from original systematic review. Text extraction available. Since the present study adopted a cross-sectional research design and self-report questionnaire survey, there might be concern about the common method variance in the present study. In order to test t..."
L82,Legacy Refid 82 - ULMC Study,Legacy Study,,International Journal of Business Communication,,NA,NA,NA,NA,,,,TRUE,TRUE,TRUE,FALSE,,ULMC,unmeasured latent method construct,,,FALSE,,,,FALSE,,FALSE,none,TRUE,neutral,FALSE,,FALSE,FALSE,FALSE,FALSE,FALSE,,,,,Common method bias does not pose a significant threat to the study conclusions,,,,,,The authors did not make a clear claim regarding the relative fit of the model as it pertains to the ULMC,CB-SEM,,,,,,,,"Legacy study from original systematic review. Text extraction available. This study encountered several limitations that can be addressed in future research. First, this study employed a quantitative survey to examine the linkages between supervisors’ use of motivating lan..."
L83,Legacy Refid 83 - ULMC Study,Legacy Study,,Journal of Marketing Management,,NA,NA,NA,NA,,,,TRUE,TRUE,TRUE,FALSE,,ULMC,unmeasured latent method construct,,,FALSE,,,,FALSE,,FALSE,none,FALSE,,FALSE,,FALSE,FALSE,FALSE,FALSE,FALSE,,,,,Common method bias does not pose a significant threat to the study conclusions,,,,,,The inclusion of a ULMC harmed the fit of the model (the fit of the proposed model was superior),CB-SEM,,,,,,,,"Legacy study from original systematic review. Text extraction available. We tested the common method variance (CMV) with the unmeasured latent method factor technique (Podsakoff, MacKenzie, Lee, & Podsakoff, 2003). A comparison of the fit of two models (one with and the ot..."
L84,Legacy Refid 84 - ULMC Study,Legacy Study,,Journal of Nursing Management,,NA,NA,NA,NA,,,,TRUE,TRUE,TRUE,FALSE,,ULMC,unmeasured latent method construct,24,,FALSE,,,,TRUE,,FALSE,none,FALSE,,FALSE,,FALSE,FALSE,FALSE,FALSE,FALSE,,,,,Common method bias does not pose a significant threat to the study conclusions,,,,,,The inclusi&oacute;n of a ULMC did improve the fit of the model,CB-SEM,,,,,,,,"Legacy study from original systematic review. Text extraction available. The factor explained 24.00% of the total variance (less than 25.00%, the average amount of method variance observed in self-report studies; Podsakoff et al., 2012), indicating the common method varian..."
L86,Legacy Refid 86 - ULMC Study,Legacy Study,,Psychology Research & Behavior Management,,NA,NA,NA,NA,,,,TRUE,TRUE,TRUE,FALSE,,ULMC,unmeasured latent method construct,,,FALSE,,,,FALSE,,TRUE,temporal separation; separation between measures,FALSE,,FALSE,,FALSE,FALSE,FALSE,FALSE,FALSE,,,,,Common method bias does not pose a significant threat to the study conclusions,,,,,,The inclusion of a ULMC did not improve the fit of the model (no change in model fit),CB-SEM,,,,,,,,"Legacy study from original systematic review. Text extraction available. This study adopted both procedural and statistical remedies to minimize common method bias.68 First, we employed a social network approach to measure SLIN and SLAN, so they could be methodologically s..."
L87,Legacy Refid 87 - ULMC Study,Legacy Study,,Health Care Management Review,,NA,NA,NA,NA,,,,TRUE,TRUE,TRUE,FALSE,,ULMC,unmeasured latent method construct,,,FALSE,,,,FALSE,,FALSE,none,FALSE,,FALSE,,FALSE,FALSE,FALSE,FALSE,FALSE,,,,,Common method bias does not pose a significant threat to the study conclusions,,,,,,The authors did not make a clear claim regarding the relative fit of the model as it pertains to the ULMC,CB-SEM,,,,,,,,Legacy study from original systematic review. Text extraction available. Our hypothesized confirmatory factor analysis model includ- ing five factors yielded a very good fit to the data and was a better fit to the data than any other parsimonious model (see Table 2). To te...
L89,Legacy Refid 89 - ULMC Study,Legacy Study,,Journal of Business & Psychology,,NA,NA,NA,NA,,,,TRUE,TRUE,TRUE,FALSE,,ULMC,unmeasured latent method construct,26.57,,FALSE,,,,TRUE,,FALSE,none,FALSE,,FALSE,,FALSE,FALSE,FALSE,FALSE,FALSE,,,,,Common method bias does not pose a significant threat to the study conclusions,,,,,,The authors did not make a clear claim regarding the relative fit of the model as it pertains to the ULMC,CB-SEM,,,,,,,,"Legacy study from original systematic review. Text extraction available. To test for common method variance (CMV) and its poten- tial biasing effects in sample 1, we conducted CFAs using the unmeasured latent method factor approach (Williams & McGonagle, 2016). After evalu..."
L90,Legacy Refid 90 - ULMC Study,Legacy Study,,Journal of Business & Psychology,,NA,NA,NA,NA,,,,TRUE,TRUE,TRUE,FALSE,,ULMC,unmeasured latent method construct,9,,FALSE,,,,TRUE,,FALSE,none,FALSE,,FALSE,,FALSE,FALSE,FALSE,FALSE,FALSE,,,,,Common method bias does not pose a significant threat to the study conclusions,,,,,,The authors did not make a clear claim regarding the relative fit of the model as it pertains to the ULMC,CB-SEM,,,,,,,,"Legacy study from original systematic review. Text extraction available. As employees were nested within groups, we conducted mul- tilevel confirmatory factor analyses (MCFAs). We were inter- ested in the constructs at the individual level and did not con- ceptualize the c..."
L92,Legacy Refid 92 - ULMC Study,Legacy Study,,Psychology Research & Behavior Management,,NA,NA,NA,NA,,,,TRUE,TRUE,TRUE,FALSE,,ULMC,unmeasured latent method construct,,,FALSE,,,,FALSE,,FALSE,none,FALSE,,FALSE,,FALSE,FALSE,FALSE,FALSE,FALSE,,,,,Common method bias does not pose a significant threat to the study conclusions,,,,,,The authors did not make a clear claim regarding the relative fit of the model as it pertains to the ULMC,CB-SEM,,,,,,,,"Legacy study from original systematic review. Text extraction available. Following Podsakoff, MacKenzie, Lee, Podsakoff,60 we adopted two methods to test for common method variance (CMV). First, we deployed Harman’s single factor test to diagnose the potential influence of..."
L94,Legacy Refid 94 - ULMC Study,Legacy Study,,Journal of Personal Selling & Sales Management,,NA,NA,NA,NA,,,,TRUE,TRUE,TRUE,FALSE,,ULMC,unmeasured latent method construct,,,FALSE,,,,FALSE,,TRUE,multisource data,FALSE,,FALSE,,FALSE,FALSE,FALSE,FALSE,FALSE,,,,,Common method bias does not pose a significant threat to the study conclusions,,,,,,The authors did not make a clear claim regarding the relative fit of the model as it pertains to the ULMC,CB-SEM,,,,,,,,"Legacy study from original systematic review. Text extraction available. For Study 1, given the cross-sectional design of our data sample, we used a single unmeasured latent method factor to minimize common method variance (CMV), according to the recommendations by Podsako..."
L95,Legacy Refid 95 - ULMC Study,Legacy Study,,Information Technology & Management,,NA,NA,NA,NA,,,,TRUE,TRUE,TRUE,FALSE,,ULMC,unmeasured latent method construct,11,,FALSE,,,,TRUE,,FALSE,none,FALSE,,FALSE,,FALSE,FALSE,FALSE,FALSE,FALSE,,,,,Common method bias does not pose a significant threat to the study conclusions,,,,,,The inclusion of a ULMC did not improve the fit of the model (no change in model fit),CB-SEM,,,,,,,,"Legacy study from original systematic review. Text extraction available. The longitudinal nature of the study helps to overcome concerns regarding common method bias (CMB) to some degree as such designs are less susceptible to CMB, com- pared to cross-sectional designs [67..."
L96,Legacy Refid 96 - ULMC Study,Legacy Study,,Social Behavior & Personality: an international journal,,NA,NA,NA,NA,,,,TRUE,TRUE,TRUE,FALSE,,ULMC,unmeasured latent method construct,,,FALSE,,,,FALSE,,FALSE,none,TRUE,neutral,FALSE,,FALSE,FALSE,FALSE,FALSE,FALSE,,,,,Common method bias does not pose a significant threat to the study conclusions,,,,,,The authors did not make a clear claim regarding the relative fit of the model as it pertains to the ULMC,CB-SEM,,,,,,,,"Legacy study from original systematic review. Text extraction available. We adopted Richardson et al.’s (2009) approach to controlling for the effects of an unmeasured latent method factor, and compared the fit indices of the basic model without common method variance (CMV..."
L98,Legacy Refid 98 - ULMC Study,Legacy Study,,Journal of Occupational & Organizational Psychology,,NA,NA,NA,NA,,,,TRUE,TRUE,TRUE,FALSE,,ULMC,unmeasured latent method construct,1.9,,FALSE,,,,TRUE,,FALSE,none,TRUE,neutral,FALSE,,FALSE,FALSE,FALSE,FALSE,FALSE,,,,,Common method bias does not pose a significant threat to the study conclusions,,,,,,The inclusion of a ULMC harmed the fit of the model (the fit of the proposed model was superior),CB-SEM,,,,,,,,"Legacy study from original systematic review. Text extraction available. We further examined the extent of common method bias using the unmeasured latent method construct technique (Podsakoff, MacKenzie, Lee, & Podsakoff, 2003; Richardson, Simmering, & Sturman, 2009). Each..."
L102,Legacy Refid 102 - ULMC Study,Legacy Study,,Management Decision,,NA,NA,NA,NA,,,,TRUE,TRUE,TRUE,FALSE,,ULMC,unmeasured latent method construct,,,FALSE,,,,FALSE,,FALSE,none,FALSE,,FALSE,,FALSE,FALSE,FALSE,FALSE,FALSE,,,,,Common method bias does not pose a significant threat to the study conclusions,,,,,,The inclusion of a ULMC did not improve the fit of the model (no change in model fit),CB-SEM,,,,,,,,"Legacy study from original systematic review. Text extraction available. As the data we collected are self-reported, there is potential for common method variance (CMV). To address this issue, Harman's single-factor test was performed to examine the possible effects of CMV..."
L103,Legacy Refid 103 - ULMC Study,Legacy Study,,MIS Quarterly,,NA,NA,NA,NA,,,,TRUE,TRUE,TRUE,FALSE,,ULMC,unmeasured latent method construct,0.9,,FALSE,,,,TRUE,,FALSE,none,FALSE,,FALSE,,FALSE,FALSE,FALSE,FALSE,FALSE,,,,,Common method bias does not pose a significant threat to the study conclusions,,,,,,The authors did not make a clear claim regarding the relative fit of the model as it pertains to the ULMC,CB-SEM,,,,,,,,"Legacy study from original systematic review. Text extraction available. Since our study used same-source data, we tested for the extent of common method variance. As Cyr et al. (2009) noted in their survey of the IS literature, such checks are rare but important. We added..."
L104,Legacy Refid 104 - ULMC Study,Legacy Study,,Human Resource Development Quarterly,,NA,NA,NA,NA,,,,TRUE,TRUE,TRUE,FALSE,,ULMC,unmeasured latent method construct,1.9,,FALSE,,,,TRUE,,FALSE,none,FALSE,,FALSE,,FALSE,FALSE,FALSE,FALSE,FALSE,,,,,Whether common method bias is or is not a significant threat to the study conclusions remains unclear,,,,,,The inclusi&oacute;n of a ULMC did improve the fit of the model,CB-SEM,,,,,,,,"Legacy study from original systematic review. Text extraction available. Considering that the four major variables of interest are multidimensional higher-order constructs, it is impor- tant to confirm that method variance does not have a substantial effect on the correlat..."
L106,Legacy Refid 106 - ULMC Study,Legacy Study,,Journal of Organizational Behavior,,NA,NA,NA,NA,,,,TRUE,TRUE,TRUE,FALSE,,ULMC,unmeasured latent method construct,,,FALSE,,,,FALSE,,TRUE,separation between measures,FALSE,,FALSE,,FALSE,FALSE,FALSE,FALSE,FALSE,,,,,Common method bias does not pose a significant threat to the study conclusions,,,,,,The inclusion of a ULMC harmed the fit of the model (the fit of the proposed model was superior),CB-SEM,,,,,,,,"Legacy study from original systematic review. Text extraction available. We employed both procedural and statistical remedies to control for common method variance in our studies (Podsakoff, MacKenzie, & Podsakoff, 2012). First, we obtained predictor and criterion variable..."
L108,Legacy Refid 108 - ULMC Study,Legacy Study,,Journal of Business Ethics,,NA,NA,NA,NA,,,,TRUE,TRUE,TRUE,FALSE,,ULMC,unmeasured latent method construct,,,FALSE,,,,FALSE,,FALSE,none,FALSE,,FALSE,,FALSE,FALSE,FALSE,FALSE,FALSE,,,,,Common method bias does not pose a significant threat to the study conclusions,,,,,,The inclusion of a ULMC did not improve the fit of the model (no change in model fit),CB-SEM,,,,,,,,"Legacy study from original systematic review. Text extraction available. Even though procedural measures were implemented to avoid the common method bias, we nonetheless conducted Harman (1960)’s single-factor test and an unmeasured latent method factor (ULMF) test to ensu..."
L109,Legacy Refid 109 - ULMC Study,Legacy Study,,MIS Quarterly,,NA,NA,NA,NA,,,,TRUE,TRUE,TRUE,FALSE,,ULMC,unmeasured latent method construct,,,FALSE,,,,FALSE,,FALSE,none,FALSE,,FALSE,,FALSE,FALSE,FALSE,FALSE,FALSE,,,,,Common method bias does not pose a significant threat to the study conclusions,,,,,,The authors did not make a clear claim regarding the relative fit of the model as it pertains to the ULMC,CB-SEM,,,,,,,,"Legacy study from original systematic review. Text extraction available. We examined the robustness of the results with four approaches. First, as Podsakoff et al. (2003) recommend, we employed Harman’s one- factor test. This test assesses the threat of common method bias ..."
L110,Legacy Refid 110 - ULMC Study,Legacy Study,,Journal of Business & Psychology,,NA,NA,NA,NA,,,,TRUE,TRUE,TRUE,FALSE,,ULMC,unmeasured latent method construct,23,,FALSE,,,,TRUE,,FALSE,none,FALSE,,FALSE,,FALSE,FALSE,FALSE,FALSE,FALSE,,,,,Common method bias does not pose a significant threat to the study conclusions,,,,,,The inclusi&oacute;n of a ULMC did improve the fit of the model,CB-SEM,,,,,,,,"Legacy study from original systematic review. Text extraction available. Moreover, because the data were collected at the same time with self-report scales, common method bias problems may arise and inflate the patterns of relationships among the study variables. Following..."
L111,Legacy Refid 111 - ULMC Study,Legacy Study,,Corporate Social Responsibility & Environmental Management,,NA,NA,NA,NA,,,,TRUE,TRUE,TRUE,FALSE,,ULMC,unmeasured latent method construct,,,FALSE,,,,FALSE,,FALSE,none,FALSE,,FALSE,,FALSE,FALSE,FALSE,FALSE,FALSE,,,,,Common method bias does not pose a significant threat to the study conclusions,,,,,,The inclusion of a ULMC did not improve the fit of the model (no change in model fit),CB-SEM,,,,,,,,"Legacy study from original systematic review. Text extraction available. To test for common method variance, we conducted a Harman's single‐factor test (Podsakoff, MacKenzie, Lee, & Podsakoff, 2003). This test involves a CFA in which we loaded all variables onto one genera..."
L112,Legacy Refid 112 - ULMC Study,Legacy Study,,Human Resource Management Journal,,NA,NA,NA,NA,,,,TRUE,TRUE,TRUE,FALSE,,ULMC,unmeasured latent method construct,7.4,,FALSE,,,,TRUE,,FALSE,none,FALSE,,FALSE,,FALSE,FALSE,FALSE,FALSE,FALSE,,,,,Common method bias does not pose a significant threat to the study conclusions,,,,,,The authors did not make a clear claim regarding the relative fit of the model as it pertains to the ULMC,CB-SEM,,,,,,,,"Legacy study from original systematic review. Text extraction available. We performed two statistical tests to check the presence of common method variance. First, the marker-variable test was performed by examining the correlation between our marker variable ‘how likely i..."
L113,Legacy Refid 113 - ULMC Study,Legacy Study,,Journal of Business & Psychology,,NA,NA,NA,NA,,,,TRUE,TRUE,TRUE,FALSE,,ULMC,unmeasured latent method construct,20,,FALSE,,,,TRUE,,FALSE,none,FALSE,,FALSE,,FALSE,FALSE,FALSE,FALSE,FALSE,,,,,Common method bias does not pose a significant threat to the study conclusions,,,,,,The inclusi&oacute;n of a ULMC did improve the fit of the model,CB-SEM,,,,,,,,"Legacy study from original systematic review. Text extraction available. Moreover, since the independent variable (appraisal of eco- nomic crisis) and the mediator (psychological distress) were collected at the same time with self-report scales, common method bias problems..."
L115,Legacy Refid 115 - ULMC Study,Legacy Study,,Journal of Product Innovation Management,,NA,NA,NA,NA,,,,TRUE,TRUE,TRUE,FALSE,,ULMC,unmeasured latent method construct,,,FALSE,,,,FALSE,,FALSE,none,FALSE,,FALSE,,FALSE,FALSE,FALSE,FALSE,FALSE,,,,,Whether common method bias is or is not a significant threat to the study conclusions remains unclear,,,,,,The authors did not make a clear claim regarding the relative fit of the model as it pertains to the ULMC,CB-SEM,,,,,,,,"Legacy study from original systematic review. Text extraction available. To control the results for potential common-method bias, a single unmeasured latent method factor was intro- duced in the causal model. That is, an unmeasured latent construct was added, and all items..."
L122,Legacy Refid 122 - ULMC Study,Legacy Study,,Negotiation & Conflict Management Research,,NA,NA,NA,NA,,,,TRUE,TRUE,TRUE,FALSE,,ULMC,unmeasured latent method construct,,,FALSE,,,,FALSE,,FALSE,none,FALSE,,FALSE,,FALSE,FALSE,FALSE,FALSE,FALSE,,,,,Common method bias does not pose a significant threat to the study conclusions,,,,,,The authors did not make a clear claim regarding the relative fit of the model as it pertains to the ULMC,CB-SEM,,,,,,,,"Legacy study from original systematic review. Text extraction available. One important issue with all self-report data is the common method variance (CMV) (Podsakoff & Organ, 1986). Therefore, we informed all the respondents that their responses would be confidential and f..."
L123,Legacy Refid 123 - ULMC Study,Legacy Study,,Sustainability,,MDPI,NA,NA,NA,,,,TRUE,TRUE,TRUE,FALSE,,ULMC,unmeasured latent method construct,,,FALSE,,,,FALSE,,FALSE,none,FALSE,,FALSE,,FALSE,FALSE,FALSE,FALSE,FALSE,,,,,Common method bias does not pose a significant threat to the study conclusions,,,,,,The inclusion of a ULMC did not improve the fit of the model (no change in model fit),CB-SEM,,,,,,,,"Legacy study from original systematic review. Text extraction available. Following the suggestion of Podsakoff et al. (2003) [66], we first used the unmeasured latent method factor to test the common method variance that may be caused by the single source data collected in..."
L124,Legacy Refid 124 - ULMC Study,Legacy Study,,Journal of Business Ethics,,NA,NA,NA,NA,,,,TRUE,TRUE,TRUE,FALSE,,ULMC,unmeasured latent method construct,7.84,,FALSE,,,,TRUE,,TRUE,anonymity; separation between measures; confidentiality,FALSE,,FALSE,,FALSE,FALSE,FALSE,FALSE,FALSE,,,,,Common method bias does not pose a significant threat to the study conclusions,,,,,,The inclusion of a ULMC harmed the fit of the model (the fit of the proposed model was superior),CB-SEM,,,,,,,,"Legacy study from original systematic review. Text extraction available. he existence of common method bias (CMV) can be fatal, particularly in mediation studies where the data are collected through self-report questionnaires. Therefore, we used proactive measures to preve..."
L125,Legacy Refid 125 - ULMC Study,Legacy Study,,Public Personnel Management,,NA,NA,NA,NA,,,,TRUE,TRUE,TRUE,FALSE,,ULMC,unmeasured latent method construct,12,,FALSE,,,,TRUE,,FALSE,none,FALSE,,FALSE,,FALSE,FALSE,FALSE,FALSE,FALSE,,,,,Common method bias does not pose a significant threat to the study conclusions,,,,,,The authors did not make a clear claim regarding the relative fit of the model as it pertains to the ULMC,CB-SEM,,,,,,,,"Legacy study from original systematic review. Text extraction available. With regard to our research design, our self-reported data were collected from a single source at one point in time, so common method bias (CMB) may be a concern (P. M. Podsakoff et al., 2003). Althou..."
L126,Legacy Refid 126 - ULMC Study,Legacy Study,,Applied Psychology: An International Review,,NA,NA,NA,NA,,,,TRUE,TRUE,TRUE,FALSE,,ULMC,unmeasured latent method construct,17,,FALSE,,,,TRUE,,FALSE,none,FALSE,,FALSE,,FALSE,FALSE,FALSE,FALSE,FALSE,,,,,Common method bias does not pose a significant threat to the study conclusions,,,,,,The authors did not make a clear claim regarding the relative fit of the model as it pertains to the ULMC,CB-SEM,,,,,,,,"Legacy study from original systematic review. Text extraction available. Lastly, given that the variables in our study were collected at the same time and obtained by the same method (self-report questionnaires), com- mon method variance might have affected the strength of..."
L128,Legacy Refid 128 - ULMC Study,Legacy Study,,Administrative Science Quarterly,,NA,NA,NA,NA,,,,TRUE,TRUE,TRUE,FALSE,,ULMC,unmeasured latent method construct,17.4,,FALSE,,,,TRUE,,FALSE,none,FALSE,,FALSE,,FALSE,FALSE,FALSE,FALSE,FALSE,,,,,The authors do not provide a conclusion regarding the role of common method bias,,,,,,The authors did not make a clear claim regarding the relative fit of the model as it pertains to the ULMC,CB-SEM,,,,,,,,"Legacy study from original systematic review. Text extraction available. Finally, I also followed Podsakoff et al. (1990), who recommended control- ling for common methods bias using an unmeasured latent method factor. This involves generating a latent variable through fac..."
L129,Legacy Refid 129 - ULMC Study,Legacy Study,,Journal of Organizational Behavior,,NA,NA,NA,NA,,,,TRUE,TRUE,TRUE,FALSE,,ULMC,unmeasured latent method construct,,,FALSE,,,,FALSE,,FALSE,none,FALSE,,FALSE,,FALSE,FALSE,FALSE,FALSE,FALSE,,,,,Common method bias does not pose a significant threat to the study conclusions,,,,,,The inclusion of a ULMC did not improve the fit of the model (no change in model fit),CB-SEM,,,,,,,,"Legacy study from original systematic review. Text extraction available. We performed a series of CFAs to examine the distinctiveness of the study variables. The hypothesized 9-factor measurement yielded a good fit: χ2 (909) = 1192.61 (p < .001), CFI = .92, TFI = .91, RMSE..."
L130,Legacy Refid 130 - ULMC Study,Legacy Study,,International Journal of Human Resource Management,,NA,NA,NA,NA,,,,TRUE,TRUE,TRUE,FALSE,,ULMC,unmeasured latent method construct,,,FALSE,,,,TRUE,,FALSE,none,FALSE,,FALSE,,FALSE,FALSE,FALSE,FALSE,FALSE,,,,,Common method bias does not pose a significant threat to the study conclusions,,,,,,The inclusi&oacute;n of a ULMC did improve the fit of the model,CB-SEM,,,,,,,,"Legacy study from original systematic review. Text extraction available. Moreover, because the independent variables (manager and coworker recog- nition) and the mediator (meaningfulness) were collected at the same time with self-report scales, common method bias problems ..."
L133,Legacy Refid 133 - ULMC Study,Legacy Study,,Human Resource Management,,NA,NA,NA,NA,,,,TRUE,TRUE,TRUE,FALSE,,ULMC,unmeasured latent method construct,,,FALSE,,,,FALSE,,FALSE,none,FALSE,,FALSE,,FALSE,FALSE,FALSE,FALSE,FALSE,,,,,Common method bias does not pose a significant threat to the study conclusions,,,,,,The inclusion of a ULMC did not improve the fit of the model (no change in model fit),CB-SEM,,,,,,,,"Legacy study from original systematic review. Text extraction available. To address the common methods variance issue empirically, we used Harman's one-factor test and the unmeasured latent method factor technique. First, individual unit members' responses (n = 701) to the..."
L136,Legacy Refid 136 - ULMC Study,Legacy Study,,Management Decision,,NA,NA,NA,NA,,,,TRUE,TRUE,TRUE,FALSE,,ULMC,unmeasured latent method construct,,,FALSE,,,,FALSE,,FALSE,none,FALSE,,FALSE,,FALSE,FALSE,FALSE,FALSE,FALSE,,,,,Common method bias does not pose a significant threat to the study conclusions,,,,,,The inclusion of a ULMC did not improve the fit of the model (no change in model fit),CB-SEM,,,,,,,,"Legacy study from original systematic review. Text extraction available. We also took several statistical steps in order to rule out the risk of common method variance: as prescribed by Podsakoff and Organ (1986), we conducted Harman’s one-factor test using the items that ..."
L138,Legacy Refid 138 - ULMC Study,Legacy Study,,Academy of Management Learning & Education,,NA,NA,NA,NA,,,,TRUE,TRUE,TRUE,FALSE,,ULMC,unmeasured latent method construct,,,FALSE,,,,FALSE,,TRUE,anonymity,FALSE,,FALSE,,FALSE,FALSE,FALSE,FALSE,FALSE,,,,,Common method bias does not pose a significant threat to the study conclusions,,,,,,The authors did not make a clear claim regarding the relative fit of the model as it pertains to the ULMC,CB-SEM,,,,,,,,"Legacy study from original systematic review. Text extraction available. Although they are regularly used in business re- search, self-reported measures with a common scale format and the potential to invoke social desirability are generally susceptible to common method bi..."
L139,Legacy Refid 139 - ULMC Study,Legacy Study,,Voluntas,,NA,NA,NA,NA,,,,TRUE,TRUE,TRUE,FALSE,,ULMC,unmeasured latent method construct,16.8,,FALSE,,,,TRUE,,FALSE,none,FALSE,,FALSE,,FALSE,FALSE,FALSE,FALSE,FALSE,,,,,Common method bias does not pose a significant threat to the study conclusions,,,,,,The inclusi&oacute;n of a ULMC did improve the fit of the model,CB-SEM,,,,,,,,"Legacy study from original systematic review. Text extraction available. Finally, we introduced an unmeasured latent method factor to our original measurement model allowing all items to load on to their theoretical constructs, as well as on to the latent method factor. Th..."
L140,Legacy Refid 140 - ULMC Study,Legacy Study,,Sustainability (2071-1050),,MDPI,NA,NA,NA,,,,TRUE,TRUE,TRUE,FALSE,,ULMC,unmeasured latent method construct,,,FALSE,,,,FALSE,,FALSE,none,FALSE,,FALSE,,FALSE,FALSE,FALSE,FALSE,FALSE,,,,,Common method bias does not pose a significant threat to the study conclusions,,,,,,The inclusion of a ULMC did not improve the fit of the model (no change in model fit),CB-SEM,,,,,,,,"Legacy study from original systematic review. Text extraction available. We conducted the CFA marker technique [45,49] to test whether our results were affected by CMV problems. Considering we had built a 3-factor CFA model to examine construct validity, we then created a ..."
L141,Legacy Refid 141 - ULMC Study,Legacy Study,,Journal of Product Innovation Management,,NA,NA,NA,NA,,,,TRUE,TRUE,TRUE,FALSE,,ULMC,unmeasured latent method construct,,,FALSE,,,,FALSE,,TRUE,anonymity,FALSE,,FALSE,,FALSE,FALSE,FALSE,FALSE,FALSE,,,,,The authors do not provide a conclusion regarding the role of common method bias,,,,,,The authors did not make a clear claim regarding the relative fit of the model as it pertains to the ULMC,CB-SEM,,,,,,,,"Legacy study from original systematic review. Text extraction available. Common method variance (CMV) can be a significant source of measurement error (Pod- sakoff, MacKenzie, Lee, and Podsakoff, 2003). To help reduce CMV, best practices were used, including (1) assuring r..."
L4,"To Be (Creative), or not to Be (Creative)? A Sensemaking Perspective to Creative Role Expectations",Liu et al.,2021,Journal of Business & Psychology,,NA,NA,NA,NA,,,,TRUE,TRUE,TRUE,FALSE,,ULMC,,4.98,,FALSE,,,,TRUE,FALSE,FALSE,none,FALSE,,FALSE,,FALSE,FALSE,FALSE,FALSE,FALSE,,,,,Common method bias does not pose a significant threat to the study conclusions,,,,,,The authors did not make a clear claim regarding the relative fit of the model as it pertains to the ULMC,,CB-SEM,,,,,,,"Legacy study from original systematic review. Text extraction available. Given that the measurement of creative role expectations, cre- ative self-expectations, perceived necessity of performance improvement, and creative cognitive style was provided by one single informan..."
L16,What imposters risk at work,Hutchins et al.,2018,Human Resource Development Quarterly,,NA,NA,NA,NA,,,,TRUE,TRUE,TRUE,FALSE,,ULMC,,28,,FALSE,,,,TRUE,FALSE,FALSE,none,FALSE,,FALSE,,FALSE,FALSE,FALSE,FALSE,FALSE,,,,,Common method bias does not pose a significant threat to the study conclusions,,,,,,The authors did not make a clear claim regarding the relative fit of the model as it pertains to the ULMC,,CB-SEM,,,,,,,"Legacy study from original systematic review. Text extraction available. Because Harman's single factor test has been criticized by some for being an inferior, “insensitive test” (Podsakoff, MacKenzie, Lee, & Podsakoff, 2003, p. 889), we decided to implement a second, more..."
