study_order,study_title,authors,year,journal,doi,publisher_outlet,publisher_outlet_detail,predatory_journal_flag,details_in_supplement,extraction_incomplete_main_text,supplement_notes,authors_business_school,author_affiliation_detail,management_domain,empirical_ulmc,not_pls,pls_sem_used,pls_variant,statistical_methods_mv,statistical_method_detail,method_variance_pct,harman_variance_pct,harman_deployed,lindell_whitney_r2_substantive,lindell_whitney_r2_method,avg_factor_loading_change,ulmc_improves_fit,ulmc_in_final,procedural_remedies_used,procedural_remedies_list,multisource_same_construct,different_sources_iv_dv,distinct_sources_other,richardson_2009_cited,richardson_citation_context,richardson_critique_acknowledged,richardson_citation_text,three_step_approach_used,step1_presence_delta_chisq_reported,step1_presence_delta_chisq,step1_presence_pvalue,step1_cmv_indicated,step2_method_r_model_reported,step2_method_r_bias_test_reported,step2_bias_indicated,step3_contamination_reported,step3_indicator_level_mv_reported,step3_construct_level_mv_reported,method_variance_reported_despite_no_bias,step1_baseline_reported,step2_ulmc_reported,step3_chisq_diff_reported,three_step_complete,sample_n,num_constructs,num_indicators,complexity_ratio,author_conclusion_mv,mv_inference_criteria_used,mv_inference_criteria_list,mv_inference_criteria_detail,mv_inferred_not_problem,mv_inference_rationale_text,author_fit_claims,estimator,software,country,industry_sector,study_design,data_collection_method,response_rate,verification_table,notes,master_id,extraction_source,coding_mode
M0183,"Wang, Wenwei (2026) - How Workplace Fun Promotes Employees' Innovative Behavior: A Dual Mediation Mode...","Wang, Wenwei ; Tang, Jie",2026,Behavioral Sciences (2076-328X),10.3390/bs16050750,MDPI,Behavioral Sciences (2076-328X),TRUE,,,,FALSE,,TRUE,TRUE,TRUE,FALSE,,ULMC; Harman single factor test,unmeasured latent method construct (ulmc); Harman's single factor test,not reported,50.0,TRUE,,,,,,TRUE,anonymity; different_sources_iv_dv,FALSE,TRUE,FALSE,FALSE,,,,,,,,TRUE,,,TRUE,,,TRUE,,,,,FALSE,116,,13,,not a concern - method bias in our study does not appear to be a serious,FALSE,,,TRUE,,,CB-SEM,Mplus,,,,,,,AI-autonomous pre-fill (>=4 key fields); spot-check recommended; method_variance_pct not reported in PDF,M0183,extract_ebsco_on_hand_batch.py 2026-06-26,ai_autonomous
M0184,"Zhang, Chi (2026) - The Impact of Artificial Intelligence Usage on Affective Work Well-Being: A Self...","Zhang, Chi ; Chen, Shuping ; Zhang, Dianru ; Zhang, Qichao",2026,Behavioral Sciences (2076-328X),10.3390/bs16050670,MDPI,Behavioral Sciences (2076-328X),TRUE,,,,TRUE,"omics and Management, Beijing Jiaotong University, Beijing 100044, China 4 HSBC Business School, Peking University, Beijing 100871, China; drzhang@stu.pku.edu.cn 5 Business School, Beijing Information Science and Te; ness School, Peking University, Beijing 100871, China; drzhang@stu.pku.edu.cn 5 Business School, Beijing Information Science and Technology University, Beijing 102206, China; zhangqichao@bistu.edu.cn * Correspondenc; du.cn 2 School of Marxism, Beijing Jiaotong University, Beijing 10",TRUE,TRUE,TRUE,FALSE,,ULMC; Harman single factor test,unmeasured latent method construct (ulmc); Harman's single factor test,not reported,36.12,TRUE,,,,,,TRUE,anonymity; temporal separation; item pretesting; attention checks,FALSE,FALSE,FALSE,FALSE,,,,,,,,,,,,,,,,,,,FALSE,360,9,,,not a concern - method bias did not serious,FALSE,,,TRUE,,,CB-SEM,Mplus,,,,,,,AI-autonomous pre-fill (>=4 key fields); spot-check recommended; method_variance_pct not reported in PDF,M0184,extract_ebsco_on_hand_batch.py 2026-06-26,ai_autonomous
M0186,"Ju, Dong (2026) - The Green Shield: How Pro-Environmental Advocacy Protects Employees from Supervi...","Ju, Dong ; Tang, Yan ; Geng, Shu ; Lu, Ruobing ; Wang, Weifeng",2026,Behavioral Sciences (2076-328X),10.3390/bs16020196,MDPI,Behavioral Sciences (2076-328X),TRUE,,,,TRUE,"acism Dong Ju 1 , Yan Tang 1, Shu Geng 2,*, Ruobing Lu 1,* and Weifeng Wang 1 1 Business School, Beijing Normal University, Beijing 100875, China; dongju@bnu.edu.cn (D.J.); tangyan@mail.bnu.edu.cn (Y.T.); wangweifen",TRUE,TRUE,TRUE,FALSE,,ULMC,unmeasured latent method construct (ulmc),not reported,,FALSE,,,,,,TRUE,temporal separation; attention checks,FALSE,FALSE,FALSE,FALSE,,,,TRUE,,,,TRUE,,,,TRUE,,,,,,TRUE,FALSE,146,,,,concern - CMV is unlikely,FALSE,,,TRUE,,,CB-SEM,Mplus,,,,,,,AI-autonomous pre-fill (>=4 key fields); spot-check recommended; method_variance_pct not reported in PDF,M0186,extract_ebsco_on_hand_batch.py 2026-06-26,ai_autonomous
M0188,"Zhong, Liqing (2026) - Green Transformational Leadership and Value–Action Barrier on Employees' Pro-Env...","Zhong, Liqing ; Hahn, Juhee",2026,Behavioral Sciences (2076-328X),10.3390/bs16010071,MDPI,Behavioral Sciences (2076-328X),TRUE,,,,FALSE,,TRUE,TRUE,TRUE,FALSE,,ULMC,unmeasured latent method construct (ulmc),not reported,,FALSE,,,,,,TRUE,anonymity; temporal separation; procedural remedies cited; distinct_sources_other,FALSE,FALSE,TRUE,FALSE,,,,TRUE,TRUE,,,TRUE,,,,TRUE,,,,TRUE,,TRUE,FALSE,51,,,,concern - method bias is unlikely to be a substantial,TRUE,no improvement in model fit with ULMC,,TRUE,,,CB-SEM,Mplus,,,,,,,AI-autonomous pre-fill (>=4 key fields); spot-check recommended; method_variance_pct not reported in PDF,M0188,extract_ebsco_on_hand_batch.py 2026-06-26,ai_autonomous
M0192,"Liu, Jialin (2025) - The Positive Effects of Employee AI Dependence on Voice Behavior—Based on Power ...","Liu, Jialin ; Huang, Mingpeng ; Cui, Min ; Tian, Guangdi ; Li, Xinyue",2025,Behavioral Sciences (2076-328X),10.3390/bs15121709,MDPI,Behavioral Sciences (2076-328X),TRUE,,,,TRUE,"Jialin Liu 1 , Mingpeng Huang 1, Min Cui 2,*, Guangdi Tian 3 and Xinyue Li 4 1 Business School, University of International Business and Economics, Beijing 100029, China; 202200320077@uibe.edu.cn (J.L.); hmp@uibe.e; .) 2 School of Management, Northwest Normal University, Lanzhou 730070, China 3 School of Business Administration, Shanxi University of Finance and Economics, Taiyuan 030006, China; tgd@sxufe.edu.cn 4 Party School of S; .) 2 School of Management, Northwest Normal University, Lanzhou ",TRUE,TRUE,TRUE,FALSE,,ULMC,unmeasured latent method construct (ulmc),not reported,,FALSE,,,,,,TRUE,anonymity; temporal separation; attention checks; distinct_sources_other,FALSE,FALSE,TRUE,FALSE,,,,,,,,TRUE,,,,,,,,,,,FALSE,172,,,,,FALSE,,,,,,CB-SEM,Mplus,,,,,,,AI-autonomous pre-fill (>=4 key fields); spot-check recommended; method_variance_pct not reported in PDF,M0192,extract_ebsco_on_hand_batch.py 2026-06-26,ai_autonomous
M0193,"Ju, Dong (2025) - The Organizational Halo: How Perceived Philanthropy Awareness Curbs Abusive Supe...","Ju, Dong ; Tang, Yan ; Geng, Shu ; Lu, Ruobing ; Wang, Weifeng",2025,Behavioral Sciences (2076-328X),10.3390/bs15121706,MDPI,Behavioral Sciences (2076-328X),TRUE,,,,TRUE,"Pride Dong Ju 1 , Yan Tang 1, Shu Geng 2,*, Ruobing Lu 1,* and Weifeng Wang 1 1 Business School, Beijing Normal University, Beijing 100875, China; dongju@bnu.edu.cn (D.J.); tangyan@mail.bnu.edu.cn (Y.T.); wangweifen",TRUE,TRUE,TRUE,FALSE,,ULMC; Harman single factor test,unmeasured latent method construct (ulmc); Harman's single factor test,not reported,4.46,TRUE,,,,,,TRUE,anonymity; attention checks; distinct_sources_other,FALSE,FALSE,TRUE,FALSE,,,,TRUE,TRUE,2549.34,0.001,TRUE,,,,,,,,TRUE,,,FALSE,434,,,,not a concern - common method bias was not a problem,TRUE,CMV not a concern (unspecified),,TRUE,,,CB-SEM,Lavaan,,,,,,,AI-autonomous pre-fill (>=4 key fields); spot-check recommended; method_variance_pct not reported in PDF,M0193,extract_ebsco_on_hand_batch.py 2026-06-26,ai_autonomous
M0196,"Leong, Frederick Theen Lok (2025) - The Relationship Between Career Adaptability and Work Engagement Among Young Chi...","Leong, Frederick Theen Lok ; Li, Xuan ; Chen, Emma Mingjing",2025,Behavioral Sciences (2076-328X),10.3390/bs15121682,MDPI,Behavioral Sciences (2076-328X),TRUE,,,,FALSE,,TRUE,TRUE,TRUE,FALSE,,ULMC; Harman single factor test,unmeasured latent method construct (ulmc); Harman's single factor test,not reported,34.05,TRUE,,,,,,TRUE,anonymity; temporal separation; attention checks; distinct_sources_other,FALSE,FALSE,TRUE,FALSE,,,,,,,,,,,,,,,,,,,FALSE,311,2,5,2.5,,FALSE,,,FALSE,,,CB-SEM,AMOS,,,,,,,AI-autonomous pre-fill (>=4 key fields); spot-check recommended; method_variance_pct not reported in PDF,M0196,extract_ebsco_on_hand_batch.py 2026-06-26,ai_autonomous
M0197,"Akben, Mustafa (2025) - A Paradox of Fit: How Job Complexity Shapes AI Self-Efficacy and AI Adoption Thr...","Akben, Mustafa ; Dong, Su",2025,Behavioral Sciences (2076-328X),10.3390/bs15121659,MDPI,Behavioral Sciences (2076-328X),TRUE,,,,TRUE,"acy and AI Adoption Through a Curvilinear Mechanism Mustafa Akben * and Su Dong Department of Management and Entrepreneurship, Elon University, Elon, NC 27244, USA; sdong@elon.edu * Correspondence: makben@elon.edu",TRUE,TRUE,TRUE,FALSE,,ULMC,unmeasured latent method construct (ulmc),not reported,,FALSE,,,,,,FALSE,none reported,FALSE,FALSE,FALSE,FALSE,,,,,,,,TRUE,,,TRUE,,,,,,,,FALSE,306,,,,not a concern - method bias was not a significant,FALSE,,,TRUE,,,CB-SEM,Lavaan,,,,,,,AI-autonomous pre-fill (>=4 key fields); spot-check recommended; method_variance_pct not reported in PDF; procedural_remedies none reported in PDF,M0197,extract_ebsco_on_hand_batch.py 2026-06-26,ai_autonomous
M0198,"Zhong, Chuling (2025) - Knowledge Sharing in AI-Enabled Workplaces: A Social Cognitive Perspective on Us...","Zhong, Chuling ; Wang, Yao",2025,Behavioral Sciences (2076-328X),10.3390/bs15121635,MDPI,Behavioral Sciences (2076-328X),TRUE,,,,TRUE,"spective on Usefulness Perceptions and Competition Chuling Zhong and Yao Wang * School of Business, China University of Political Science and Law, Beijing 100088, China * Correspondence: wangyao090103@163.com",TRUE,TRUE,TRUE,FALSE,,ULMC; Harman single factor test,unmeasured latent method construct (ulmc); Harman's single factor test,not reported,24.5,TRUE,,,,,,TRUE,anonymity; temporal separation; item pretesting; attention checks; distinct_sources_other,FALSE,FALSE,TRUE,FALSE,,,,,,,,,,,,,,,,,,,FALSE,519,,,,not a concern - method bias was not a serious,FALSE,,,FALSE,,,CB-SEM,AMOS,,,,,,,AI-autonomous pre-fill (>=4 key fields); spot-check recommended; method_variance_pct not reported in PDF,M0198,extract_ebsco_on_hand_batch.py 2026-06-26,ai_autonomous
M0202,"Huang, Maoyong (2025) - The Relationships Between Contingent Reward Leadership, Perceived Organizational...","Huang, Maoyong ; Zhang, Jialing ; Ni, Yakun ; Xu, Yanzhen ; Guo, Tengfei",2025,Psychology in the Schools,10.1002/pits.23604,Wiley,Psychology in the Schools,FALSE,,,,FALSE,,TRUE,TRUE,TRUE,FALSE,,ULMC,unmeasured latent method construct (ulmc),not reported,,FALSE,,,,,,TRUE,anonymity,FALSE,FALSE,FALSE,FALSE,,,,,,,,TRUE,,,,,,,,,,,FALSE,578,,,,,FALSE,,,FALSE,,,,SPSS,,,,,,,AI-autonomous pre-fill (>=4 key fields); spot-check recommended; method_variance_pct not reported in PDF,M0202,extract_ebsco_on_hand_batch.py 2026-06-26,ai_autonomous
M0203,"Tian, Wen (2026) - The Mediating Role of Psychological Capital Between Caring Behaviour and Work En...","Tian, Wen ; Zhang, Guo‐wen ; Song, Gui‐qi",2026,Nursing Open,10.1002/nop2.70569,Wiley,Nursing Open,FALSE,,,,FALSE,,TRUE,TRUE,TRUE,FALSE,,ULMC; Harman single factor test,unmeasured latent method construct (ulmc); Harman's single factor test,not reported,31.86,TRUE,,,,,,TRUE,attention checks,FALSE,FALSE,FALSE,FALSE,,,,,,,,,,,,,,,,,,,FALSE,698,,10,,,FALSE,,,TRUE,,,CB-SEM,AMOS,,,,,,,AI-autonomous pre-fill (>=4 key fields); spot-check recommended; method_variance_pct not reported in PDF,M0203,extract_ebsco_on_hand_batch.py 2026-06-26,ai_autonomous
M0204,"Wu, Ruizhe (2026) - Relationships Between Organizational Innovation Climate, Creative Self-Efficacy,...","Wu, Ruizhe ; Feng, Xingmiao ; Zhai, Ziyan ; Sun, Xinyue ; Wang, Zhen ; Wang, Zhaoyang ; Meng, Kai",2026,Inquiry (00469580),10.1177/00469580261433833,SAGE,Inquiry (00469580),FALSE,,,,NA,,TRUE,TRUE,TRUE,FALSE,,ULMC; Harman single factor test,unmeasured latent method construct (ulmc); Harman's single factor test,not reported,40.0,TRUE,,,,,,TRUE,anonymity; temporal separation; distinct_sources_other,FALSE,FALSE,TRUE,FALSE,,,,,,,,,,,,,,TRUE,,,,,FALSE,400,7,11,1.57,,FALSE,,,FALSE,,,CB-SEM,Mplus,,,,,,,AI-autonomous pre-fill (>=4 key fields); spot-check recommended; method_variance_pct not reported in PDF,M0204,extract_ebsco_on_hand_batch.py 2026-06-26,ai_autonomous
M0205,"Pariona-Cabrera, Patricia (2026) - Understanding police officers’ responses to moral injury: the aggravating effect...","Pariona-Cabrera, Patricia ; Alfes, Kerstin ; Bartram, Timothy ; Holland, Peter",2026,International Journal of Human Resource Management,10.1080/09585192.2026.2682838,Taylor & Francis,International Journal of Human Resource Management,FALSE,,,,FALSE,,TRUE,TRUE,TRUE,FALSE,,ULMC; Harman single factor test,unmeasured latent method construct (ulmc); Harman's single factor test,not reported,95.0,TRUE,,,,,,TRUE,temporal separation,FALSE,FALSE,FALSE,FALSE,,,,,,,,,,,,,,,,,,,FALSE,371,2,,,,FALSE,,,FALSE,,,,R,,,,,,,AI-autonomous pre-fill (>=4 key fields); spot-check recommended; method_variance_pct not reported in PDF,M0205,extract_ebsco_on_hand_batch.py 2026-06-26,ai_autonomous
M0208,"Lee, Jin-Myong (2026) - When Choice Disappears: Perceived Coercion and Avoidance of Self-Service Technol...","Lee, Jin-Myong ; Kim, Sowon",2026,Journal of Theoretical & Applied Electronic Commerce Research,10.3390/jtaer21040126,MDPI,Journal of Theoretical & Applied Electronic Commerce Research,TRUE,,,,FALSE,,TRUE,TRUE,TRUE,FALSE,,ULMC,unmeasured latent method construct (ulmc),not reported,,FALSE,,,,FALSE,,TRUE,item pretesting,FALSE,FALSE,FALSE,FALSE,,,,TRUE,TRUE,0.293,0.588,TRUE,,,,,,,,TRUE,,,FALSE,117,,,,concern - CMV is unlikely,TRUE,no improvement in model fit with ULMC,,TRUE,,,CB-SEM,AMOS,,,,,,,AI-autonomous pre-fill (>=4 key fields); spot-check recommended; method_variance_pct not reported in PDF,M0208,extract_ebsco_on_hand_batch.py 2026-06-26,ai_autonomous
M0210,"Uzkurt, Cevahir (2025) - Green information systems efforts and SMEs' environmental and financial performa...","Uzkurt, Cevahir ; Arslan, Safa ; Ekmekcioglu, Emre Burak ; Ceyhan, Semih",2025,Journal of Environmental Planning & Management,10.1080/09640568.2024.2313186,Taylor & Francis,Journal of Environmental Planning & Management,FALSE,,,,TRUE,"story? Cevahir Uzkurt , Safa Arslan , Emre Burak Ekmekcioglu and Semih Ceyhan Business School, Ankara Yildirim Beyazit University, Ankara, T€urkiye (Received 29 January 2023; final version received 28 January 2024",TRUE,TRUE,TRUE,FALSE,,ULMC; Harman single factor test,unmeasured latent method construct (ulmc); Harman's single factor test,not reported,29.0,TRUE,,,,,,TRUE,anonymity,FALSE,FALSE,FALSE,FALSE,,,,,,,,TRUE,,,,,,,,,,,FALSE,384,,,,,FALSE,,,,,,CB-SEM,Mplus,,,,,,,AI-autonomous pre-fill (>=4 key fields); spot-check recommended; method_variance_pct not reported in PDF,M0210,extract_ebsco_on_hand_batch.py 2026-06-26,ai_autonomous
M0211,"Yu, Zhen (2025) - The Dark Side of Employee's Leadership Potential: Its Impact on Leader Jealousy ...","Yu, Zhen ; Wang, Feiwen ; Ye, Long ; Liao, Ganli ; Zhang, Qichao",2025,Behavioral Sciences (2076-328X),10.3390/bs15081001,MDPI,Behavioral Sciences (2076-328X),TRUE,,,,TRUE,"Beijing 100044, China; 19113077@bjtu.edu.cn (Z.Y.); yelong@bjtu.edu.cn (L.Y.) 2 Business School, Beijing Information Science and Technology University, Beijing 102206, China; 2023020786@bistu.edu.cn (F.W.); glliao@b; racism Zhen Yu 1, Feiwen Wang 2, Long Ye 1, Ganli Liao 2 and Qichao Zhang 2,* 1 School of Economics and Management, Beijing Jiaotong University, Beijing 100044, China; 19113077@bjtu.edu.cn (Z.Y.); yelong@bjtu.edu.cn (L.Y.) 2 Business",TRUE,TRUE,TRUE,FALSE,,ULMC; Harman single factor test,unmeasured latent method construct (ulmc); Harman's single factor test,not reported,32.48,TRUE,,,,,,FALSE,none reported,FALSE,FALSE,FALSE,TRUE,,,,TRUE,,,,,,,,,,,,,,,FALSE,672,,12,,concern - CMB was unlikely,FALSE,,,TRUE,,,CB-SEM,Mplus,,,,,,,AI-autonomous pre-fill (>=4 key fields); spot-check recommended; method_variance_pct not reported in PDF; procedural_remedies none reported in PDF,M0211,extract_ebsco_on_hand_batch.py 2026-06-26,ai_autonomous
M0213,"Miao, Guosen (2025) - The impact of corporate social responsibility on employee safety citizenship beh...","Miao, Guosen ; Chen, Guoping ; Li, Cui",2025,Scientific Reports,10.1038/s41598-025-12083-7,NA,Scientific Reports,FALSE,,,,TRUE,"ganizational safety capabilities13 and enhancing colleagues' safety 1Evergrande School of Management, Wuhan University of Science and Technology, Wuhan Hubei, China. 2Party School of Anhui Provincial Committee of C.P.C",TRUE,TRUE,TRUE,FALSE,,ULMC; Harman single factor test,unmeasured latent method construct (ulmc); Harman's single factor test,not reported,39.79,TRUE,,,,,,TRUE,temporal separation; attention checks,FALSE,FALSE,FALSE,FALSE,,,,,,,,,,,,,,TRUE,,,,,FALSE,481,,,,,FALSE,,,FALSE,,,CB-SEM,R,,,,,,,AI-autonomous pre-fill (>=4 key fields); spot-check recommended; method_variance_pct not reported in PDF,M0213,extract_ebsco_on_hand_batch.py 2026-06-26,ai_autonomous
M0214,"Gonzalez, Bárbara (2025) - Predictors of higher education dropout intention in the post-pandemic era: The m...","Gonzalez, Bárbara ; Mendes, Teresa P. ; Pinto, Ricardo ; Correia, Sónia V. ; Albuquerque, Sara ; Paulino, Paula",2025,PLoS ONE,10.1371/journal.pone.0327643,NA,PLoS ONE,FALSE,,,,FALSE,,TRUE,TRUE,TRUE,FALSE,,ULMC; Harman single factor test,unmeasured latent method construct (ulmc); Harman's single factor test,not reported,24.0,TRUE,,,,,,FALSE,none reported,FALSE,FALSE,FALSE,FALSE,,,,TRUE,TRUE,32.16,001,,,,TRUE,TRUE,,,,TRUE,,TRUE,FALSE,1402,,,,concern - method bias showed no indication of that bias significant,FALSE,,,TRUE,,,CB-SEM,Lavaan,,,,,,,AI-autonomous pre-fill (>=4 key fields); spot-check recommended; method_variance_pct not reported in PDF; procedural_remedies none reported in PDF,M0214,extract_ebsco_on_hand_batch.py 2026-06-26,ai_autonomous
M0215,"Wang, Yiting (2025) - Back to Work, Running on Empty? How Recovery Needs and Perceived Organizational ...","Wang, Yiting ; Song, Keni ; Guo, Ming ; Ye, Long",2025,Behavioral Sciences (2076-328X),10.3390/bs15070889,MDPI,Behavioral Sciences (2076-328X),TRUE,,,,TRUE,"ees' Vigor Upon Return to Work Yiting Wang * , Keni Song , Ming Guo and Long Ye School of Economics and Management, Beijing Jiaotong University, Beijing 100044, China; 21113081@bjtu.edu.cn (K.S.); gming@bjtu.edu.cn (M.G.); yelong@bjtu",TRUE,TRUE,TRUE,FALSE,,ULMC,unmeasured latent method construct (ulmc),not reported,,FALSE,,,,,,TRUE,anonymity; temporal separation; distinct_sources_other,FALSE,FALSE,TRUE,FALSE,,,,,,,,,,,,,,,,,,,FALSE,349,,,,,FALSE,,,TRUE,,,CB-SEM,Mplus,,,,,,,AI-autonomous pre-fill (>=4 key fields); spot-check recommended; method_variance_pct not reported in PDF,M0215,extract_ebsco_on_hand_batch.py 2026-06-26,ai_autonomous
M0216,"Lv, Mengna (2025) - Corporate Social Responsibility and Work Engagement: A Moderated Serial Mediatio...","Lv, Mengna ; Luan, Kun",2025,Corporate Social Responsibility & Environmental Management,10.1002/csr.3233,Wiley,Corporate Social Responsibility & Environmental Management,FALSE,,,,TRUE,"rsities (Grant No. 22CX04001B), and Central University of Finance and Economics Business School Doctoral Candidate Key Topic Support Program.",TRUE,TRUE,TRUE,FALSE,,ULMC; Harman single factor test,unmeasured latent method construct (ulmc); Harman's single factor test,not reported,36.71,TRUE,,,,,,TRUE,temporal separation,FALSE,FALSE,FALSE,FALSE,,,,TRUE,TRUE,1859.55,,TRUE,,,,,,,,TRUE,,,FALSE,354,,10,,not a concern - common method variance was not a problem,TRUE,CMV not a concern (unspecified),,TRUE,,,CB-SEM,Mplus,,,,,,,AI-autonomous pre-fill (>=4 key fields); spot-check recommended; method_variance_pct not reported in PDF,M0216,extract_ebsco_on_hand_batch.py 2026-06-26,ai_autonomous
M0217,"Yin, Yaning (2026) - The Impact of Stigma on Autonomous Motivation Among Psychiatric Hospital Staff i...","Yin, Yaning ; Hei, Luping ; Zhao, Miaomiao ; Sun, Siwei ; Yuan, Beibei ; Islam, Talat",2026,Journal of Nursing Management,10.1155/jonm/9940890,NA,Journal of Nursing Management,FALSE,,,,FALSE,,TRUE,TRUE,TRUE,FALSE,,ULMC,unmeasured latent method construct (ulmc),not reported,,FALSE,,,,,,TRUE,anonymity; attention checks; distinct_sources_other,FALSE,FALSE,TRUE,FALSE,,,,,,,,,,,,,,,,,,,FALSE,2813,,,,,FALSE,,,FALSE,,,CB-SEM,AMOS,,,,,,,AI-autonomous pre-fill (>=4 key fields); spot-check recommended; method_variance_pct not reported in PDF,M0217,extract_ebsco_on_hand_batch.py 2026-06-26,ai_autonomous
M0218,"Yan, Yihang (2025) - Approach or Avoidance: How Does Employees' Generative AI Awareness Shape Their J...","Yan, Yihang ; Qu, Xiaoqian ; Lei, Hongzhen ; Geng, Yao",2025,Behavioral Sciences (2076-328X),10.3390/bs15060789,MDPI,Behavioral Sciences (2076-328X),TRUE,,,,TRUE,"Perspective Yihang Yan, Xiaoqian Qu *, Hongzhen Lei and Yao Geng International Business School, Shaanxi Normal University, Xi'an 710119, China; yanyihang@snnu.edu.cn (Y.Y.); leihongzhen@snnu.edu.cn (H.L.); gengyao@",TRUE,TRUE,TRUE,FALSE,,ULMC,unmeasured latent method construct (ulmc),not reported,,FALSE,,,,,,TRUE,temporal separation; distinct_sources_other,FALSE,FALSE,TRUE,FALSE,,,,,,,,,,,,,,,,,,,FALSE,316,,5,,,FALSE,,,FALSE,,,CB-SEM,Mplus,,,,,,,AI-autonomous pre-fill (>=4 key fields); spot-check recommended; method_variance_pct not reported in PDF,M0218,extract_ebsco_on_hand_batch.py 2026-06-26,ai_autonomous
M0219,"Peng, Bo (2025) - From physical self-esteem to sports participation: The mediating role of exercis...","Peng, Bo ; Chen, Weisong ; Wang, Hongshen ; Yu, Ting",2025,PLoS ONE,10.1371/journal.pone.0324588,NA,PLoS ONE,FALSE,,,,FALSE,,TRUE,TRUE,TRUE,FALSE,,ULMC; Harman single factor test,unmeasured latent method construct (ulmc); Harman's single factor test,2.0,40.0,TRUE,,,,,,TRUE,anonymity; distinct_sources_other,FALSE,FALSE,TRUE,FALSE,,,,,,,,,,,,,,,,,,,FALSE,243,5,30,6.0,not a concern - method bias does not substantial,FALSE,,,TRUE,,,CB-SEM,AMOS,,,,,,,AI-autonomous pre-fill (>=4 key fields); spot-check recommended,M0219,extract_ebsco_on_hand_batch.py 2026-06-26,ai_autonomous
M0220,"Fan, Chuanhao (2025) - Proactive Breakthrough or Passive Exhaustion? A Dual-Path Integrated Model Drive...","Fan, Chuanhao ; Shang, Bingbing",2025,Behavioral Sciences (2076-328X),10.3390/bs15050702,MDPI,Behavioral Sciences (2076-328X),TRUE,,,,TRUE,"d Model Driven by Perceived Overqualification Chuanhao Fan * and Bingbing Shang School of Business, Hohai University, Nanjing 211100, China; shangbingbing@hhu.edu.cn * Correspondence: fch@hhu.edu.cn; Tel.: +86-13770967; Dual-Path Integrated Model Driven by Perceived Overqualification Chuanhao Fan * and Bingbing Shang School of Business, Hohai University, Nanjing 211100, China; shangbingbing@hhu.edu.cn * Correspondence: fch@hhu.edu.cn; Tel.: +86-13770967",TRUE,TRUE,TRUE,FALSE,,ULMC; Harman single factor test,unmeasured latent method construct (ulmc); Harman's single factor test,not reported,64.52,TRUE,,,,,,TRUE,anonymity; temporal separation,FALSE,FALSE,FALSE,FALSE,,,,TRUE,TRUE,,,TRUE,,,,,,,,TRUE,,,FALSE,556,,,,,TRUE,no improvement in model fit with ULMC,,FALSE,,,CB-SEM,AMOS,,,,,,,AI-autonomous pre-fill (>=4 key fields); spot-check recommended; method_variance_pct not reported in PDF,M0220,extract_ebsco_on_hand_batch.py 2026-06-26,ai_autonomous
M0222,"Olson, Kristine J. (2025) - Men’s experiences of family supportive supervisor behavior through the lens of g...","Olson, Kristine J. ; Leiva, Pedro ; Huffman, Ann ; Wolburg Martinez, Fernanda",2025,"Community, Work & Family",10.1080/13668803.2025.2486127,Taylor & Francis,"Community, Work & Family",FALSE,,,,FALSE,,TRUE,TRUE,TRUE,FALSE,,ULMC,unmeasured latent method construct (ulmc),not reported,,FALSE,,,,,,TRUE,anonymity,FALSE,FALSE,FALSE,FALSE,,,,TRUE,,,,,,,,TRUE,,,,,,TRUE,FALSE,366,,28,,,FALSE,,,FALSE,,,CB-SEM,LISREL,,,,,,,AI-autonomous pre-fill (>=4 key fields); spot-check recommended; method_variance_pct not reported in PDF,M0222,extract_ebsco_on_hand_batch.py 2026-06-26,ai_autonomous
M0223,"Cavallari, Elena (2025) - Coping in the Face of Verbal Aggression: The Role of Self-Efficacy in Protecting...","Cavallari, Elena ; Setti, Ilaria ; Curcuruto, Matteo ; Sommovigo, Valentina",2025,Behavioral Sciences (2076-328X),10.3390/bs15040478,MDPI,Behavioral Sciences (2076-328X),TRUE,,,,FALSE,,TRUE,TRUE,TRUE,FALSE,,ULMC; Harman single factor test,unmeasured latent method construct (ulmc); Harman's single factor test,not reported,36.41,TRUE,,,,,,TRUE,anonymity; distinct_sources_other,FALSE,FALSE,TRUE,FALSE,,,,,,,,,,,TRUE,,,,,,,,FALSE,201,,5,,concern - method bias and found it unlikely to pose a significant,FALSE,,,TRUE,,,CB-SEM,Mplus,,,,,,,AI-autonomous pre-fill (>=4 key fields); spot-check recommended; method_variance_pct not reported in PDF,M0223,extract_ebsco_on_hand_batch.py 2026-06-26,ai_autonomous
M0229,"Yu, Xuan (2026) - Workplace ostracism and political behavior: a moderated mediation model of moral...","Yu, Xuan ; Yang, Maoting ; Zhang, Hantai",2026,Frontiers in Psychology,10.3389/fpsyg.2026.1838746,Frontiers,Frontiers in Psychology,FALSE,,,,FALSE,,TRUE,TRUE,TRUE,FALSE,,ULMC; Harman single factor test,unmeasured latent method construct (ulmc); Harman's single factor test,not reported,46.38,TRUE,,,,,,TRUE,temporal separation; attention checks,FALSE,FALSE,FALSE,FALSE,,,,,,,,,,,,,,,,,,,FALSE,408,14,,,,FALSE,,,FALSE,,,CB-SEM,Mplus,,,,,,,AI-autonomous pre-fill (>=4 key fields); spot-check recommended; method_variance_pct not reported in PDF,M0229,extract_ebsco_on_hand_batch.py 2026-06-26,ai_autonomous
M0233,"Yan, Haitao (2026) - The cognitive engine of evaluative threat: socially prescribed perfectionism and...","Yan, Haitao ; Liu, Chang",2026,Frontiers in Psychology,10.3389/fpsyg.2026.1782906,Frontiers,Frontiers in Psychology,FALSE,,,,FALSE,,TRUE,TRUE,TRUE,FALSE,,ULMC; Harman single factor test,unmeasured latent method construct (ulmc); Harman's single factor test,not reported,95.0,TRUE,,,,,,TRUE,anonymity; distinct_sources_other,FALSE,FALSE,TRUE,FALSE,,,,TRUE,,,,,,,,TRUE,TRUE,,,,,TRUE,FALSE,606,,33,,,FALSE,,,FALSE,,,CB-SEM,AMOS,,,,,,,AI-autonomous pre-fill (>=4 key fields); spot-check recommended; method_variance_pct not reported in PDF,M0233,extract_ebsco_on_hand_batch.py 2026-06-26,ai_autonomous
M0234,"Chen, Yunpeng (2026) - Analysis of hospital resilience in public health emergencies using structural eq...","Chen, Yunpeng ; Wu, Hao",2026,Frontiers in Public Health,10.3389/fpubh.2026.1819684,Frontiers,Frontiers in Public Health,FALSE,,,,FALSE,,TRUE,TRUE,TRUE,FALSE,,ULMC; Harman single factor test,unmeasured latent method construct (ulmc); Harman's single factor test,not reported,31.8,TRUE,,,,,,TRUE,anonymity; temporal separation; item pretesting; distinct_sources_other,FALSE,FALSE,TRUE,FALSE,,,,TRUE,TRUE,86.74,,,,,,TRUE,,TRUE,,TRUE,,TRUE,FALSE,110,2,5,2.5,,FALSE,,,FALSE,,,CB-SEM,Mplus,,,,,,,AI-autonomous pre-fill (>=4 key fields); spot-check recommended; method_variance_pct not reported in PDF,M0234,extract_ebsco_on_hand_batch.py 2026-06-26,ai_autonomous
M0237,"Liu, Yanru (2026) - When artificial intelligence becomes a job resource: how psychological capital f...","Liu, Yanru ; Tian, Qing ; Chen, Jiachun",2026,Frontiers in Psychology,10.3389/fpsyg.2026.1740508,Frontiers,Frontiers in Psychology,FALSE,,,,TRUE,"ovation in algorithm-driven workplaces Yanru Liu , Qing Tian * and Jiachun Chen School of Business, Macau University of Science & Technology, Taipa, Macao SAR, China Introduction: This paper examines the relationship b; capital fuels innovation in algorithm-driven workplaces Yanru Liu , Qing Tian * and Jiachun Chen School of Business, Macau University of Science & Technology, Taipa, Macao SAR, China Introduction: This paper examines the relationship b",TRUE,TRUE,TRUE,FALSE,,ULMC; Harman single factor test,unmeasured latent method construct (ulmc); Harman's single factor test,3.0,32.24,TRUE,,,,,,TRUE,anonymity; temporal separation; distinct_sources_other,FALSE,FALSE,TRUE,FALSE,,,,TRUE,TRUE,0.273,,,,,,,,,,TRUE,,,FALSE,449,4,24,6.0,not a concern - method bias was not serious,FALSE,,,TRUE,,,CB-SEM,Mplus,,,,,,,AI-autonomous pre-fill (>=4 key fields); spot-check recommended,M0237,extract_ebsco_on_hand_batch.py 2026-06-26,ai_autonomous
M0238,"Thi Tuyet Le, Trinh (2026) - A Bayesian analysis of determinants of open science utilization among Gen Z stud...","Thi Tuyet Le, Trinh ; Nguyen, Ho ; Le, Minh-Cuong ; Vo, Mai Xuan ; Pham, Thi-Quynh ; Ho, Manh-Tung ; Nguyen, Hong-Kong T.",2026,Discover Education,10.1007/s44217-026-01667-8,Springer,Discover Education,FALSE,,,,FALSE,,TRUE,TRUE,TRUE,FALSE,,ULMC; Harman single factor test; Lindell & Whitney marker variable,unmeasured latent method construct (ulmc); Harman's single factor test,not reported,69.0,TRUE,,,,,,FALSE,none reported,FALSE,FALSE,FALSE,FALSE,,,,TRUE,,,,TRUE,,,,TRUE,TRUE,TRUE,,,,TRUE,FALSE,1422,2,17,8.5,concern - method bias (CMB) diagnostics revealed substantial,FALSE,,,FALSE,,,CB-SEM,Lavaan,,,,,,,AI-autonomous pre-fill (>=4 key fields); spot-check recommended; method_variance_pct not reported in PDF; procedural_remedies none reported in PDF,M0238,extract_ebsco_on_hand_batch.py 2026-06-26,ai_autonomous
M0240,"Li, Tianjiao (2026) - The impact of shipping practitioners' low-carbon transition cognition on corpora...","Li, Tianjiao ; Chen, Qiong ; Lau, Yui-Yip",2026,Frontiers in Marine Science,10.3389/fmars.2026.1819880,Frontiers,Frontiers in Marine Science,FALSE,,,,FALSE,,TRUE,TRUE,TRUE,FALSE,,ULMC; Harman single factor test,unmeasured latent method construct (ulmc); Harman's single factor test,not reported,28.91,TRUE,,,,,,TRUE,anonymity; item pretesting; attention checks; distinct_sources_other,FALSE,FALSE,TRUE,FALSE,,,,,,,,,,,,,,TRUE,,,,,FALSE,89,3,12,4.0,not a concern - method bias does not pose a serious,FALSE,,,TRUE,,,CB-SEM,AMOS,,,,,,,AI-autonomous pre-fill (>=4 key fields); spot-check recommended; method_variance_pct not reported in PDF,M0240,extract_ebsco_on_hand_batch.py 2026-06-26,ai_autonomous
M0241,"Bi, Zhuoying (2026) - From physical workplaces to virtual communities: extending the job embeddedness ...","Bi, Zhuoying ; Liu, Xiao ; Yang, Jiaoping",2026,Frontiers in Psychology,10.3389/fpsyg.2026.1815824,Frontiers,Frontiers in Psychology,FALSE,,,,FALSE,,TRUE,TRUE,TRUE,FALSE,,ULMC; Harman single factor test,unmeasured latent method construct (ulmc); Harman's single factor test,not reported,35.86,TRUE,,,,,,TRUE,distinct_sources_other,FALSE,FALSE,TRUE,FALSE,,,,,,,,,,,,,,,,,,,FALSE,58,3,37,12.33,,FALSE,,,FALSE,,,,SPSS,,,,,,,AI-autonomous pre-fill (>=4 key fields); spot-check recommended; method_variance_pct not reported in PDF,M0241,extract_ebsco_on_hand_batch.py 2026-06-26,ai_autonomous
M0243,"Wang, Haizhen (2026) - Provoking or backfiring? A contingent model of how abusive supervision influence...","Wang, Haizhen ; An, Ge ; Xu, Jiajia ; Ding, Lin ; Chen, Jie",2026,Frontiers in Psychology,10.3389/fpsyg.2026.1532064,Frontiers,Frontiers in Psychology,FALSE,,,,FALSE,,TRUE,TRUE,TRUE,FALSE,,ULMC; Harman single factor test,unmeasured latent method construct (ulmc); Harman's single factor test,not reported,26.0,TRUE,,,,,,TRUE,anonymity; temporal separation; attention checks,FALSE,FALSE,FALSE,FALSE,,,,,,,,TRUE,,,,,,,,,,,FALSE,189,,5,,,FALSE,,,FALSE,,,CB-SEM,Mplus,,,,,,,AI-autonomous pre-fill (>=4 key fields); spot-check recommended; method_variance_pct not reported in PDF,M0243,extract_ebsco_on_hand_batch.py 2026-06-26,ai_autonomous
M0245,"Ma, Linlin (2026) - Latent Profile Analysis of Family Resilience and Its Associated Factors in Maint...","Ma, Linlin ; Su, Zhenzhen ; Luo, Yanfang ; Chen, Xueru ; Liu, Kangping ; Liu, Zhimin ; Xia, Fei ; Sun, Renjuan ; Wang, Jiao",2026,Journal of Multidisciplinary Healthcare,10.2147/jmdh.s608329,NA,Journal of Multidisciplinary Healthcare,FALSE,,,,FALSE,,TRUE,TRUE,TRUE,FALSE,,ULMC; Harman single factor test,unmeasured latent method construct (ulmc); Harman's single factor test,not reported,11.13,TRUE,,,,,,TRUE,anonymity,FALSE,FALSE,FALSE,FALSE,,,,,,,,TRUE,,,,,,,,,,,FALSE,72,,20,,,FALSE,,,FALSE,,,CB-SEM,Mplus,,,,,,,AI-autonomous pre-fill (>=4 key fields); spot-check recommended; method_variance_pct not reported in PDF,M0245,extract_ebsco_on_hand_batch.py 2026-06-26,ai_autonomous
M0246,"Ko, Sung-Hoon (2026) - Why perceived organizational virtue matters: a psychological mechanism.","Ko, Sung-Hoon",2026,Frontiers in Psychology,10.3389/fpsyg.2026.1788145,Frontiers,Frontiers in Psychology,FALSE,,,,FALSE,,TRUE,TRUE,TRUE,FALSE,,ULMC; Harman single factor test; Lindell & Whitney marker variable,unmeasured latent method construct (ulmc); Harman's single factor test,not reported,40.0,TRUE,,,,,,TRUE,procedural remedies cited,FALSE,FALSE,FALSE,FALSE,,,,TRUE,TRUE,345.512,,TRUE,,,,TRUE,,,,TRUE,,TRUE,FALSE,320,3,13,4.33,concern - method bias is unlikely to pose a serious,FALSE,,,TRUE,,,CB-SEM,AMOS,,,,,,,AI-autonomous pre-fill (>=4 key fields); spot-check recommended; method_variance_pct not reported in PDF,M0246,extract_ebsco_on_hand_batch.py 2026-06-26,ai_autonomous
M0249,"Ayesha, Benazir (2026) - Leadership avoidance as a rational choice among women instructors in higher educ...","Ayesha, Benazir ; Wen, Bo ; Li, Yuan ; Ahmed, Fawad",2026,Frontiers in Psychology,10.3389/fpsyg.2026.1767636,Frontiers,Frontiers in Psychology,FALSE,,,,FALSE,,TRUE,TRUE,TRUE,FALSE,,ULMC; Lindell & Whitney marker variable,unmeasured latent method construct (ulmc),not reported,,FALSE,,,,,,TRUE,anonymity; temporal separation; distinct_sources_other,FALSE,FALSE,TRUE,TRUE,,,,TRUE,TRUE,22.2,,TRUE,,,,TRUE,,,,TRUE,,TRUE,FALSE,229,,6,,concern - CMV is unlikely,FALSE,,,TRUE,,,CB-SEM,Mplus,,,,,,,AI-autonomous pre-fill (>=4 key fields); spot-check recommended; method_variance_pct not reported in PDF,M0249,extract_ebsco_on_hand_batch.py 2026-06-26,ai_autonomous
M0250,"Zuo, Mingzhang (2026) - The pathways to teacher growth: mediating roles of motivation and self-efficacy ...","Zuo, Mingzhang ; Yang, Dengfeng ; Xiang, Lei ; Yang, Zhimiao",2026,Frontiers in Psychology,10.3389/fpsyg.2026.1755265,Frontiers,Frontiers in Psychology,FALSE,,,,FALSE,,TRUE,TRUE,TRUE,FALSE,,ULMC; Harman single factor test,unmeasured latent method construct (ulmc); Harman's single factor test,not reported,34.9,TRUE,,,,,,TRUE,anonymity,FALSE,FALSE,FALSE,FALSE,,,,,,,,,,,,,,,,,,,FALSE,1298,,8,,not a concern - method bias did not pose a serious,FALSE,,,FALSE,,,,R,,,,,,,AI-autonomous pre-fill (>=4 key fields); spot-check recommended; method_variance_pct not reported in PDF,M0250,extract_ebsco_on_hand_batch.py 2026-06-26,ai_autonomous
M0257,"Kho, Madison C. (2026) - Supervisors as Enhancers of Workplace Resilience Training: Promoting Training Tr...","Kho, Madison C. ; Crane, Monique F.",2026,Journal of Personnel Psychology,10.1027/1866-5888/a000384,NA,Journal of Personnel Psychology,FALSE,,,,FALSE,,TRUE,TRUE,TRUE,FALSE,,ULMC; Harman single factor test,unmeasured latent method construct (ulmc); Harman's single factor test,not reported,50.0,TRUE,,,,,,TRUE,anonymity; attention checks,FALSE,FALSE,FALSE,FALSE,,,,TRUE,TRUE,,,TRUE,,,,,,,,TRUE,,,FALSE,93,,,,,TRUE,Harman single factor below 50%; no improvement in model fit with ULMC,,FALSE,,,CB-SEM,Lavaan,,,,,,,AI-autonomous pre-fill (>=4 key fields); spot-check recommended; method_variance_pct not reported in PDF,M0257,extract_ebsco_on_hand_batch.py 2026-06-26,ai_autonomous
M0260,"Shen, Junjie (2026) - Algorithm aversion among workers in on-demand platforms: an exploration in the c...","Shen, Junjie ; Niu, Yanping ; Guo, Ziqing ; Chai, Yandong",2026,Management System Engineering,10.1007/s44176-026-00060-x,Springer,Management System Engineering,FALSE,,,,NA,,TRUE,TRUE,TRUE,FALSE,,ULMC,unmeasured latent method construct (ulmc),not reported,,FALSE,,,,,,FALSE,none reported,FALSE,FALSE,FALSE,FALSE,,,,,,,,,,,TRUE,,,,,,,,FALSE,396,,,,not a concern - method bias was not a significant,FALSE,,,TRUE,,,CB-SEM,AMOS,,,,,,,AI-autonomous pre-fill (>=4 key fields); spot-check recommended; method_variance_pct not reported in PDF; procedural_remedies none reported in PDF,M0260,extract_ebsco_on_hand_batch.py 2026-06-26,ai_autonomous
M0261,"Wang, Zhen (2026) - When Leader Expectations Inspire and When They Overwhelm: The Role of Growth Min...","Wang, Zhen ; Chen, Huan",2026,Journal of Business & Psychology,10.1007/s10869-025-10040-9,Springer,Journal of Business & Psychology,FALSE,,,,NA,,TRUE,TRUE,TRUE,FALSE,,ULMC; Harman single factor test,unmeasured latent method construct (ulmc); Harman's single factor test,5.0,5.0,TRUE,,,,,,TRUE,anonymity; temporal separation; attention checks; distinct_sources_other,FALSE,FALSE,TRUE,FALSE,,,,,,,,,,,,,,,,,,,FALSE,1361,,,,concern - CMB is unlikely,FALSE,,,TRUE,,,CB-SEM,Mplus,,,,,,,AI-autonomous pre-fill (>=4 key fields); spot-check recommended,M0261,extract_ebsco_on_hand_batch.py 2026-06-26,ai_autonomous
M0262,"Ha, Hyesong (2026) - Digitalization and Employee Health and Well-Being During COVID-19.","Ha, Hyesong ; Raghavan, Aarthi ; Demircioglu, Mehmet Akif ; Hur, Hyunkang",2026,Administrative Sciences (2076-3387),10.3390/admsci16030156,MDPI,Administrative Sciences (2076-3387),TRUE,,,,TRUE,"n University, Ottawa, ON K1S 5B6, Canada; mehmetdemircioglu@cunet.carleton.ca 4 School of Business, Indiana University Kokomo, Kokomo, IN 46902, USA * Correspondence: hyunhur@iu.edu; rleton University, Ottawa, ON K1S 5B6, Canada; mehmetdemircioglu@cunet.carleton.ca 4 School of Business, Indiana University Kokomo, Kokomo, IN 46902, USA * Correspondence: hyunhur@iu.edu",TRUE,TRUE,TRUE,FALSE,,ULMC; Harman single factor test,unmeasured latent method construct (ulmc); Harman's single factor test,not reported,46.6,TRUE,,,,,,TRUE,anonymity; procedural remedies cited,FALSE,FALSE,FALSE,FALSE,,,,,,,,,,,,,,,,,,,FALSE,1433,,,,,FALSE,,,FALSE,,,CB-SEM,Stata,,,,,,,AI-autonomous pre-fill (>=4 key fields); spot-check recommended; method_variance_pct not reported in PDF,M0262,extract_ebsco_on_hand_batch.py 2026-06-26,ai_autonomous
M0264,"Yıldırım, Emre (2026) - Antecedents and Consequences of Customized Product Value.","Yıldırım, Emre ; Nart, Sima ; Karatepe, Osman M.",2026,Journal of Theoretical & Applied Electronic Commerce Research,10.3390/jtaer21030076,MDPI,Journal of Theoretical & Applied Electronic Commerce Research,TRUE,,,,TRUE,"tomized Product Value Emre Yıldırım 1,* , Sima Nart 1 and Osman M. Karatepe 2 1 Business School, Sakarya University, 54050 Sakarya, Türkiye; snart@sakarya.edu.tr 2 Faculty of Tourism, Eastern Mediterranean Universit",TRUE,TRUE,TRUE,FALSE,,ULMC; Harman single factor test,unmeasured latent method construct (ulmc); Harman's single factor test,not reported,,TRUE,,,,,,TRUE,anonymity; distinct_sources_other,FALSE,FALSE,TRUE,FALSE,,,,,,,,,,,,,,,,,,,FALSE,32,,,,,FALSE,,,,,,CB-SEM,LISREL,,,,,,,AI-autonomous pre-fill (>=4 key fields); spot-check recommended; method_variance_pct not reported in PDF,M0264,extract_ebsco_on_hand_batch.py 2026-06-26,ai_autonomous
M0265,"Zhang, Qin (2026) - Hedonic Beats Utilitarian: Differential Effects of AI Chatbots and AR/VR on Cons...","Zhang, Qin ; Abdullah, Firdaus",2026,Journal of Theoretical & Applied Electronic Commerce Research,10.3390/jtaer21020060,MDPI,Journal of Theoretical & Applied Electronic Commerce Research,TRUE,,,,TRUE,"/VR on Consumer Engagement in E-Commerce Qin Zhang 1 and Firdaus Abdullah 2,* 1 Faculty of Business and Management, Universiti Teknologi MARA (UiTM), Shah Alam 40450, Selangor, Malaysia; 2022857222@student.uitm.edu.my 2; A (UiTM), Shah Alam 40450, Selangor, Malaysia; 2022857222@student.uitm.edu.my 2 Faculty of Business and Management, Universiti Teknologi MARA (UiTM) Cawangan Sarawak, Kota Samarahan 94300, Sarawak, Malaysia * Correspond",TRUE,TRUE,TRUE,FALSE,,ULMC; Harman single factor test; Lindell & Whitney marker variable,unmeasured latent method construct (ulmc); Harman's single factor test,not reported,34.2,TRUE,,,,,,TRUE,anonymity; item pretesting; attention checks; procedural remedies cited; distinct_sources_other,FALSE,FALSE,TRUE,FALSE,,,,TRUE,,,,,,,TRUE,TRUE,,TRUE,,,,TRUE,FALSE,486,,,,,FALSE,,,FALSE,,,CB-SEM,AMOS,,,,,,,AI-autonomous pre-fill (>=4 key fields); spot-check recommended; method_variance_pct not reported in PDF,M0265,extract_ebsco_on_hand_batch.py 2026-06-26,ai_autonomous
M0266,"Miao, Qing (2026) - 'Volunteers are incompetent': how the stereotype of incompetence impacts new vol...","Miao, Qing ; Huang, Jinhao ; He, Yuhang ; Pan, Chao",2026,Public Management Review,10.1080/14719037.2024.2436049,Taylor & Francis,Public Management Review,FALSE,,,,FALSE,,TRUE,TRUE,TRUE,FALSE,,ULMC; Harman single factor test,unmeasured latent method construct (ulmc); Harman's single factor test,not reported,29.41,TRUE,,,,,,TRUE,anonymity; distinct_sources_other,FALSE,FALSE,TRUE,FALSE,,,,,,,,,,,,,,,,,,,FALSE,170,,,,,FALSE,,,FALSE,,,CB-SEM,Lavaan,,,,,,,AI-autonomous pre-fill (>=4 key fields); spot-check recommended; method_variance_pct not reported in PDF,M0266,extract_ebsco_on_hand_batch.py 2026-06-26,ai_autonomous
M0267,"Song, Yao (2025) - Linking Developmental HRM to Organizational Dehumanization Among Nurses: Work Me...","Song, Yao ; Liu, Yang ; Li, Shanshan ; Colet, Paolo C.",2025,Journal of Nursing Management,10.1155/jonm/8009052,NA,Journal of Nursing Management,FALSE,,,,FALSE,,TRUE,TRUE,TRUE,FALSE,,ULMC,unmeasured latent method construct (ulmc),not reported,,FALSE,,,,,TRUE,TRUE,anonymity; temporal separation; attention checks; distinct_sources_other,FALSE,FALSE,TRUE,FALSE,,,,,,,,,,,,,,,,,,,FALSE,311,3,21,7.0,concern - CMB had a minimal,FALSE,,,TRUE,,,CB-SEM,Mplus,,,,,,,AI-autonomous pre-fill (>=4 key fields); spot-check recommended; method_variance_pct not reported in PDF,M0267,extract_ebsco_on_hand_batch.py 2026-06-26,ai_autonomous
M0270,"Hörisch, Jacob (2024) - The impact of biodiversity information on willingness to pay.","Hörisch, Jacob ; Petersen, Lars ; Jacobs, Kathleen",2024,Journal of Industrial Ecology,10.1111/jiec.13552,Wiley,Journal of Industrial Ecology,FALSE,,,,FALSE,,TRUE,TRUE,TRUE,FALSE,,ULMC,unmeasured latent method construct (ulmc),not reported,,FALSE,,,,,,TRUE,temporal separation; attention checks,FALSE,FALSE,FALSE,FALSE,,,,,,,,,,,,,,,,,,,FALSE,524,,,,,FALSE,,,FALSE,,,CB-SEM,Mplus,,,,,,,AI-autonomous pre-fill (>=4 key fields); spot-check recommended; method_variance_pct not reported in PDF,M0270,extract_ebsco_on_hand_batch.py 2026-06-26,ai_autonomous
M0271,"Tu, Yan (2024) - Tasks at hand or more challenges: The roles of regulatory focus and job insecuri...","Tu, Yan ; Wang, Hai‐Jiang ; Jiang, Lixin ; De Witte, Hans ; Long, Lirong",2024,Journal of Occupational & Organizational Psychology,10.1111/joop.12533,Wiley,Journal of Occupational & Organizational Psychology,FALSE,,,,TRUE,"North-West University, Vanderbijlpark, South Africa Correspondence Lirong Long, School of Management, Huazhong University of Science and Technology, Luoyu Road 1037, Wuhan, China. Email: lrlong@mail.hust.edu.cn",TRUE,TRUE,TRUE,FALSE,,ULMC,unmeasured latent method construct (ulmc),3.0,,FALSE,,,,,,TRUE,temporal separation,FALSE,FALSE,FALSE,FALSE,,,,,,,,,,,,,,,,,,,FALSE,275,,,,not a concern - method variance is not a serious,FALSE,,,FALSE,,,CB-SEM,Mplus,,,,,,,AI-autonomous pre-fill (>=4 key fields); spot-check recommended,M0271,extract_ebsco_on_hand_batch.py 2026-06-26,ai_autonomous
M0272,"Magrone, Monica (2024) - A New Look at Job Demands, Resources, and Volunteers' Intentions to Leave: The R...","Magrone, Monica ; Montani, Francesco ; Emili, Silvia ; Bakker, Arnold B. ; Sommovigo, Valentina",2024,Voluntas: International Journal of Voluntary & Nonprofit Organizations,10.1007/s11266-024-00679-y,Springer,Voluntas: International Journal of Voluntary & Nonprofit Organizations,FALSE,,,,NA,,TRUE,TRUE,TRUE,FALSE,,ULMC,unmeasured latent method construct (ulmc),3.0,,FALSE,,,,,,TRUE,anonymity; counterbalancing,FALSE,FALSE,FALSE,FALSE,,,,,,,,,,,,,,TRUE,,,,,FALSE,220,,,,,FALSE,,,TRUE,,,CB-SEM,Lavaan,,,,,,,AI-autonomous pre-fill (>=4 key fields); spot-check recommended,M0272,extract_ebsco_on_hand_batch.py 2026-06-26,ai_autonomous
M0275,"Zhou, Mi (2024) - Vitality and learning: the impact of mobile technology use across work–nonwork b...","Zhou, Mi ; Liu, Wei ; Fan, Weiguo",2024,Behaviour & Information Technology,10.1080/0144929x.2023.2262605,Taylor & Francis,Behaviour & Information Technology,FALSE,,,,TRUE,"nagement, Xi'an Jiaotong University, Xi'an, People's Republic of China; bTippie College of Business, University of Iowa, Iowa City, IA, USA",TRUE,TRUE,TRUE,FALSE,,ULMC; Harman single factor test,unmeasured latent method construct (ulmc); Harman's single factor test,not reported,22.29,TRUE,,,,,,TRUE,anonymity; temporal separation,FALSE,FALSE,FALSE,FALSE,,,,,,,,,,,,,,,,,,,FALSE,329,,,,not a concern - method bias does not appear to be a serious,FALSE,,,FALSE,,,CB-SEM,AMOS,,,,,,,AI-autonomous pre-fill (>=4 key fields); spot-check recommended; method_variance_pct not reported in PDF,M0275,extract_ebsco_on_hand_batch.py 2026-06-26,ai_autonomous
M0280,"Yan, Jihong (2026) - The mediating role of professional self-concept in how teacher professional deve...","Yan, Jihong ; Dai, Xinyu",2026,Frontiers in Psychology,10.3389/fpsyg.2026.1767900,Frontiers,Frontiers in Psychology,FALSE,,,,FALSE,,TRUE,TRUE,TRUE,FALSE,,ULMC; Harman single factor test,unmeasured latent method construct (ulmc); Harman's single factor test,not reported,38.7,TRUE,,,,,,TRUE,anonymity; counterbalancing; procedural remedies cited,FALSE,FALSE,FALSE,FALSE,,,,,,,,,,,,,,,,,,,FALSE,642,3,23,7.67,,FALSE,,,FALSE,,,CB-SEM,AMOS,,,,,,,AI-autonomous pre-fill (>=4 key fields); spot-check recommended; method_variance_pct not reported in PDF,M0280,extract_ebsco_on_hand_batch.py 2026-06-26,ai_autonomous
M0285,"Chen, Wei (2026) - Positive emotional cues at work: how customer empowering behavior promotes proac...","Chen, Wei ; Yao, Kai ; Fan, Zhaoying",2026,Frontiers in Psychology,10.3389/fpsyg.2026.1734905,Frontiers,Frontiers in Psychology,FALSE,,,,FALSE,,TRUE,TRUE,TRUE,FALSE,,ULMC; Harman single factor test,unmeasured latent method construct (ulmc); Harman's single factor test,not reported,17.18,TRUE,,,,,,TRUE,temporal separation; distinct_sources_other,FALSE,FALSE,TRUE,FALSE,,,,,,,,,,,,,,,,,,,FALSE,236,,6,,,FALSE,,,FALSE,,,CB-SEM,AMOS,,,,,,,AI-autonomous pre-fill (>=4 key fields); spot-check recommended; method_variance_pct not reported in PDF,M0285,extract_ebsco_on_hand_batch.py 2026-06-26,ai_autonomous
M0290,"Dong, Xuetong (2026) - How relationship-oriented behavior influences employee voice-silence conversion ...","Dong, Xuetong ; Xing, Luling",2026,Frontiers in Psychology,10.3389/fpsyg.2025.1662897,Frontiers,Frontiers in Psychology,FALSE,,,,FALSE,,TRUE,TRUE,TRUE,FALSE,,ULMC; Harman single factor test,unmeasured latent method construct (ulmc); Harman's single factor test,not reported,28.4,TRUE,,,,,,TRUE,anonymity; temporal separation; item pretesting; counterbalancing; procedural remedies cited; multisource_same_construct,TRUE,FALSE,FALSE,FALSE,,,,TRUE,TRUE,3.21,,,,,,,,,,TRUE,,,FALSE,342,,,,,FALSE,,,TRUE,,,CB-SEM,AMOS,,,,,,,AI-autonomous pre-fill (>=4 key fields); spot-check recommended; method_variance_pct not reported in PDF,M0290,extract_ebsco_on_hand_batch.py 2026-06-26,ai_autonomous
M0292,"Gong, Zhenxing (2026) - From retention to turnover: the paradoxical role of career optimism and the mode...","Gong, Zhenxing ; Lu, Yue ; Li, Miaomiao",2026,Frontiers in Psychology,10.3389/fpsyg.2025.1706367,Frontiers,Frontiers in Psychology,FALSE,,,,FALSE,,TRUE,TRUE,TRUE,FALSE,,ULMC,unmeasured latent method construct (ulmc),not reported,,FALSE,,,,,,TRUE,anonymity; temporal separation; distinct_sources_other,FALSE,FALSE,TRUE,FALSE,,,,,,,,,,,,,,,,,,,FALSE,370,,6,,,FALSE,,,FALSE,,,CB-SEM,Mplus,,,,,,,AI-autonomous pre-fill (>=4 key fields); spot-check recommended; method_variance_pct not reported in PDF,M0292,extract_ebsco_on_hand_batch.py 2026-06-26,ai_autonomous
M0294,"Wang, Pengyuan (2026) - Psychological pathways between leadership behavior and work-family balance: the ...","Wang, Pengyuan ; Lyu, Bei ; Yang, Qing ; Wan, Qiang",2026,Frontiers in Psychology,10.3389/fpsyg.2025.1626218,Frontiers,Frontiers in Psychology,FALSE,,,,FALSE,,TRUE,TRUE,TRUE,FALSE,,ULMC; Harman single factor test,unmeasured latent method construct (ulmc); Harman's single factor test,not reported,28.7,TRUE,,,,,,TRUE,anonymity; temporal separation; item pretesting; counterbalancing; procedural remedies cited; distinct_sources_other,FALSE,FALSE,TRUE,FALSE,,,,TRUE,TRUE,2,,TRUE,,,,,,,,TRUE,,,FALSE,30,2,15,7.5,,FALSE,,,TRUE,,,CB-SEM,AMOS,,,,,,,AI-autonomous pre-fill (>=4 key fields); spot-check recommended; method_variance_pct not reported in PDF,M0294,extract_ebsco_on_hand_batch.py 2026-06-26,ai_autonomous
M0296,"Wang, Jia (2026) - Influencing factors and mediating mechanisms of job crafting in clinical nursing...","Wang, Jia ; Li, Yaru ; Sun, Jiaxin ; Cui, Yajuan ; Su, Mei ; Tang, Peijuan ; Wang, Yanting ; Hu, Yuchong ; Chang, Wenzhong ; Wang, Yanli",2026,Frontiers in Public Health,10.3389/fpubh.2025.1711339,Frontiers,Frontiers in Public Health,FALSE,,,,FALSE,,TRUE,TRUE,TRUE,FALSE,,ULMC; Harman single factor test,unmeasured latent method construct (ulmc); Harman's single factor test,not reported,,TRUE,,,,,,TRUE,attention checks; distinct_sources_other,FALSE,FALSE,TRUE,FALSE,,,,,,,,TRUE,,,,,,,,,,,FALSE,1273,5,21,4.2,,FALSE,,,FALSE,,,CB-SEM,Mplus,,,,,,,AI-autonomous pre-fill (>=4 key fields); spot-check recommended; method_variance_pct not reported in PDF,M0296,extract_ebsco_on_hand_batch.py 2026-06-26,ai_autonomous
M0299,"Du, Yana (2025) - Job crafting towards strengths and interests: how overqualification enhances cre...","Du, Yana ; Luo, Jinlian ; Su, Yaqi",2025,Service Industries Journal,10.1080/02642069.2025.2457548,Taylor & Francis,Service Industries Journal,FALSE,,,,FALSE,,TRUE,TRUE,TRUE,FALSE,,ULMC,unmeasured latent method construct (ulmc),not reported,,FALSE,,,,,,TRUE,anonymity,FALSE,FALSE,FALSE,FALSE,,,,,,,,,,,,,,,,,,,FALSE,507,,34,,,FALSE,,,FALSE,,,CB-SEM,Mplus,,,,,,,AI-autonomous pre-fill (>=4 key fields); spot-check recommended; method_variance_pct not reported in PDF,M0299,extract_ebsco_on_hand_batch.py 2026-06-26,ai_autonomous
M0300,"Xiao, Qijie (2025) - To build a thriving workforce: unpacking the relationship between well-being-ori...","Xiao, Qijie ; Goh, Zen ; Cai, Yujie",2025,International Journal of Human Resource Management,10.1080/09585192.2026.2615719,Taylor & Francis,International Journal of Human Resource Management,FALSE,,,,TRUE,"ina; cDepartment of Management, Monash University, Melbourne, Australia; dSKEMA Business School, China Campus, Suzhou, China; of Science and Technology, Zhengzhou, China; bMonash Suzhou Research Institute, Department of Management, Monash University, Suzhou, China; cDepartment of Management, Monash University, Melbourne, Australia; dSKEMA Business",TRUE,TRUE,TRUE,FALSE,,ULMC,unmeasured latent method construct (ulmc),not reported,,FALSE,,,,FALSE,,TRUE,anonymity; temporal separation; distinct_sources_other,FALSE,FALSE,TRUE,FALSE,,,,,,,,,,,,,,,,,,,FALSE,400,,31,,,TRUE,no improvement in model fit with ULMC,,FALSE,,,CB-SEM,AMOS,,,,,,,AI-autonomous pre-fill (>=4 key fields); spot-check recommended; method_variance_pct not reported in PDF,M0300,extract_ebsco_on_hand_batch.py 2026-06-26,ai_autonomous
M0301,"Zha, Xuanqi (2025) - The impact of enterprise–union coupling relationships on gig workers' well-being...","Zha, Xuanqi ; Hu, Enhua ; Yan, Ge ; Shan, Hongmei ; Wang, Ying",2025,International Journal of Human Resource Management,10.1080/09585192.2025.2602080,Taylor & Francis,International Journal of Human Resource Management,FALSE,,,,FALSE,,TRUE,TRUE,TRUE,FALSE,,ULMC,unmeasured latent method construct (ulmc),not reported,,FALSE,,,,,,TRUE,anonymity; distinct_sources_other,FALSE,FALSE,TRUE,FALSE,,,,,,,,TRUE,,,TRUE,,,,,,,,FALSE,192,,,,,FALSE,,,FALSE,,,CB-SEM,Mplus,,,,,,,AI-autonomous pre-fill (>=4 key fields); spot-check recommended; method_variance_pct not reported in PDF,M0301,extract_ebsco_on_hand_batch.py 2026-06-26,ai_autonomous
M0302,"Zhang, Haina (2025) - Relational leadership and work‒life balance: The moderated mediating role of rel...","Zhang, Haina ; Sun, Wei ; Tang, Guiyao",2025,Asia Pacific Journal of Management,10.1007/s10490-024-09995-9,Springer,Asia Pacific Journal of Management,FALSE,,,,NA,,TRUE,TRUE,TRUE,FALSE,,ULMC; Harman single factor test,unmeasured latent method construct (ulmc); Harman's single factor test,not reported,28.83,TRUE,,,,,,TRUE,temporal separation; distinct_sources_other,FALSE,FALSE,TRUE,FALSE,,,,,,,,TRUE,,,TRUE,,,,,,,,FALSE,431,,,,not a concern - method bias is not a significant,FALSE,,,FALSE,,,,SPSS,,,,,,,AI-autonomous pre-fill (>=4 key fields); spot-check recommended; method_variance_pct not reported in PDF,M0302,extract_ebsco_on_hand_batch.py 2026-06-26,ai_autonomous
M0303,"Xiang, Yilin (2025) - The Downside of Ethical Convictions: Why and When Employees Reduce Ethical Voice...","Xiang, Yilin ; Chen, Lu ; Sun, Xinyu ; Feng, Xin",2025,Journal of Business & Psychology,10.1007/s10869-024-10003-6,Springer,Journal of Business & Psychology,FALSE,,,,NA,,TRUE,TRUE,TRUE,FALSE,,ULMC; Harman single factor test,unmeasured latent method construct (ulmc); Harman's single factor test,not reported,35.41,TRUE,,,,,,TRUE,anonymity; temporal separation; distinct_sources_other,FALSE,FALSE,TRUE,FALSE,,,,,,,,,,,,,,,,,,,FALSE,281,,,,concern - method bias fails to serious,FALSE,,,FALSE,,,CB-SEM,Mplus,,,,,,,AI-autonomous pre-fill (>=4 key fields); spot-check recommended; method_variance_pct not reported in PDF,M0303,extract_ebsco_on_hand_batch.py 2026-06-26,ai_autonomous
M0304,"Garces‐Ayerbe, Concepción (2025) - How Much Does the Business Development of Circular Eco‐Efficient Practices Impro...","Garces‐Ayerbe, Concepción ; Rivera‐Torres, Pilar ; Darmandieu, Aurore",2025,"Business Ethics, the Environment & Responsibility",10.1111/beer.12768,Wiley,"Business Ethics, the Environment & Responsibility",FALSE,,,,NA,,TRUE,TRUE,TRUE,FALSE,,ULMC; Harman single factor test,unmeasured latent method construct (ulmc); Harman's single factor test,not reported,25.0,TRUE,,,,,,TRUE,distinct_sources_other,FALSE,FALSE,TRUE,FALSE,,,,,,,,,,,,,,,,,,,FALSE,14726,4,,,,FALSE,,,FALSE,,,CB-SEM,Mplus,,,,,,,AI-autonomous pre-fill (>=4 key fields); spot-check recommended; method_variance_pct not reported in PDF,M0304,extract_ebsco_on_hand_batch.py 2026-06-26,ai_autonomous
M0305,"Cai, Hongyi (2025) - Unpacking the Path from Knowledge Heterogeneity to Team Creativity: A Knowledge-...","Cai, Hongyi ; Zhao, Heng ; Huang, Yong",2025,Administrative Sciences (2076-3387),10.3390/admsci15110408,MDPI,Administrative Sciences (2076-3387),TRUE,,,,TRUE,"Capability Theory Perspective Hongyi Cai 1, Heng Zhao 2,* and Yong Huang 3,* 1 Business School, University of Shanghai for Science and Technology, Shanghai 200093, China 2 School of Economics and Management, Beijin; ol, University of Shanghai for Science and Technology, Shanghai 200093, China 2 School of Economics and Management, Beijing Jiaotong University, Beijing 100044, China 3 School of Public Administration, China University of Geosciences",TRUE,TRUE,TRUE,FALSE,,ULMC; Harman single factor test,unmeasured latent method construct (ulmc); Harman's single factor test,not reported,95.0,TRUE,,,,,,TRUE,anonymity; temporal separation,FALSE,FALSE,FALSE,FALSE,,,,,,,,,,,,,,,,,,,FALSE,203,,,,,FALSE,,,TRUE,,,CB-SEM,AMOS,,,,,,,AI-autonomous pre-fill (>=4 key fields); spot-check recommended; method_variance_pct not reported in PDF,M0305,extract_ebsco_on_hand_batch.py 2026-06-26,ai_autonomous
M0306,"Yan, Yihang (2025) - Reading Minds, Sparking Ideas: How Machiavellian Leaders Boost Team Creativity T...","Yan, Yihang ; Lei, Hongzhen ; Xiong, Hui ; Liu, Yuanzhe ; Qu, Xiaoqian",2025,Administrative Sciences (2076-3387),10.3390/admsci15100400,MDPI,Administrative Sciences (2076-3387),TRUE,,,,TRUE,"ng Yan , Hongzhen Lei * , Hui Xiong , Yuanzhe Liu and Xiaoqian Qu International Business School, Shaanxi Normal University, Xi'an 710062, China; yanyihang@snnu.edu.cn (Y.Y.); xionghui@snnu.edu.cn (H.X.); liuyuanzhe@",TRUE,TRUE,TRUE,FALSE,,ULMC; Harman single factor test,unmeasured latent method construct (ulmc); Harman's single factor test,not reported,32.69,TRUE,,,,,,TRUE,anonymity; multisource_same_construct,TRUE,FALSE,FALSE,FALSE,,,,,,,,,,,,,,,,,,,FALSE,379,,,,concern - CMB was unlikely,FALSE,,,TRUE,,,CB-SEM,Mplus,,,,,,,AI-autonomous pre-fill (>=4 key fields); spot-check recommended; method_variance_pct not reported in PDF,M0306,extract_ebsco_on_hand_batch.py 2026-06-26,ai_autonomous
M0307,"Wang, Siqi (2024) - The more you connect, the less you connect: An examination of the role of phubbi...","Wang, Siqi ; Rofcanin, Yasin ; Las Heras, Mireia ; Yalabik, Zeynep",2024,Journal of Occupational & Organizational Psychology,10.1111/joop.12503,Wiley,Journal of Occupational & Organizational Psychology,FALSE,,,,TRUE,"Society. Siqi Wang and Yasin Rofcanin contributed equally to this work. 1Aston Business School, Aston University, Birmingham, UK 2University of Bath, School of Management, Bath, UK 3IESE Business School, Barcelona; rsity, Birmingham, UK 2University of Bath, School of Management, Bath, UK 3IESE Business School, Barcelona, Spain Correspondence Siqi Wang, Aston Business School, Aston University, Birmingham, UK. Email: wangs10@ast; ath, UK 3IESE Business School, Barcelona, Spain Correspondence Siqi ",TRUE,TRUE,TRUE,FALSE,,ULMC,unmeasured latent method construct (ulmc),not reported,,FALSE,,,,,,TRUE,anonymity; procedural remedies cited,FALSE,FALSE,FALSE,FALSE,,,,TRUE,TRUE,179.01,,TRUE,,,,TRUE,,,,TRUE,,TRUE,FALSE,65,10,,,,FALSE,,,FALSE,,,CB-SEM,Mplus,,,,,,,AI-autonomous pre-fill (>=4 key fields); spot-check recommended; method_variance_pct not reported in PDF,M0307,extract_ebsco_on_hand_batch.py 2026-06-26,ai_autonomous
M0308,"Kong, Lingnan (2024) - The Impact of Empowering Leadership on Taking Charge Behaviors: Mediating Streng...","Kong, Lingnan ; Liu, Yang ; Ding, He ; Liu, Sha ; Yu, Shunkun",2024,Behavioral Sciences (2076-328X),10.3390/bs14080633,MDPI,Behavioral Sciences (2076-328X),TRUE,,,,TRUE,"ition Lingnan Kong 1,2,*, Yang Liu 1, He Ding 1,*, Sha Liu 2 and Shunkun Yu 1 1 School of Economics and Management, North China Electric Power University, No. 2, Bei Nong Road, Changping District, Beijing 102206, China 2 National Engi",TRUE,TRUE,TRUE,FALSE,,ULMC,unmeasured latent method construct (ulmc),4.0,,FALSE,,,,,,FALSE,none reported,FALSE,FALSE,FALSE,FALSE,,,,,,,,,,,,,,TRUE,,,,,FALSE,333,,5,,,FALSE,,,TRUE,,,CB-SEM,AMOS,,,,,,,AI-autonomous pre-fill (>=4 key fields); spot-check recommended; procedural_remedies none reported in PDF,M0308,extract_ebsco_on_hand_batch.py 2026-06-26,ai_autonomous
M0309,"Gan, Zhiyi (2024) - Organizational Benefits of Commuting Support: The Impact of Flexible Working Hou...","Gan, Zhiyi ; Gan, Jinhua ; Zhou, Zhiqing E. ; Tang, Hanying",2024,Social Indicators Research,10.1007/s11205-024-03378-9,Springer,Social Indicators Research,FALSE,,,,FALSE,,TRUE,TRUE,TRUE,FALSE,,ULMC,unmeasured latent method construct (ulmc),not reported,,FALSE,,,,,,TRUE,multisource_same_construct,TRUE,FALSE,FALSE,FALSE,,,,,,,,,,,,,,,,,,,FALSE,284,,5,,,FALSE,,,FALSE,,,,SPSS,,,,,,,AI-autonomous pre-fill (>=4 key fields); spot-check recommended; method_variance_pct not reported in PDF,M0309,extract_ebsco_on_hand_batch.py 2026-06-26,ai_autonomous
M0311,"Chen, Anni (2024) - Unleashing digital superheroes: Unravelling the empathy factor in digital compet...","Chen, Anni ; Li, Wei ; Fu, Weidong",2024,British Journal of Educational Technology,10.1111/bjet.13433,Wiley,British Journal of Educational Technology,FALSE,,,,FALSE,,TRUE,TRUE,TRUE,FALSE,,ULMC,unmeasured latent method construct (ulmc),not reported,,FALSE,,,,,,TRUE,anonymity,FALSE,FALSE,FALSE,FALSE,,,,,,,,TRUE,,,,,,,,,,,FALSE,40,,17,,,FALSE,,,FALSE,,,CB-SEM,Mplus,,,,,,,AI-autonomous pre-fill (>=4 key fields); spot-check recommended; method_variance_pct not reported in PDF,M0311,extract_ebsco_on_hand_batch.py 2026-06-26,ai_autonomous
M0314,"Azpíroz-Dorronsoro, Carla (2024) - Technostress and work-family conflict in ICT-user employees during the COVID-19 ...","Azpíroz-Dorronsoro, Carla ; Fernández-Muñiz, Beatriz ; Montes-Peón, José Manuel ; Vázquez-Ordás, Camilo José",2024,Behaviour & Information Technology,10.1080/0144929x.2023.2220051,Taylor & Francis,Behaviour & Information Technology,FALSE,,,,FALSE,,TRUE,TRUE,TRUE,FALSE,,ULMC; Harman single factor test,unmeasured latent method construct (ulmc); Harman's single factor test,not reported,9.0,TRUE,,,,,,TRUE,anonymity; item pretesting; procedural remedies cited,FALSE,FALSE,FALSE,FALSE,,,,,,,,,,,,,,,,,,,FALSE,1037,,5,,not a concern - CMB is not a problem,FALSE,,,FALSE,,,,SPSS,,,,,,,AI-autonomous pre-fill (>=4 key fields); spot-check recommended; method_variance_pct not reported in PDF,M0314,extract_ebsco_on_hand_batch.py 2026-06-26,ai_autonomous
M0317,"Lhaden, Karma (2025) - Why do I (not) trust my employees? Predicting factors for leaders' trust in empl...","Lhaden, Karma ; Dimas, Isabel D.",2025,International Studies of Management & Organization,10.1080/00208825.2024.2441619,Taylor & Francis,International Studies of Management & Organization,FALSE,,,,FALSE,,TRUE,TRUE,TRUE,FALSE,,ULMC,unmeasured latent method construct (ulmc),not reported,,FALSE,,,,,,TRUE,anonymity; temporal separation; item pretesting,FALSE,FALSE,FALSE,FALSE,,,,,,,,,,,,,,,,,,,FALSE,72,,,,not a concern - method bias is not a serious,FALSE,,,FALSE,,,,Stata,,,,,,,AI-autonomous pre-fill (>=4 key fields); spot-check recommended; method_variance_pct not reported in PDF,M0317,extract_ebsco_on_hand_batch.py 2026-06-26,ai_autonomous
M0318,"Ding, Chen (2025) - When and Why Negative Supervisor Gossip Yields Functional and Dysfunctional Cons...","Ding, Chen ; Su, Mengting ; Pei, Jialiang ; Zhu, Cherrie Jiuhua ; Zhao, Shuming",2025,Journal of Business Ethics,10.1007/s10551-024-05900-y,Springer,Journal of Business Ethics,FALSE,,,,NA,,TRUE,TRUE,TRUE,FALSE,,ULMC; Harman single factor test,unmeasured latent method construct (ulmc); Harman's single factor test,not reported,22.81,TRUE,,,,,,TRUE,anonymity; temporal separation; attention checks; distinct_sources_other,FALSE,FALSE,TRUE,FALSE,,,,,,,,,,,,,,,,,,,FALSE,467,,,,,FALSE,,,TRUE,,,CB-SEM,Mplus,,,,,,,AI-autonomous pre-fill (>=4 key fields); spot-check recommended; method_variance_pct not reported in PDF,M0318,extract_ebsco_on_hand_batch.py 2026-06-26,ai_autonomous
M0319,"Ye, Yijiao (2025) - From Deception to Rejection: Unraveling the Impact of Workplace Cheating Behavio...","Ye, Yijiao ; Wu, Long-Zeng ; Kwan, Ho Kwong ; Liu, Xinyu",2025,Journal of Business Ethics,10.1007/s10551-024-05881-y,Springer,Journal of Business Ethics,FALSE,,,,NA,,TRUE,TRUE,TRUE,FALSE,,ULMC,unmeasured latent method construct (ulmc),not reported,,FALSE,,,,,,TRUE,temporal separation; attention checks; distinct_sources_other,FALSE,FALSE,TRUE,FALSE,,,,,,,,TRUE,,,,,,,,,,,FALSE,459,,10,,not a concern - method variance should not significant,FALSE,,,FALSE,,,CB-SEM,AMOS,,,,,,,AI-autonomous pre-fill (>=4 key fields); spot-check recommended; method_variance_pct not reported in PDF,M0319,extract_ebsco_on_hand_batch.py 2026-06-26,ai_autonomous
M0324,"Kunyan, Wang (2025) - The threshold moderating effect of self-efficacy: a nonlinear transformation mec...","Kunyan, Wang ; Miao, Tan",2025,Frontiers in Psychology,10.3389/fpsyg.2025.1667520,Frontiers,Frontiers in Psychology,FALSE,,,,FALSE,,TRUE,TRUE,TRUE,FALSE,,ULMC,unmeasured latent method construct (ulmc),not reported,7.0,TRUE,,,,,,TRUE,anonymity; temporal separation; item pretesting; distinct_sources_other,FALSE,FALSE,TRUE,FALSE,,,,,,,,,,,,,,TRUE,,,,,FALSE,1384,2,14,7.0,,FALSE,,,FALSE,,,,R,,,,,,,AI-autonomous pre-fill (>=4 key fields); spot-check recommended; method_variance_pct not reported in PDF,M0324,extract_ebsco_on_hand_batch.py 2026-06-26,ai_autonomous
M0325,"Wei, Wei (2025) - Online Fitness Content as a behavioral catalyst: extending the Theory of Planned...","Wei, Wei ; Su, Ronghai ; Lin, Chen ; Meng, Meng ; Zheng, Rongrong",2025,Frontiers in Psychology,10.3389/fpsyg.2025.1575832,Frontiers,Frontiers in Psychology,FALSE,,,,FALSE,,TRUE,TRUE,TRUE,FALSE,,ULMC; Harman single factor test,unmeasured latent method construct (ulmc); Harman's single factor test,not reported,95.0,TRUE,,,,,,TRUE,anonymity,FALSE,FALSE,FALSE,FALSE,,,,TRUE,TRUE,5.775,,TRUE,,,,,,,,TRUE,,,FALSE,215,9,6,0.67,not a concern - method bias was not a substantial,TRUE,no improvement in model fit with ULMC,,FALSE,,,CB-SEM,AMOS,,,,,,,AI-autonomous pre-fill (>=4 key fields); spot-check recommended; method_variance_pct not reported in PDF,M0325,extract_ebsco_on_hand_batch.py 2026-06-26,ai_autonomous
M0400,"Hu, Xinyu (2019) - Disconnecting to Detach: The Role of Impaired Recovery in Negative Consequences ...","Hu, Xinyu ; Santuzzi, Alecia M. ; Barber, Larissa K.",2019,Revista de Psicologia del Trabajo y de Las Organizaciones,10.5093/jwop2019a2,NA,Revista de Psicologia del Trabajo y de Las Organizaciones,FALSE,,,,FALSE,,TRUE,TRUE,TRUE,FALSE,,ULMC,unmeasured latent method construct (ulmc),not reported,,FALSE,,,,,,TRUE,distinct_sources_other,FALSE,FALSE,TRUE,FALSE,,,,TRUE,TRUE,41.747,,,,,,,,,,TRUE,,,FALSE,233,,,,,FALSE,,,FALSE,,,CB-SEM,Mplus,,,,,,,AI-autonomous pre-fill (>=4 key fields); spot-check recommended; method_variance_pct not reported in PDF,M0400,extract_ebsco_on_hand_batch.py 2026-06-26,ai_autonomous
M0679,"Schmitt, Neal (2018) - An Ideal Student Factor and the validity of noncognitive measures of student pot...","Schmitt, Neal; Bradburn, Jacob C.;",2018,International Journal of Selection & Assessment,10.1111/ijsa.12221,Wiley,International Journal of Selection & Assessment,FALSE,,,,FALSE,,TRUE,TRUE,TRUE,FALSE,,ULMC,unmeasured latent method construct (ulmc),9.0,,FALSE,,,,,,TRUE,temporal separation,FALSE,FALSE,FALSE,TRUE,,,,TRUE,,,,,,,,,,,,,,,FALSE,781,,12,,,FALSE,,,FALSE,,,CB-SEM,Mplus,,,,,,,AI-autonomous pre-fill (>=4 key fields); spot-check recommended,M0679,extract_ebsco_on_hand_batch.py 2026-06-26,ai_autonomous
M0326,"Zhang, Xiaozhu (2025) - Protecting work engagement from digital fatigue: the contingent roles of leaders...","Zhang, Xiaozhu ; Deng, Guangkuan",2025,Frontiers in Psychology,10.3389/fpsyg.2025.1645057,Frontiers,Frontiers in Psychology,FALSE,,,,TRUE,"1 and Guangkuan Deng 2* 1 Chengdu Academy of Social Sciences, Chengdu, China, 2 School of Economics and Management, Southwest University of Science and Technology, Mianyang, China The growing digitalization of work has reshaped employ",TRUE,TRUE,TRUE,FALSE,,ULMC; Harman single factor test,unmeasured latent method construct (ulmc); Harman's single factor test,not reported,5.0,TRUE,,,,,,TRUE,counterbalancing; attention checks,FALSE,FALSE,FALSE,FALSE,,,,,,,,,,,,,,,,,,,FALSE,339,,,,concern - CMB in this study is minimal,FALSE,,,TRUE,,,,R,,,,,,,AI-autonomous pre-fill (>=4 key fields); spot-check recommended; method_variance_pct not reported in PDF,M0326,extract_ebsco_on_hand_batch.py 2026-06-26,ai_autonomous
M0327,"Liu, Xi (2025) - The impact of mission valence on innovative work behavior among civil servants: ...","Liu, Xi ; Zhang, Shaobo ; Huang, Qian",2025,Frontiers in Psychology,10.3389/fpsyg.2025.1722923,Frontiers,Frontiers in Psychology,FALSE,,,,FALSE,,TRUE,TRUE,TRUE,FALSE,,ULMC; Harman single factor test,unmeasured latent method construct (ulmc); Harman's single factor test,not reported,71.57,TRUE,,,,,,TRUE,temporal separation; item pretesting; procedural remedies cited; distinct_sources_other,FALSE,FALSE,TRUE,FALSE,,,,,,,,,,,,,,,,,,,FALSE,456,,7,,,TRUE,procedural remedies employed,,FALSE,,,CB-SEM,AMOS,,,,,,,AI-autonomous pre-fill (>=4 key fields); spot-check recommended; method_variance_pct not reported in PDF,M0327,extract_ebsco_on_hand_batch.py 2026-06-26,ai_autonomous
M0720,"Mollet, Marie Charlotte (2026) - Organizational Dehumanization, Perceived Stress, and Patient Depersonalization i...","Mollet, Marie Charlotte ; Zerhouni, Oulmann ; Isnard Bagnis, Corinne ; Romo, Lucia ; Fontenot, Justin",2026,Journal of Nursing Management,10.1155/jonm/2207579,NA,Journal of Nursing Management,FALSE,,,,FALSE,,TRUE,TRUE,TRUE,FALSE,,ULMC; Harman single factor test; Lindell & Whitney marker variable,unmeasured latent method construct (ulmc); Harman's single factor test,not reported,25.6,TRUE,,,,,,TRUE,anonymity; distinct_sources_other,FALSE,FALSE,TRUE,FALSE,,,,TRUE,TRUE,626.0,,,,,,TRUE,,,,TRUE,,TRUE,FALSE,291,,11,,,FALSE,,,FALSE,,,CB-SEM,R,,,,,,,AI-autonomous pre-fill (>=4 key fields); spot-check recommended; method_variance_pct not reported in PDF,M0720,extract_ebsco_on_hand_batch.py 2026-06-26,ai_autonomous
M0737,"Dimas, Isabel Dórdio (2023) - Paths to Team Success: A Configurational Analysis of Team Effectiveness.","Dimas, Isabel Dórdio ; Torres, Pedro ; Rebelo, Teresa ; Lourenço, Paulo Renato",2023,Human Performance,10.1080/08959285.2023.2222272,Taylor & Francis,Human Performance,FALSE,,,,FALSE,,TRUE,TRUE,TRUE,FALSE,,ULMC,unmeasured latent method construct (ulmc),not reported,,FALSE,,,,,,TRUE,anonymity; temporal separation; distinct_sources_other,FALSE,FALSE,TRUE,FALSE,,,,,,,,,,,,,,,,,,,FALSE,82,,165,,,FALSE,,,FALSE,,,CB-SEM,AMOS,,,,,,,Automated pre-fill; requires human verification; method_variance_pct not reported in PDF,M0737,extract_ebsco_on_hand_batch.py 2026-06-30,
M0739,"Chen, Yanhong (2025) - Leader humility and employee proactivity: sequential affective mediation and the...","Chen, Yanhong ; Zhao, Jingshi ; Jin, Meifen ; Lan, Xiaoyun",2025,Frontiers in Psychology,10.3389/fpsyg.2025.1592148,Frontiers,Frontiers in Psychology,FALSE,,,,TRUE,"self-efficacy Yanhong Chen 1*, Jingshi Zhao 2, Meifen Jin 3 and Xiaoyun Lan 4 1 College of Business Administration, Huaqiao University, Quanzhou, Fujian, China, 2 College of Computing, City University of Hong Kong, Hong; hina, 2 College of Computing, City University of Hong Kong, Hong Kong, China, 3 College of Business Administration, Zhongnan University of Economics and Law, Wuhan, Hubei, China, 4 College of Management, Shanghai Univer; dministration, Zhongnan University of Economics and Law, W",TRUE,TRUE,TRUE,FALSE,,ULMC,unmeasured latent method construct (ulmc),not reported,,FALSE,,,,,,TRUE,anonymity; distinct_sources_other,FALSE,FALSE,TRUE,FALSE,,,,,,,,TRUE,,,,,,,,,,,FALSE,80,,14,,,FALSE,,,FALSE,,,CB-SEM,Mplus,,,,,,,AI-autonomous pre-fill (>=4 key fields); spot-check recommended; method_variance_pct not reported in PDF,M0739,extract_ebsco_on_hand_batch.py 2026-06-30,ai_autonomous
M0745,"Wu, Hao (2025) - The Role of Psychological Contract Breach and Leader-Member Exchange in Sadism a...","Wu, Hao ; Subramaniam, Anusuiya ; Rahamat, Syafiqah",2025,SAGE Open,10.1177/21582440251376462,SAGE,SAGE Open,FALSE,,,,NA,,TRUE,TRUE,FALSE,TRUE,,ULMC,unmeasured latent method construct (ulmc),not reported,,FALSE,,,,,,TRUE,anonymity; temporal separation; counterbalancing,FALSE,FALSE,FALSE,FALSE,,,,,,,,,,,,,,,,,,,FALSE,350,4,5,1.25,,FALSE,,,FALSE,,,PLS-SEM,AMOS,,,,,,,Automated pre-fill; requires human verification; method_variance_pct not reported in PDF,M0745,extract_ebsco_on_hand_batch.py 2026-06-30,
M0746,"Li, Wenzhen (2024) - Why Do Nurses Work While Sick? An Exploratory Study of Nurse Leaders' Cognitive ...","Li, Wenzhen ; Wang, Wei ; Shan, Geyan ; Wang, Hongxia ; Guo, Shujie ; Li, Yongxin ; Xu, Haibo",2024,Journal of Nursing Management,10.1155/2024/5522654,NA,Journal of Nursing Management,FALSE,,,,FALSE,,TRUE,TRUE,TRUE,FALSE,,ULMC,unmeasured latent method construct (ulmc),not reported,,FALSE,,,,,,TRUE,anonymity,FALSE,FALSE,FALSE,FALSE,,,,,,,,,,,,,,,,,,,FALSE,,,11,,,FALSE,,,FALSE,,,CB-SEM,Mplus,,,,,,,Automated pre-fill; requires human verification; method_variance_pct not reported in PDF,M0746,extract_ebsco_on_hand_batch.py 2026-06-30,
